ISO-10303-21;
HEADER;
FILE_DESCRIPTION (( 'STEP AP214' ),
    '1' );
FILE_NAME ('74LVC1G157GV,125.STEP',
    '2023-12-15T07:08:11',
    ( '' ),
    ( '' ),
    'SwSTEP 2.0',
    'SolidWorks 2021',
    '' );
FILE_SCHEMA (( 'AUTOMOTIVE_DESIGN' ));
ENDSEC;

DATA;
#1 = PLANE ( 'NONE',  #670 ) ;
#2 = EDGE_LOOP ( 'NONE', ( #907, #2140, #2137, #1903 ) ) ;
#3 = DIRECTION ( 'NONE',  ( -0.000000000000000000, -0.000000000000000000, -1.000000000000000000 ) ) ;
#4 = DIRECTION ( 'NONE',  ( -7.434529182757748747E-15, 1.000000000000000000, 0.000000000000000000 ) ) ;
#5 = DIRECTION ( 'NONE',  ( 0.9875184002197689992, 0.1575036800439535145, 0.000000000000000000 ) ) ;
#6 = ORIENTED_EDGE ( 'NONE', *, *, #2595, .F. ) ;
#7 = CARTESIAN_POINT ( 'NONE',  ( -0.9844267569670314133, 0.2373897609551982868, 0.1250000000000004441 ) ) ;
#8 = EDGE_LOOP ( 'NONE', ( #2346, #950, #1374, #1162 ) ) ;
#9 = FACE_OUTER_BOUND ( 'NONE', #31, .T. ) ;
#10 = EDGE_CURVE ( 'NONE', #1268, #2693, #102, .T. ) ;
#11 = PLANE ( 'NONE',  #1648 ) ;
#12 = STYLED_ITEM ( 'NONE', ( #2377 ), #2838 ) ;
#13 = ADVANCED_FACE ( 'NONE', ( #1693 ), #2602, .F. ) ;
#14 = CARTESIAN_POINT ( 'NONE',  ( 0.6249999999999996669, 0.6500000000000000222, -0.7749999999999995781 ) ) ;
#15 = VERTEX_POINT ( 'NONE', #2448 ) ;
#16 = LINE ( 'NONE', #2043, #853 ) ;
#17 = CARTESIAN_POINT ( 'NONE',  ( -0.9844267569670314133, 0.2373897609551982868, -0.5249999999999995781 ) ) ;
#18 = DIRECTION ( 'NONE',  ( -0.000000000000000000, 0.000000000000000000, 1.000000000000000000 ) ) ;
#19 = ORIENTED_EDGE ( 'NONE', *, *, #1332, .F. ) ;
#20 = LINE ( 'NONE', #867, #714 ) ;
#21 = VECTOR ( 'NONE', #438, 1000.000000000000000 ) ;
#22 = VECTOR ( 'NONE', #2191, 1000.000000000000000 ) ;
#23 = ORIENTED_EDGE ( 'NONE', *, *, #356, .T. ) ;
#24 = FACE_OUTER_BOUND ( 'NONE', #2591, .T. ) ;
#25 = STYLED_ITEM ( 'NONE', ( #1673 ), #1808 ) ;
#26 = AXIS2_PLACEMENT_3D ( 'NONE', #1110, #898, #2661 ) ;
#27 = AXIS2_PLACEMENT_3D ( 'NONE', #1407, #2293, #313 ) ;
#28 = LINE ( 'NONE', #2273, #1963 ) ;
#29 = ADVANCED_FACE ( 'NONE', ( #24 ), #1102, .F. ) ;
#30 = ADVANCED_FACE ( 'NONE', ( #1760 ), #2469, .F. ) ;
#31 = EDGE_LOOP ( 'NONE', ( #2742, #1793, #986, #2006 ) ) ;
#32 = LINE ( 'NONE', #455, #2200 ) ;
#33 = CARTESIAN_POINT ( 'NONE',  ( -1.050000000000001377, -2.475995625340219932E-20, 0.5250000000000003553 ) ) ;
#34 = DIRECTION ( 'NONE',  ( -1.000000000000000000, 0.000000000000000000, 0.000000000000000000 ) ) ;
#35 = EDGE_CURVE ( 'NONE', #38, #2797, #1314, .T. ) ;
#36 = ORIENTED_EDGE ( 'NONE', *, *, #551, .F. ) ;
#37 = LINE ( 'NONE', #1758, #767 ) ;
#38 = VERTEX_POINT ( 'NONE', #1334 ) ;
#39 = DIRECTION ( 'NONE',  ( 0.1575036800439534590, -0.9875184002197689992, 0.000000000000000000 ) ) ;
#40 = ADVANCED_FACE ( 'NONE', ( #2691 ), #2873, .F. ) ;
#41 = CARTESIAN_POINT ( 'NONE',  ( 0.6866110369285715054, 0.5974368559923075583, 0.7750000000000003553 ) ) ;
#42 = ORIENTED_EDGE ( 'NONE', *, *, #2635, .F. ) ;
#43 = CARTESIAN_POINT ( 'NONE',  ( -0.5617566243839233753, 1.099999999999999645, -0.9999999999999995559 ) ) ;
#44 = PLANE ( 'NONE',  #426 ) ;
#45 = DIRECTION ( 'NONE',  ( -0.000000000000000000, -0.000000000000000000, -1.000000000000000000 ) ) ;
#46 = ORIENTED_EDGE ( 'NONE', *, *, #1795, .F. ) ;
#47 = LINE ( 'NONE', #1816, #2287 ) ;
#48 = DIRECTION ( 'NONE',  ( 0.000000000000000000, 0.000000000000000000, 1.000000000000000000 ) ) ;
#49 = EDGE_CURVE ( 'NONE', #1750, #2584, #1557, .T. ) ;
#50 = ORIENTED_EDGE ( 'NONE', *, *, #2399, .T. ) ;
#51 = CARTESIAN_POINT ( 'NONE',  ( 0.9844267569670318574, 0.1749999999999994338, 0.7750000000000003553 ) ) ;
#52 = ORIENTED_EDGE ( 'NONE', *, *, #1574, .F. ) ;
#53 = VECTOR ( 'NONE', #2755, 1000.000000000000114 ) ;
#54 = CARTESIAN_POINT ( 'NONE',  ( -0.6249999999999996669, 0.8249999999999999556, 0.1250000000000004441 ) ) ;
#55 = ORIENTED_EDGE ( 'NONE', *, *, #2177, .T. ) ;
#56 = PRESENTATION_STYLE_ASSIGNMENT (( #1841 ) ) ;
#57 = DIRECTION ( 'NONE',  ( 0.000000000000000000, -0.000000000000000000, -1.000000000000000000 ) ) ;
#58 = CARTESIAN_POINT ( 'NONE',  ( -0.6249999999999996669, 0.6500000000000000222, -0.5249999999999995781 ) ) ;
#59 = ORIENTED_EDGE ( 'NONE', *, *, #2176, .T. ) ;
#60 = CARTESIAN_POINT ( 'NONE',  ( -0.5617566243839233753, 1.099999999999999645, 1.000000000000000222 ) ) ;
#61 = CARTESIAN_POINT ( 'NONE',  ( -0.6004053539270811646, 0.8249999999999998446, 0.7750000000000003553 ) ) ;
#62 = DIRECTION ( 'NONE',  ( -0.1575036800439534590, -0.9875184002197689992, 0.000000000000000000 ) ) ;
#63 = EDGE_CURVE ( 'NONE', #2082, #870, #2203, .T. ) ;
#64 = EDGE_CURVE ( 'NONE', #1190, #1241, #671, .T. ) ;
#65 = ORIENTED_EDGE ( 'NONE', *, *, #664, .F. ) ;
#66 = CLOSED_SHELL ( 'NONE', ( #1906, #291, #2634, #2245, #1114, #1960, #1301, #774, #802, #1748, #1305, #2809, #40 ) ) ;
#67 = DIRECTION ( 'NONE',  ( 0.000000000000000000, -0.000000000000000000, -1.000000000000000000 ) ) ;
#68 = AXIS2_PLACEMENT_3D ( 'NONE', #874, #1503, #1089 ) ;
#69 = AXIS2_PLACEMENT_3D ( 'NONE', #430, #1142, #918 ) ;
#70 = ORIENTED_EDGE ( 'NONE', *, *, #122, .F. ) ;
#71 = CIRCLE ( 'NONE', #1780, 0.1191403028739743825 ) ;
#72 = AXIS2_PLACEMENT_3D ( 'NONE', #1210, #994, #557 ) ;
#73 = FACE_OUTER_BOUND ( 'NONE', #1849, .T. ) ;
#74 = AXIS2_PLACEMENT_3D ( 'NONE', #238, #18, #2676 ) ;
#75 = VERTEX_POINT ( 'NONE', #2230 ) ;
#76 = VECTOR ( 'NONE', #1933, 1000.000000000000114 ) ;
#77 = CARTESIAN_POINT ( 'NONE',  ( -0.6249999999999996669, 0.6500000000000000222, 0.1250000000000004441 ) ) ;
#78 = CARTESIAN_POINT ( 'NONE',  ( 0.7500000000000001110, 0.2000000000000000389, 0.5250000000000003553 ) ) ;
#79 = EDGE_LOOP ( 'NONE', ( #751, #485, #1297, #458 ) ) ;
#80 = DIRECTION ( 'NONE',  ( 0.1575036800439534590, 0.9875184002197689992, 0.000000000000000000 ) ) ;
#81 = DIRECTION ( 'NONE',  ( -1.000000000000000000, 0.000000000000000000, 0.000000000000000000 ) ) ;
#82 = FACE_OUTER_BOUND ( 'NONE', #1663, .T. ) ;
#83 = EDGE_LOOP ( 'NONE', ( #1525, #448, #295, #2457 ) ) ;
#84 = DIRECTION ( 'NONE',  ( -1.000000000000000000, 0.000000000000000000, 0.000000000000000000 ) ) ;
#85 = EDGE_CURVE ( 'NONE', #1190, #1323, #2259, .T. ) ;
#86 = ORIENTED_EDGE ( 'NONE', *, *, #1888, .T. ) ;
#87 = CARTESIAN_POINT ( 'NONE',  ( -0.6249999999999996669, 0.8249999999999999556, -0.7749999999999995781 ) ) ;
#88 = ORIENTED_EDGE ( 'NONE', *, *, #1761, .T. ) ;
#89 = CARTESIAN_POINT ( 'NONE',  ( -0.7500000000000001110, 0.2000000000000000389, -0.1249999999999995698 ) ) ;
#90 = DIRECTION ( 'NONE',  ( 1.000000000000000000, 0.000000000000000000, 0.000000000000000000 ) ) ;
#91 = DIRECTION ( 'NONE',  ( -0.000000000000000000, -0.000000000000000000, -1.000000000000000000 ) ) ;
#92 = EDGE_LOOP ( 'NONE', ( #666, #2112, #2701, #2444 ) ) ;
#93 = LINE ( 'NONE', #60, #2342 ) ;
#94 = DIRECTION ( 'NONE',  ( 1.000000000000000000, 0.000000000000000000, 0.000000000000000000 ) ) ;
#95 = CARTESIAN_POINT ( 'NONE',  ( -0.6866110369285715054, 0.5974368559923075583, -0.1249999999999995698 ) ) ;
#96 = PRODUCT_DEFINITION ( 'UNKNOWN', '', #798, #2254 ) ;
#97 = ORIENTED_EDGE ( 'NONE', *, *, #122, .T. ) ;
#98 = FACE_OUTER_BOUND ( 'NONE', #1215, .T. ) ;
#99 = ORIENTED_EDGE ( 'NONE', *, *, #1126, .T. ) ;
#100 = EDGE_CURVE ( 'NONE', #2737, #465, #260, .T. ) ;
#101 = DIRECTION ( 'NONE',  ( -0.000000000000000000, -0.000000000000000000, -1.000000000000000000 ) ) ;
#102 = LINE ( 'NONE', #1938, #1497 ) ;
#103 = FILL_AREA_STYLE_COLOUR ( '', #300 ) ;
#104 = PLANE ( 'NONE',  #2000 ) ;
#105 = STYLED_ITEM ( 'NONE', ( #2637 ), #223 ) ;
#106 = EDGE_LOOP ( 'NONE', ( #1975, #2872, #519, #2272 ) ) ;
#107 = DIRECTION ( 'NONE',  ( -0.000000000000000000, 0.000000000000000000, 1.000000000000000000 ) ) ;
#108 = DIRECTION ( 'NONE',  ( 0.000000000000000000, 0.000000000000000000, 1.000000000000000000 ) ) ;
#109 = CARTESIAN_POINT ( 'NONE',  ( 0.9844267569670314133, 0.2373897609551982868, 0.1250000000000004441 ) ) ;
#110 = ORIENTED_EDGE ( 'NONE', *, *, #1997, .F. ) ;
#111 = FACE_OUTER_BOUND ( 'NONE', #322, .T. ) ;
#112 = AXIS2_PLACEMENT_3D ( 'NONE', #1825, #1853, #1147 ) ;
#113 = ORIENTED_EDGE ( 'NONE', *, *, #632, .T. ) ;
#114 = DIRECTION ( 'NONE',  ( -0.000000000000000000, -0.000000000000000000, -1.000000000000000000 ) ) ;
#115 = VECTOR ( 'NONE', #1972, 999.9999999999998863 ) ;
#116 = VECTOR ( 'NONE', #1737, 1000.000000000000114 ) ;
#117 = VECTOR ( 'NONE', #971, 1000.000000000000000 ) ;
#118 = DIRECTION ( 'NONE',  ( 0.1391731009600656876, 0.9902680687415702510, -0.000000000000000000 ) ) ;
#119 = DIRECTION ( 'NONE',  ( -0.000000000000000000, -0.000000000000000000, -1.000000000000000000 ) ) ;
#120 = VECTOR ( 'NONE', #1341, 1000.000000000000000 ) ;
#121 = EDGE_CURVE ( 'NONE', #2489, #1109, #1125, .T. ) ;
#122 = EDGE_CURVE ( 'NONE', #1873, #1791, #1112, .T. ) ;
#123 = EDGE_LOOP ( 'NONE', ( #385, #648, #241, #1805 ) ) ;
#124 = LINE ( 'NONE', #2773, #2852 ) ;
#125 = CARTESIAN_POINT ( 'NONE',  ( 0.6249999999999996669, 0.5876102390448011414, -0.1249999999999995698 ) ) ;
#126 = SURFACE_SIDE_STYLE ('',( #2111 ) ) ;
#127 = EDGE_CURVE ( 'NONE', #422, #2495, #930, .T. ) ;
#128 = VERTEX_POINT ( 'NONE', #1806 ) ;
#129 = DIRECTION ( 'NONE',  ( -1.000000000000000000, -7.434529182757748747E-15, 0.000000000000000000 ) ) ;
#130 = ORIENTED_EDGE ( 'NONE', *, *, #2247, .F. ) ;
#131 = CARTESIAN_POINT ( 'NONE',  ( -0.9844267569670318574, 0.1749999999999994338, -0.1249999999999995698 ) ) ;
#132 = CYLINDRICAL_SURFACE ( 'NONE', #2056, 0.2373897609551987586 ) ;
#133 = CARTESIAN_POINT ( 'NONE',  ( 0.9228157200384597969, 0.2275631440076917589, -0.5249999999999995781 ) ) ;
#134 = ORIENTED_EDGE ( 'NONE', *, *, #2574, .F. ) ;
#135 = SURFACE_STYLE_FILL_AREA ( #817 ) ;
#136 = DIRECTION ( 'NONE',  ( -0.000000000000000000, -0.000000000000000000, -1.000000000000000000 ) ) ;
#137 = PLANE ( 'NONE',  #1051 ) ;
#138 = ORIENTED_EDGE ( 'NONE', *, *, #1583, .T. ) ;
#139 = CARTESIAN_POINT ( 'NONE',  ( 0.6249999999999997780, 0.6500000000000000222, -0.9999999999999997780 ) ) ;
#140 = VERTEX_POINT ( 'NONE', #702 ) ;
#141 = DIRECTION ( 'NONE',  ( 1.000000000000000000, 0.000000000000000000, -0.000000000000000000 ) ) ;
#142 = FACE_OUTER_BOUND ( 'NONE', #835, .T. ) ;
#143 = CARTESIAN_POINT ( 'NONE',  ( 0.6866110369285715054, 0.5974368559923075583, -0.5249999999999995781 ) ) ;
#144 = ORIENTED_EDGE ( 'NONE', *, *, #2126, .F. ) ;
#145 = CARTESIAN_POINT ( 'NONE',  ( -0.3325082496721913916, 0.9999999999999995559, -0.7657701508415083458 ) ) ;
#146 = MECHANICAL_DESIGN_GEOMETRIC_PRESENTATION_REPRESENTATION (  '', ( #1399 ), #2190 ) ;
#147 = DIRECTION ( 'NONE',  ( -0.000000000000000000, -0.000000000000000000, -1.000000000000000000 ) ) ;
#148 = FILL_AREA_STYLE_COLOUR ( '', #2108 ) ;
#149 = COLOUR_RGB ( '',0.7921568627450980005, 0.8196078431372548767, 0.9333333333333333481 ) ;
#150 = ORIENTED_EDGE ( 'NONE', *, *, #2051, .T. ) ;
#151 = LINE ( 'NONE', #1922, #1322 ) ;
#152 = EDGE_CURVE ( 'NONE', #2141, #2414, #1582, .T. ) ;
#153 = EDGE_CURVE ( 'NONE', #2645, #510, #2038, .T. ) ;
#154 = VERTEX_POINT ( 'NONE', #1155 ) ;
#155 = ORIENTED_EDGE ( 'NONE', *, *, #611, .T. ) ;
#156 = DIRECTION ( 'NONE',  ( 7.440397257356628543E-15, -1.000000000000000000, 0.000000000000000000 ) ) ;
#157 = CIRCLE ( 'NONE', #1048, 0.2373897609551988697 ) ;
#158 =( GEOMETRIC_REPRESENTATION_CONTEXT ( 3 ) GLOBAL_UNCERTAINTY_ASSIGNED_CONTEXT ( ( #2659 ) ) GLOBAL_UNIT_ASSIGNED_CONTEXT ( ( #2624, #1291, #2639 ) ) REPRESENTATION_CONTEXT ( 'NONE', 'WORKASPACE' ) );
#159 = CARTESIAN_POINT ( 'NONE',  ( 1.050000000000001377, -2.475995625340219932E-20, 0.7750000000000003553 ) ) ;
#160 = VECTOR ( 'NONE', #1796, 1000.000000000000000 ) ;
#161 = VECTOR ( 'NONE', #2702, 1000.000000000000000 ) ;
#162 = ORIENTED_EDGE ( 'NONE', *, *, #2224, .F. ) ;
#163 = CARTESIAN_POINT ( 'NONE',  ( 0.9228157200384597969, 0.2275631440076917589, -0.1249999999999995698 ) ) ;
#164 = VECTOR ( 'NONE', #1831, 1000.000000000000000 ) ;
#165 = FACE_OUTER_BOUND ( 'NONE', #2779, .T. ) ;
#166 = PRESENTATION_STYLE_ASSIGNMENT (( #2594 ) ) ;
#167 = AXIS2_PLACEMENT_3D ( 'NONE', #1364, #2196, #34 ) ;
#168 = ORIENTED_EDGE ( 'NONE', *, *, #280, .T. ) ;
#169 = CARTESIAN_POINT ( 'NONE',  ( -0.9844267569670318574, 0.1749999999999994893, 0.1250000000000004441 ) ) ;
#170 = AXIS2_PLACEMENT_3D ( 'NONE', #571, #2343, #94 ) ;
#171 = ORIENTED_EDGE ( 'NONE', *, *, #1905, .T. ) ;
#172 = VERTEX_POINT ( 'NONE', #1995 ) ;
#173 = ADVANCED_FACE ( 'NONE', ( #9 ), #901, .F. ) ;
#174 = DIRECTION ( 'NONE',  ( -0.000000000000000000, -0.000000000000000000, -1.000000000000000000 ) ) ;
#175 = DIRECTION ( 'NONE',  ( 0.9875184002197689992, -0.1575036800439534590, 0.000000000000000000 ) ) ;
#176 = DIRECTION ( 'NONE',  ( 0.000000000000000000, 0.000000000000000000, 1.000000000000000000 ) ) ;
#177 = VERTEX_POINT ( 'NONE', #1821 ) ;
#178 = LINE ( 'NONE', #2122, #1038 ) ;
#179 = FACE_OUTER_BOUND ( 'NONE', #2306, .T. ) ;
#180 =( NAMED_UNIT ( * ) SI_UNIT ( $, .STERADIAN. ) SOLID_ANGLE_UNIT ( ) );
#181 = VERTEX_POINT ( 'NONE', #716 ) ;
#182 = CARTESIAN_POINT ( 'NONE',  ( -0.9844267569670318574, 0.1749999999999994893, -0.5249999999999995781 ) ) ;
#183 = ORIENTED_EDGE ( 'NONE', *, *, #2186, .T. ) ;
#184 = ORIENTED_EDGE ( 'NONE', *, *, #2156, .F. ) ;
#185 = CARTESIAN_POINT ( 'NONE',  ( -0.9844267569670314133, 0.2373897609551982868, 0.7750000000000003553 ) ) ;
#186 = EDGE_CURVE ( 'NONE', #1260, #1154, #2704, .T. ) ;
#187 = CARTESIAN_POINT ( 'NONE',  ( -0.3325082496721913916, 0.9999999999999995559, -0.8849104537154827144 ) ) ;
#188 = ADVANCED_FACE ( 'NONE', ( #2069 ), #1202, .T. ) ;
#189 = ADVANCED_FACE ( 'NONE', ( #733 ), #1000, .T. ) ;
#190 = VERTEX_POINT ( 'NONE', #1214 ) ;
#191 = LINE ( 'NONE', #2367, #2619 ) ;
#192 = CARTESIAN_POINT ( 'NONE',  ( -0.9228157200384597969, 0.2275631440076917589, 0.7750000000000003553 ) ) ;
#193 = EDGE_LOOP ( 'NONE', ( #2183, #738, #1519, #310 ) ) ;
#194 = AXIS2_PLACEMENT_3D ( 'NONE', #1622, #568, #1173 ) ;
#195 = CARTESIAN_POINT ( 'NONE',  ( 0.6249999999999996669, 0.5876102390448011414, 0.1250000000000004441 ) ) ;
#196 = PRESENTATION_LAYER_ASSIGNMENT (  '', '', ( #105 ) ) ;
#197 = VERTEX_POINT ( 'NONE', #332 ) ;
#198 = VERTEX_POINT ( 'NONE', #2081 ) ;
#199 = CARTESIAN_POINT ( 'NONE',  ( 0.6249999999999997780, 0.6500000000000000222, -0.9999999999999997780 ) ) ;
#200 = CARTESIAN_POINT ( 'NONE',  ( 0.6249999999999996669, 0.5876102390448011414, 0.7750000000000003553 ) ) ;
#201 = DIRECTION ( 'NONE',  ( 1.000000000000000000, 4.408285320598016267E-15, 0.000000000000000000 ) ) ;
#202 = SURFACE_STYLE_USAGE ( .BOTH. , #1246 ) ;
#203 = STYLED_ITEM ( 'NONE', ( #1900 ), #843 ) ;
#204 = VERTEX_POINT ( 'NONE', #2546 ) ;
#205 = CARTESIAN_POINT ( 'NONE',  ( 0.9844267569670331897, -4.878909776184769953E-16, 0.1250000000000004441 ) ) ;
#206 = DIRECTION ( 'NONE',  ( 0.1391731009600656876, 0.9902680687415702510, -0.000000000000000000 ) ) ;
#207 = LINE ( 'NONE', #1623, #814 ) ;
#208 = EDGE_CURVE ( 'NONE', #1192, #1268, #2329, .T. ) ;
#209 = AXIS2_PLACEMENT_3D ( 'NONE', #1143, #1619, #1191 ) ;
#210 = CIRCLE ( 'NONE', #578, 0.2373897609551987586 ) ;
#211 = VECTOR ( 'NONE', #2205, 1000.000000000000000 ) ;
#212 = ORIENTED_EDGE ( 'NONE', *, *, #2278, .F. ) ;
#213 = VECTOR ( 'NONE', #1598, 1000.000000000000000 ) ;
#214 = LINE ( 'NONE', #1993, #537 ) ;
#215 = EDGE_CURVE ( 'NONE', #1948, #197, #1386, .T. ) ;
#216 = AXIS2_PLACEMENT_3D ( 'NONE', #1149, #2235, #1135 ) ;
#217 = VERTEX_POINT ( 'NONE', #2317 ) ;
#218 = CARTESIAN_POINT ( 'NONE',  ( 0.5617566243839240414, 1.099999999999999645, 1.000000000000000222 ) ) ;
#219 = CIRCLE ( 'NONE', #1005, 0.2373897609551988697 ) ;
#220 = CARTESIAN_POINT ( 'NONE',  ( -0.6249999999999996669, 0.8249999999999999556, 0.1250000000000004441 ) ) ;
#221 = FACE_OUTER_BOUND ( 'NONE', #2630, .T. ) ;
#222 = FACE_OUTER_BOUND ( 'NONE', #1451, .T. ) ;
#223 = ADVANCED_BREP_SHAPE_REPRESENTATION ( '74LVC1G157GV,125', ( #843, #889, #2838, #1863, #868, #2821, #928, #1808, #750 ), #1632 ) ;
#224 = EDGE_LOOP ( 'NONE', ( #344, #1437, #1433, #515 ) ) ;
#225 = LINE ( 'NONE', #641, #1685 ) ;
#226 = DIRECTION ( 'NONE',  ( 1.000000000000000000, 0.000000000000000000, 0.000000000000000000 ) ) ;
#227 = PLANE ( 'NONE',  #167 ) ;
#228 = EDGE_CURVE ( 'NONE', #301, #2768, #763, .T. ) ;
#229 = ORIENTED_EDGE ( 'NONE', *, *, #2032, .F. ) ;
#230 = LINE ( 'NONE', #2689, #2517 ) ;
#231 = VERTEX_POINT ( 'NONE', #345 ) ;
#232 = DIRECTION ( 'NONE',  ( 0.1391731009600657987, 0.9902680687415702510, 0.000000000000000000 ) ) ;
#233 = DIRECTION ( 'NONE',  ( 0.000000000000000000, 1.000000000000000000, 0.000000000000000000 ) ) ;
#234 = LINE ( 'NONE', #1105, #115 ) ;
#235 = ORIENTED_EDGE ( 'NONE', *, *, #551, .T. ) ;
#236 = LINE ( 'NONE', #2424, #21 ) ;
#237 = DIRECTION ( 'NONE',  ( -1.000000000000000000, -7.434529182757748747E-15, 0.000000000000000000 ) ) ;
#238 = CARTESIAN_POINT ( 'NONE',  ( 0.9844267569670314133, 0.2373897609551982868, -0.1249999999999995698 ) ) ;
#239 = EDGE_LOOP ( 'NONE', ( #1021, #1937, #2753, #1482, #1441, #2789, #1548, #1630, #2050, #1538, #2291 ) ) ;
#240 = CARTESIAN_POINT ( 'NONE',  ( 0.6249999999999996669, 0.6500000000000000222, 0.1250000000000004441 ) ) ;
#241 = ORIENTED_EDGE ( 'NONE', *, *, #2544, .F. ) ;
#242 = CARTESIAN_POINT ( 'NONE',  ( 0.6004053539270811646, 0.8249999999999998446, 0.7750000000000003553 ) ) ;
#243 = EDGE_CURVE ( 'NONE', #388, #2857, #490, .T. ) ;
#244 = ADVANCED_FACE ( 'NONE', ( #111 ), #1418, .F. ) ;
#245 = LINE ( 'NONE', #1721, #1919 ) ;
#246 = SURFACE_STYLE_FILL_AREA ( #1987 ) ;
#247 = ADVANCED_FACE ( 'NONE', ( #98 ), #780, .F. ) ;
#248 = VERTEX_POINT ( 'NONE', #1616 ) ;
#249 = CARTESIAN_POINT ( 'NONE',  ( 0.6866110369285715054, 0.5974368559923075583, -0.7749999999999995781 ) ) ;
#250 = LINE ( 'NONE', #1800, #1501 ) ;
#251 = VECTOR ( 'NONE', #724, 1000.000000000000000 ) ;
#252 = ORIENTED_EDGE ( 'NONE', *, *, #1410, .F. ) ;
#253 = DIRECTION ( 'NONE',  ( 0.000000000000000000, 1.000000000000000000, 0.000000000000000000 ) ) ;
#254 = VECTOR ( 'NONE', #2071, 1000.000000000000000 ) ;
#255 = AXIS2_PLACEMENT_3D ( 'NONE', #2820, #1719, #1794 ) ;
#256 = ADVANCED_FACE ( 'NONE', ( #1880 ), #2767, .F. ) ;
#257 = AXIS2_PLACEMENT_3D ( 'NONE', #842, #1035, #1240 ) ;
#258 = VECTOR ( 'NONE', #449, 1000.000000000000000 ) ;
#259 = ORIENTED_EDGE ( 'NONE', *, *, #1039, .F. ) ;
#260 = LINE ( 'NONE', #677, #1227 ) ;
#261 = CIRCLE ( 'NONE', #2856, 0.2373897609551987586 ) ;
#262 = AXIS2_PLACEMENT_3D ( 'NONE', #2155, #2386, #402 ) ;
#263 = AXIS2_PLACEMENT_3D ( 'NONE', #1239, #2326, #2123 ) ;
#264 = PLANE ( 'NONE',  #209 ) ;
#265 = EDGE_CURVE ( 'NONE', #2682, #1154, #1651, .T. ) ;
#266 = VERTEX_POINT ( 'NONE', #1894 ) ;
#267 = LINE ( 'NONE', #683, #656 ) ;
#268 = DIRECTION ( 'NONE',  ( -0.1575036800439534590, -0.9875184002197689992, 0.000000000000000000 ) ) ;
#269 = ORIENTED_EDGE ( 'NONE', *, *, #887, .T. ) ;
#270 = DIRECTION ( 'NONE',  ( -0.000000000000000000, -0.000000000000000000, -1.000000000000000000 ) ) ;
#271 = DIRECTION ( 'NONE',  ( 0.000000000000000000, -0.000000000000000000, -1.000000000000000000 ) ) ;
#272 = ORIENTED_EDGE ( 'NONE', *, *, #769, .T. ) ;
#273 = CARTESIAN_POINT ( 'NONE',  ( 0.9844267569670331897, -4.878909776184769953E-16, -0.1249999999999995698 ) ) ;
#274 = CARTESIAN_POINT ( 'NONE',  ( 0.6004053539270811646, 0.8249999999999998446, 0.7750000000000003553 ) ) ;
#275 = EDGE_CURVE ( 'NONE', #1121, #688, #2052, .T. ) ;
#276 = EDGE_LOOP ( 'NONE', ( #2503, #19, #2255, #387 ) ) ;
#277 = DIRECTION ( 'NONE',  ( -0.1575036800439535145, 0.9875184002197689992, 0.000000000000000000 ) ) ;
#278 = DIRECTION ( 'NONE',  ( 1.000000000000000000, -7.440019664986507137E-15, -0.000000000000000000 ) ) ;
#279 = DIRECTION ( 'NONE',  ( -0.000000000000000000, -0.000000000000000000, -1.000000000000000000 ) ) ;
#280 = EDGE_CURVE ( 'NONE', #1508, #1405, #305, .T. ) ;
#281 = EDGE_CURVE ( 'NONE', #2514, #1338, #2534, .T. ) ;
#282 = ORIENTED_EDGE ( 'NONE', *, *, #302, .F. ) ;
#283 = DIRECTION ( 'NONE',  ( 1.000000000000000000, -7.440397257356628543E-15, 0.000000000000000000 ) ) ;
#284 = DIRECTION ( 'NONE',  ( 1.000000000000000000, 0.000000000000000000, 0.000000000000000000 ) ) ;
#285 = CARTESIAN_POINT ( 'NONE',  ( -0.9844267569670318574, 0.1749999999999994893, -0.5249999999999995781 ) ) ;
#286 = EDGE_LOOP ( 'NONE', ( #1400, #1505, #709, #2089, #1830, #2586 ) ) ;
#287 = CARTESIAN_POINT ( 'NONE',  ( -1.050000000000001377, -2.475995625340219932E-20, 0.1250000000000004441 ) ) ;
#288 = ORIENTED_EDGE ( 'NONE', *, *, #1062, .F. ) ;
#289 = VECTOR ( 'NONE', #740, 1000.000000000000114 ) ;
#290 = CARTESIAN_POINT ( 'NONE',  ( -0.6249999999999996669, 0.5876102390448011414, 0.1250000000000004441 ) ) ;
#291 = ADVANCED_FACE ( 'NONE', ( #1836 ), #747, .F. ) ;
#292 = VERTEX_POINT ( 'NONE', #182 ) ;
#293 = FACE_OUTER_BOUND ( 'NONE', #2510, .T. ) ;
#294 = CARTESIAN_POINT ( 'NONE',  ( 1.050000000000001377, -2.475995625340219932E-20, 0.7750000000000003553 ) ) ;
#295 = ORIENTED_EDGE ( 'NONE', *, *, #379, .T. ) ;
#296 = EDGE_CURVE ( 'NONE', #2797, #422, #2128, .T. ) ;
#297 = FACE_OUTER_BOUND ( 'NONE', #92, .T. ) ;
#298 = LINE ( 'NONE', #61, #2616 ) ;
#299 = CARTESIAN_POINT ( 'NONE',  ( 0.6249999999999996669, 0.8249999999999999556, 0.1250000000000004441 ) ) ;
#300 = COLOUR_RGB ( '',0.2509803921568627416, 0.2509803921568627416, 0.2509803921568627416 ) ;
#301 = VERTEX_POINT ( 'NONE', #414 ) ;
#302 = EDGE_CURVE ( 'NONE', #2727, #1650, #2573, .T. ) ;
#303 = CARTESIAN_POINT ( 'NONE',  ( 0.6249999999999996669, 0.5876102390448011414, -0.5249999999999995781 ) ) ;
#304 = VECTOR ( 'NONE', #201, 1000.000000000000000 ) ;
#305 = CIRCLE ( 'NONE', #855, 0.1191403028739743825 ) ;
#306 = ORIENTED_EDGE ( 'NONE', *, *, #2548, .T. ) ;
#307 = VECTOR ( 'NONE', #1514, 1000.000000000000000 ) ;
#308 = CARTESIAN_POINT ( 'NONE',  ( 0.6249999999999997780, 0.6500000000000000222, -0.9999999999999997780 ) ) ;
#309 = CIRCLE ( 'NONE', #2709, 0.2373897609551987586 ) ;
#310 = ORIENTED_EDGE ( 'NONE', *, *, #1545, .T. ) ;
#311 = VECTOR ( 'NONE', #1223, 1000.000000000000000 ) ;
#312 = PLANE ( 'NONE',  #566 ) ;
#313 = DIRECTION ( 'NONE',  ( 0.000000000000000000, -0.000000000000000000, 1.000000000000000000 ) ) ;
#314 = EDGE_LOOP ( 'NONE', ( #2464, #1636, #1935, #900 ) ) ;
#315 = FACE_OUTER_BOUND ( 'NONE', #2836, .T. ) ;
#316 = FACE_OUTER_BOUND ( 'NONE', #79, .T. ) ;
#317 = CARTESIAN_POINT ( 'NONE',  ( -1.050000000000001377, -2.475995625340219932E-20, -0.5249999999999995781 ) ) ;
#318 = EDGE_CURVE ( 'NONE', #347, #790, #2371, .T. ) ;
#319 = ORIENTED_EDGE ( 'NONE', *, *, #1216, .T. ) ;
#320 = DIRECTION ( 'NONE',  ( -1.000000000000000000, 0.000000000000000000, 0.000000000000000000 ) ) ;
#321 = EDGE_CURVE ( 'NONE', #2214, #2258, #363, .T. ) ;
#322 = EDGE_LOOP ( 'NONE', ( #1757, #2518, #1058, #532 ) ) ;
#323 = CARTESIAN_POINT ( 'NONE',  ( 1.050000000000000044, 0.1749999999999999056, -0.1249999999999995698 ) ) ;
#324 = EDGE_LOOP ( 'NONE', ( #150, #144, #2468, #1056 ) ) ;
#325 = SURFACE_SIDE_STYLE ('',( #479 ) ) ;
#326 = CARTESIAN_POINT ( 'NONE',  ( 0.5617566243839234863, 1.099999999999999645, -0.9999999999999997780 ) ) ;
#327 = ORIENTED_EDGE ( 'NONE', *, *, #429, .F. ) ;
#328 = CARTESIAN_POINT ( 'NONE',  ( 0.9844267569670318574, 0.1749999999999994893, -0.1249999999999995698 ) ) ;
#329 = DIRECTION ( 'NONE',  ( -1.000000000000000000, 0.000000000000000000, 0.000000000000000000 ) ) ;
#330 = DIRECTION ( 'NONE',  ( 0.000000000000000000, 1.000000000000000000, 0.000000000000000000 ) ) ;
#331 = ORIENTED_EDGE ( 'NONE', *, *, #925, .T. ) ;
#332 = CARTESIAN_POINT ( 'NONE',  ( -1.050000000000001377, -2.475995625340219932E-20, -0.1249999999999995698 ) ) ;
#333 = ORIENTED_EDGE ( 'NONE', *, *, #2810, .F. ) ;
#334 = EDGE_CURVE ( 'NONE', #177, #197, #374, .T. ) ;
#335 = CARTESIAN_POINT ( 'NONE',  ( 0.9844267569670318574, 0.1749999999999994338, -0.1249999999999995698 ) ) ;
#336 = ADVANCED_FACE ( 'NONE', ( #574 ), #2347, .F. ) ;
#337 = AXIS2_PLACEMENT_3D ( 'NONE', #1656, #2739, #1668 ) ;
#338 = CARTESIAN_POINT ( 'NONE',  ( 0.8594267569670310802, 0.6249999999999994449, 0.1250000000000004441 ) ) ;
#339 = DIRECTION ( 'NONE',  ( 0.000000000000000000, 0.000000000000000000, 1.000000000000000000 ) ) ;
#340 = ORIENTED_EDGE ( 'NONE', *, *, #1818, .T. ) ;
#341 = CARTESIAN_POINT ( 'NONE',  ( -0.9844267569670318574, 0.1749999999999994338, 0.5250000000000003553 ) ) ;
#342 = FACE_OUTER_BOUND ( 'NONE', #1151, .T. ) ;
#343 = DIRECTION ( 'NONE',  ( 1.000000000000000000, 0.000000000000000000, 0.000000000000000000 ) ) ;
#344 = ORIENTED_EDGE ( 'NONE', *, *, #1850, .F. ) ;
#345 = CARTESIAN_POINT ( 'NONE',  ( -0.9228157200384597969, 0.2275631440076917589, -0.1249999999999995698 ) ) ;
#346 = VECTOR ( 'NONE', #2058, 1000.000000000000000 ) ;
#347 = VERTEX_POINT ( 'NONE', #169 ) ;
#348 = CARTESIAN_POINT ( 'NONE',  ( 0.6249999999999996669, 0.5876102390448011414, 0.7750000000000003553 ) ) ;
#349 = VECTOR ( 'NONE', #736, 1000.000000000000000 ) ;
#350 = VECTOR ( 'NONE', #1242, 1000.000000000000000 ) ;
#351 = VECTOR ( 'NONE', #406, 1000.000000000000000 ) ;
#352 = VECTOR ( 'NONE', #2415, 1000.000000000000000 ) ;
#353 = LINE ( 'NONE', #1435, #2703 ) ;
#354 = CARTESIAN_POINT ( 'NONE',  ( -0.6249999999999996669, 0.6500000000000000222, 1.000000000000000222 ) ) ;
#355 = AXIS2_PLACEMENT_3D ( 'NONE', #1392, #279, #1855 ) ;
#356 = EDGE_CURVE ( 'NONE', #1209, #2414, #1457, .T. ) ;
#357 = AXIS2_PLACEMENT_3D ( 'NONE', #600, #1476, #1055 ) ;
#358 = VERTEX_POINT ( 'NONE', #804 ) ;
#359 = CYLINDRICAL_SURFACE ( 'NONE', #1088, 0.06238976095519874199 ) ;
#360 = DIRECTION ( 'NONE',  ( -0.000000000000000000, -0.000000000000000000, -1.000000000000000000 ) ) ;
#361 = SURFACE_SIDE_STYLE ('',( #1704 ) ) ;
#362 = ORIENTED_EDGE ( 'NONE', *, *, #1039, .T. ) ;
#363 = LINE ( 'NONE', #2585, #535 ) ;
#364 = VERTEX_POINT ( 'NONE', #139 ) ;
#365 = DIRECTION ( 'NONE',  ( -1.000000000000000000, 4.408285320598016267E-15, -0.000000000000000000 ) ) ;
#366 = CYLINDRICAL_SURFACE ( 'NONE', #1644, 0.06238976095519874199 ) ;
#367 = VERTEX_POINT ( 'NONE', #2402 ) ;
#368 =( NAMED_UNIT ( * ) PLANE_ANGLE_UNIT ( ) SI_UNIT ( $, .RADIAN. ) );
#369 = DIRECTION ( 'NONE',  ( -7.434529182757748747E-15, 1.000000000000000000, 0.000000000000000000 ) ) ;
#370 = LINE ( 'NONE', #2124, #1001 ) ;
#371 = EDGE_CURVE ( 'NONE', #1750, #832, #210, .T. ) ;
#372 = EDGE_CURVE ( 'NONE', #1064, #190, #1689, .T. ) ;
#373 = EDGE_LOOP ( 'NONE', ( #1283, #672, #1892, #235 ) ) ;
#374 = LINE ( 'NONE', #1069, #350 ) ;
#375 = ORIENTED_EDGE ( 'NONE', *, *, #548, .F. ) ;
#376 = ORIENTED_EDGE ( 'NONE', *, *, #737, .F. ) ;
#377 = LINE ( 'NONE', #576, #1738 ) ;
#378 = CARTESIAN_POINT ( 'NONE',  ( 0.6249999999999996669, 0.5876102390448011414, 0.1250000000000004441 ) ) ;
#379 = EDGE_CURVE ( 'NONE', #172, #1064, #1037, .T. ) ;
#380 = ORIENTED_EDGE ( 'NONE', *, *, #2120, .F. ) ;
#381 = LINE ( 'NONE', #2607, #1916 ) ;
#382 = CIRCLE ( 'NONE', #1485, 0.06238976095519874199 ) ;
#383 = PLANE ( 'NONE',  #541 ) ;
#384 =( GEOMETRIC_REPRESENTATION_CONTEXT ( 3 ) GLOBAL_UNCERTAINTY_ASSIGNED_CONTEXT ( ( #1329 ) ) GLOBAL_UNIT_ASSIGNED_CONTEXT ( ( #2352, #2144, #1700 ) ) REPRESENTATION_CONTEXT ( 'NONE', 'WORKASPACE' ) );
#385 = ORIENTED_EDGE ( 'NONE', *, *, #1570, .T. ) ;
#386 = DIRECTION ( 'NONE',  ( -1.000000000000000000, 7.440397257356628543E-15, 0.000000000000000000 ) ) ;
#387 = ORIENTED_EDGE ( 'NONE', *, *, #992, .T. ) ;
#388 = VERTEX_POINT ( 'NONE', #2138 ) ;
#389 = CARTESIAN_POINT ( 'NONE',  ( -0.6866110369285715054, 0.5974368559923075583, 0.5250000000000003553 ) ) ;
#390 = DIRECTION ( 'NONE',  ( -0.000000000000000000, -0.000000000000000000, -1.000000000000000000 ) ) ;
#391 =( NAMED_UNIT ( * ) PLANE_ANGLE_UNIT ( ) SI_UNIT ( $, .RADIAN. ) );
#392 = AXIS2_PLACEMENT_3D ( 'NONE', #2636, #2420, #1740 ) ;
#393 = VECTOR ( 'NONE', #463, 1000.000000000000000 ) ;
#394 = VERTEX_POINT ( 'NONE', #1470 ) ;
#395 = CARTESIAN_POINT ( 'NONE',  ( -0.9844267569670331897, -4.878909776184769953E-16, 0.7750000000000003553 ) ) ;
#396 = AXIS2_PLACEMENT_3D ( 'NONE', #1628, #1860, #1614 ) ;
#397 = CIRCLE ( 'NONE', #2758, 0.2373897609551987586 ) ;
#398 = LINE ( 'NONE', #1034, #678 ) ;
#399 =( NAMED_UNIT ( * ) SI_UNIT ( $, .STERADIAN. ) SOLID_ANGLE_UNIT ( ) );
#400 = CIRCLE ( 'NONE', #1550, 0.2373897609551987586 ) ;
#401 = VERTEX_POINT ( 'NONE', #1962 ) ;
#402 = DIRECTION ( 'NONE',  ( 7.434529182757748747E-15, 1.000000000000000000, 0.000000000000000000 ) ) ;
#403 = ADVANCED_FACE ( 'NONE', ( #2359 ), #821, .F. ) ;
#404 = EDGE_LOOP ( 'NONE', ( #2724, #1707, #2046, #1767 ) ) ;
#405 = ORIENTED_EDGE ( 'NONE', *, *, #1795, .T. ) ;
#406 = DIRECTION ( 'NONE',  ( 0.000000000000000000, -0.000000000000000000, -1.000000000000000000 ) ) ;
#407 = EDGE_CURVE ( 'NONE', #2664, #2489, #157, .T. ) ;
#408 = CARTESIAN_POINT ( 'NONE',  ( -0.8594267569670310802, 0.6249999999999994449, 0.1250000000000004441 ) ) ;
#409 = DIRECTION ( 'NONE',  ( 0.000000000000000000, -0.000000000000000000, 1.000000000000000000 ) ) ;
#410 = ORIENTED_EDGE ( 'NONE', *, *, #2765, .T. ) ;
#411 = CARTESIAN_POINT ( 'NONE',  ( -0.6866110369285715054, 0.5974368559923075583, -0.5249999999999995781 ) ) ;
#412 = CARTESIAN_POINT ( 'NONE',  ( -0.9844267569670331897, -4.878909776184769953E-16, -0.5249999999999995781 ) ) ;
#413 = ORIENTED_EDGE ( 'NONE', *, *, #2629, .F. ) ;
#414 = CARTESIAN_POINT ( 'NONE',  ( -0.6249999999999996669, 0.6500000000000000222, -0.9999999999999995559 ) ) ;
#415 = ORIENTED_EDGE ( 'NONE', *, *, #1531, .F. ) ;
#416 = ORIENTED_EDGE ( 'NONE', *, *, #1545, .F. ) ;
#417 = CARTESIAN_POINT ( 'NONE',  ( -0.3325082496721913916, 1.099999999999999645, -0.6466298479675339772 ) ) ;
#418 = LINE ( 'NONE', #2220, #307 ) ;
#419 = EDGE_CURVE ( 'NONE', #2851, #1460, #151, .T. ) ;
#420 = DIRECTION ( 'NONE',  ( -0.000000000000000000, 1.000000000000000000, -0.000000000000000000 ) ) ;
#421 = EDGE_CURVE ( 'NONE', #1176, #1209, #1706, .T. ) ;
#422 = VERTEX_POINT ( 'NONE', #1494 ) ;
#423 = DIRECTION ( 'NONE',  ( -0.000000000000000000, -0.000000000000000000, -1.000000000000000000 ) ) ;
#424 = DIRECTION ( 'NONE',  ( 1.000000000000000000, -7.434529182757748747E-15, 0.000000000000000000 ) ) ;
#425 = ORIENTED_EDGE ( 'NONE', *, *, #2265, .T. ) ;
#426 = AXIS2_PLACEMENT_3D ( 'NONE', #693, #2696, #1340 ) ;
#427 = CARTESIAN_POINT ( 'NONE',  ( 0.9844267569670331897, -4.878909776184769953E-16, -0.1249999999999995698 ) ) ;
#428 = ORIENTED_EDGE ( 'NONE', *, *, #1819, .T. ) ;
#429 = EDGE_CURVE ( 'NONE', #1625, #217, #1947, .T. ) ;
#430 = CARTESIAN_POINT ( 'NONE',  ( 0.6249999999999996669, 0.5876102390448011414, 0.7750000000000003553 ) ) ;
#431 = DIRECTION ( 'NONE',  ( -1.000000000000000000, 7.440397257356628543E-15, 0.000000000000000000 ) ) ;
#432 = FACE_OUTER_BOUND ( 'NONE', #2288, .T. ) ;
#433 = DIRECTION ( 'NONE',  ( -0.000000000000000000, -0.000000000000000000, -1.000000000000000000 ) ) ;
#434 = FILL_AREA_STYLE_COLOUR ( '', #149 ) ;
#435 = EDGE_CURVE ( 'NONE', #645, #2705, #2834, .T. ) ;
#436 = STYLED_ITEM ( 'NONE', ( #2683 ), #889 ) ;
#437 = ORIENTED_EDGE ( 'NONE', *, *, #2443, .T. ) ;
#438 = DIRECTION ( 'NONE',  ( -1.000000000000000000, 4.408285320598016267E-15, -0.000000000000000000 ) ) ;
#439 = DIRECTION ( 'NONE',  ( 0.000000000000000000, 0.000000000000000000, -1.000000000000000000 ) ) ;
#440 = PLANE ( 'NONE',  #2757 ) ;
#441 = VECTOR ( 'NONE', #365, 1000.000000000000000 ) ;
#442 = VECTOR ( 'NONE', #2219, 1000.000000000000000 ) ;
#443 = AXIS2_PLACEMENT_3D ( 'NONE', #1996, #636, #836 ) ;
#444 = EDGE_LOOP ( 'NONE', ( #2179, #762, #2223, #757 ) ) ;
#445 = VECTOR ( 'NONE', #927, 1000.000000000000000 ) ;
#446 = CARTESIAN_POINT ( 'NONE',  ( -0.6249999999999996669, 0.6500000000000000222, 0.7750000000000003553 ) ) ;
#447 = CIRCLE ( 'NONE', #74, 0.06238976095519874199 ) ;
#448 = ORIENTED_EDGE ( 'NONE', *, *, #1764, .F. ) ;
#449 = DIRECTION ( 'NONE',  ( -1.000000000000000000, 0.000000000000000000, 0.000000000000000000 ) ) ;
#450 = AXIS2_PLACEMENT_3D ( 'NONE', #1199, #2569, #369 ) ;
#451 = CARTESIAN_POINT ( 'NONE',  ( -0.9844267569670331897, -4.878909776184769953E-16, 0.1250000000000004441 ) ) ;
#452 = CARTESIAN_POINT ( 'NONE',  ( 0.6249999999999996669, 0.8249999999999999556, -0.1249999999999995698 ) ) ;
#453 = APPLICATION_CONTEXT ( 'automotive_design' ) ;
#454 = ORIENTED_EDGE ( 'NONE', *, *, #421, .T. ) ;
#455 = CARTESIAN_POINT ( 'NONE',  ( 0.9844267569670331897, -4.878909776184769953E-16, -0.5249999999999995781 ) ) ;
#456 = FACE_OUTER_BOUND ( 'NONE', #1749, .T. ) ;
#457 = CYLINDRICAL_SURFACE ( 'NONE', #2161, 0.06238976095519885301 ) ;
#458 = ORIENTED_EDGE ( 'NONE', *, *, #2096, .T. ) ;
#459 = EDGE_CURVE ( 'NONE', #961, #401, #1083, .T. ) ;
#460 = LINE ( 'NONE', #2428, #2295 ) ;
#461 = VERTEX_POINT ( 'NONE', #2465 ) ;
#462 = EDGE_CURVE ( 'NONE', #2664, #1186, #37, .T. ) ;
#463 = DIRECTION ( 'NONE',  ( -0.000000000000000000, -0.000000000000000000, -1.000000000000000000 ) ) ;
#464 = CARTESIAN_POINT ( 'NONE',  ( -0.6866110369285715054, 0.5974368559923075583, 0.7750000000000003553 ) ) ;
#465 = VERTEX_POINT ( 'NONE', #657 ) ;
#466 = EDGE_CURVE ( 'NONE', #870, #1536, #460, .T. ) ;
#467 = LINE ( 'NONE', #205, #1175 ) ;
#468 = CARTESIAN_POINT ( 'NONE',  ( -0.6249999999999996669, 0.8249999999999999556, 0.7750000000000003553 ) ) ;
#469 = CARTESIAN_POINT ( 'NONE',  ( -1.050000000000000044, 0.1749999999999999056, -0.7749999999999995781 ) ) ;
#470 = ORIENTED_EDGE ( 'NONE', *, *, #2421, .T. ) ;
#471 = CARTESIAN_POINT ( 'NONE',  ( 0.6866110369285715054, 0.5974368559923075583, -0.1249999999999995698 ) ) ;
#472 = EDGE_CURVE ( 'NONE', #1581, #2737, #2871, .T. ) ;
#473 = VECTOR ( 'NONE', #2020, 1000.000000000000114 ) ;
#474 = ORIENTED_EDGE ( 'NONE', *, *, #1432, .T. ) ;
#475 = CARTESIAN_POINT ( 'NONE',  ( -0.6249999999999996669, 0.5876102390448011414, -0.5249999999999995781 ) ) ;
#476 = EDGE_CURVE ( 'NONE', #367, #347, #1781, .T. ) ;
#477 = CARTESIAN_POINT ( 'NONE',  ( -0.3325082496721913916, 0.9999999999999995559, -0.6466298479675339772 ) ) ;
#478 = ORIENTED_EDGE ( 'NONE', *, *, #2579, .F. ) ;
#479 = SURFACE_STYLE_FILL_AREA ( #2309 ) ;
#480 = CARTESIAN_POINT ( 'NONE',  ( 1.050000000000000044, 0.1749999999999999056, -0.7749999999999995781 ) ) ;
#481 = LINE ( 'NONE', #469, #1419 ) ;
#482 = CIRCLE ( 'NONE', #1586, 0.2373897609551987586 ) ;
#483 = CLOSED_SHELL ( 'NONE', ( #2830, #2105, #1203, #2854, #2133, #2215, #954, #1814, #1783, #1150, #2853 ) ) ;
#484 = UNCERTAINTY_MEASURE_WITH_UNIT (LENGTH_MEASURE( 1.000000000000000082E-05 ), #572, 'distance_accuracy_value', 'NONE');
#485 = ORIENTED_EDGE ( 'NONE', *, *, #1287, .F. ) ;
#486 = DIRECTION ( 'NONE',  ( -0.000000000000000000, -0.000000000000000000, -1.000000000000000000 ) ) ;
#487 = AXIS2_PLACEMENT_3D ( 'NONE', #1376, #2692, #2289 ) ;
#488 = CARTESIAN_POINT ( 'NONE',  ( -1.050000000000001377, -2.475995625340219932E-20, -0.5249999999999995781 ) ) ;
#489 = AXIS2_PLACEMENT_3D ( 'NONE', #2717, #1846, #1165 ) ;
#490 = CIRCLE ( 'NONE', #1179, 0.06238976095519885301 ) ;
#491 = ORIENTED_EDGE ( 'NONE', *, *, #514, .F. ) ;
#492 = CARTESIAN_POINT ( 'NONE',  ( 1.050000000000000044, 0.1749999999999999056, -0.5249999999999995781 ) ) ;
#493 = EDGE_CURVE ( 'NONE', #2857, #181, #1803, .T. ) ;
#494 = CIRCLE ( 'NONE', #1325, 0.06238976095519885301 ) ;
#495 = VECTOR ( 'NONE', #1945, 1000.000000000000114 ) ;
#496 = EDGE_CURVE ( 'NONE', #500, #2720, #811, .T. ) ;
#497 = PLANE ( 'NONE',  #487 ) ;
#498 = EDGE_CURVE ( 'NONE', #401, #616, #1555, .T. ) ;
#499 = PRODUCT_CONTEXT ( 'NONE', #453, 'mechanical' ) ;
#500 = VERTEX_POINT ( 'NONE', #1981 ) ;
#501 = LINE ( 'NONE', #1563, #1858 ) ;
#502 = LINE ( 'NONE', #294, #2248 ) ;
#503 = EDGE_LOOP ( 'NONE', ( #2360, #2858, #2037, #1611, #1032, #2127, #1372, #2285, #2627, #282, #2638 ) ) ;
#504 = DIRECTION ( 'NONE',  ( -0.1575036800439534590, -0.9875184002197689992, 0.000000000000000000 ) ) ;
#505 = LINE ( 'NONE', #649, #2393 ) ;
#506 = ORIENTED_EDGE ( 'NONE', *, *, #318, .T. ) ;
#507 = DIRECTION ( 'NONE',  ( 0.1575036800439535145, -0.9875184002197689992, 0.000000000000000000 ) ) ;
#508 = ORIENTED_EDGE ( 'NONE', *, *, #2788, .F. ) ;
#509 = FACE_OUTER_BOUND ( 'NONE', #1718, .T. ) ;
#510 = VERTEX_POINT ( 'NONE', #427 ) ;
#511 =( NAMED_UNIT ( * ) PLANE_ANGLE_UNIT ( ) SI_UNIT ( $, .RADIAN. ) );
#512 = DIRECTION ( 'NONE',  ( 1.000000000000000000, 7.440397257356628543E-15, 0.000000000000000000 ) ) ;
#513 = DIRECTION ( 'NONE',  ( 0.000000000000000000, 0.000000000000000000, 1.000000000000000000 ) ) ;
#514 = EDGE_CURVE ( 'NONE', #593, #2358, #230, .T. ) ;
#515 = ORIENTED_EDGE ( 'NONE', *, *, #462, .T. ) ;
#516 = DIRECTION ( 'NONE',  ( -1.000000000000000000, 0.000000000000000000, 0.000000000000000000 ) ) ;
#517 = CARTESIAN_POINT ( 'NONE',  ( 1.050000000000000044, 0.1749999999999999056, 0.7750000000000003553 ) ) ;
#518 = DIRECTION ( 'NONE',  ( 0.000000000000000000, -0.000000000000000000, -1.000000000000000000 ) ) ;
#519 = ORIENTED_EDGE ( 'NONE', *, *, #1698, .F. ) ;
#520 = CARTESIAN_POINT ( 'NONE',  ( 0.8594267569670310802, 0.6249999999999994449, -0.5249999999999995781 ) ) ;
#521 = ORIENTED_EDGE ( 'NONE', *, *, #1477, .T. ) ;
#522 = FACE_OUTER_BOUND ( 'NONE', #1444, .T. ) ;
#523 = ORIENTED_EDGE ( 'NONE', *, *, #722, .F. ) ;
#524 = CARTESIAN_POINT ( 'NONE',  ( -0.8594267569670310802, 0.6249999999999994449, 0.7750000000000003553 ) ) ;
#525 = LINE ( 'NONE', #326, #897 ) ;
#526 = CARTESIAN_POINT ( 'NONE',  ( 0.6004053539270811646, 0.8249999999999998446, -0.1249999999999995698 ) ) ;
#527 = EDGE_CURVE ( 'NONE', #2806, #1338, #2668, .T. ) ;
#528 = EDGE_LOOP ( 'NONE', ( #46, #972, #306, #2803 ) ) ;
#529 = CARTESIAN_POINT ( 'NONE',  ( 0.6866110369285715054, 0.5974368559923075583, 0.5250000000000003553 ) ) ;
#530 = CARTESIAN_POINT ( 'NONE',  ( 0.6249999999999996669, 0.5876102390448011414, -0.1249999999999995698 ) ) ;
#531 = DIRECTION ( 'NONE',  ( -0.000000000000000000, -0.000000000000000000, -1.000000000000000000 ) ) ;
#532 = ORIENTED_EDGE ( 'NONE', *, *, #429, .T. ) ;
#533 = DIRECTION ( 'NONE',  ( -1.000000000000000000, -7.440019664986507137E-15, 0.000000000000000000 ) ) ;
#534 = VECTOR ( 'NONE', #2350, 1000.000000000000000 ) ;
#535 = VECTOR ( 'NONE', #2787, 1000.000000000000000 ) ;
#536 = VERTEX_POINT ( 'NONE', #2217 ) ;
#537 = VECTOR ( 'NONE', #1152, 1000.000000000000114 ) ;
#538 = CYLINDRICAL_SURFACE ( 'NONE', #2848, 0.2373897609551988697 ) ;
#539 = VECTOR ( 'NONE', #268, 1000.000000000000114 ) ;
#540 = ORIENTED_EDGE ( 'NONE', *, *, #937, .F. ) ;
#541 = AXIS2_PLACEMENT_3D ( 'NONE', #1262, #1079, #2640 ) ;
#542 = DIRECTION ( 'NONE',  ( -0.9875184002197689992, -0.1575036800439534590, 0.000000000000000000 ) ) ;
#543 = VERTEX_POINT ( 'NONE', #697 ) ;
#544 = DIRECTION ( 'NONE',  ( -1.000000000000000000, 7.440397257356628543E-15, 0.000000000000000000 ) ) ;
#545 = DIRECTION ( 'NONE',  ( -1.000000000000000000, -7.440019664986507137E-15, 0.000000000000000000 ) ) ;
#546 = FACE_OUTER_BOUND ( 'NONE', #286, .T. ) ;
#547 = ADVANCED_FACE ( 'NONE', ( #1771 ), #2237, .T. ) ;
#548 = EDGE_CURVE ( 'NONE', #1323, #1467, #2061, .T. ) ;
#549 = ORIENTED_EDGE ( 'NONE', *, *, #2139, .T. ) ;
#550 = DIRECTION ( 'NONE',  ( -1.000000000000000000, -4.408285320598016267E-15, 0.000000000000000000 ) ) ;
#551 = EDGE_CURVE ( 'NONE', #15, #701, #1312, .T. ) ;
#552 = EDGE_LOOP ( 'NONE', ( #1084, #1028, #2642, #2202 ) ) ;
#553 = DIRECTION ( 'NONE',  ( 0.1575036800439535145, 0.9875184002197689992, -0.000000000000000000 ) ) ;
#554 = DIRECTION ( 'NONE',  ( -0.1575036800439535145, -0.9875184002197689992, 0.000000000000000000 ) ) ;
#555 = CARTESIAN_POINT ( 'NONE',  ( 0.6249999999999996669, 0.5876102390448011414, -0.5249999999999995781 ) ) ;
#556 = VERTEX_POINT ( 'NONE', #2007 ) ;
#557 = DIRECTION ( 'NONE',  ( 0.000000000000000000, 0.000000000000000000, 1.000000000000000000 ) ) ;
#558 = CARTESIAN_POINT ( 'NONE',  ( -0.6249999999999996669, 0.8249999999999999556, 0.1250000000000004441 ) ) ;
#559 = CARTESIAN_POINT ( 'NONE',  ( 0.9844267569670314133, 0.2373897609551982868, 0.7750000000000003553 ) ) ;
#560 = VERTEX_POINT ( 'NONE', #1140 ) ;
#561 = CARTESIAN_POINT ( 'NONE',  ( -0.6249999999999997780, 0.6500000000000000222, -0.9999999999999995559 ) ) ;
#562 = EDGE_CURVE ( 'NONE', #1072, #1156, #214, .T. ) ;
#563 = ORIENTED_EDGE ( 'NONE', *, *, #2694, .F. ) ;
#564 = DIRECTION ( 'NONE',  ( -1.000000000000000000, 0.000000000000000000, 0.000000000000000000 ) ) ;
#565 = ADVANCED_FACE ( 'NONE', ( #1537 ), #2855, .F. ) ;
#566 = AXIS2_PLACEMENT_3D ( 'NONE', #555, #339, #2337 ) ;
#567 = CARTESIAN_POINT ( 'NONE',  ( -0.8594267569670310802, 0.6249999999999994449, -0.5249999999999995781 ) ) ;
#568 = DIRECTION ( 'NONE',  ( 0.000000000000000000, 0.000000000000000000, 1.000000000000000000 ) ) ;
#569 = EDGE_LOOP ( 'NONE', ( #2460, #1097, #1601, #2545 ) ) ;
#570 = FACE_OUTER_BOUND ( 'NONE', #324, .T. ) ;
#571 = CARTESIAN_POINT ( 'NONE',  ( -0.6249999999999996669, 0.5876102390448011414, -0.1249999999999995698 ) ) ;
#572 =( LENGTH_UNIT ( ) NAMED_UNIT ( * ) SI_UNIT ( .MILLI., .METRE. ) );
#573 = ORIENTED_EDGE ( 'NONE', *, *, #2353, .F. ) ;
#574 = FACE_OUTER_BOUND ( 'NONE', #8, .T. ) ;
#575 = ORIENTED_EDGE ( 'NONE', *, *, #2320, .F. ) ;
#576 = CARTESIAN_POINT ( 'NONE',  ( 0.9844267569670331897, -4.878909776184769953E-16, 0.7750000000000003553 ) ) ;
#577 = AXIS2_PLACEMENT_3D ( 'NONE', #2084, #1029, #1927 ) ;
#578 = AXIS2_PLACEMENT_3D ( 'NONE', #1904, #615, #1057 ) ;
#579 = VECTOR ( 'NONE', #2603, 1000.000000000000000 ) ;
#580 = VECTOR ( 'NONE', #2743, 1000.000000000000114 ) ;
#581 = EDGE_CURVE ( 'NONE', #2489, #2535, #20, .T. ) ;
#582 = EDGE_CURVE ( 'NONE', #2042, #2080, #1747, .T. ) ;
#583 = DIRECTION ( 'NONE',  ( -0.9875184002197689992, 0.1575036800439535145, 0.000000000000000000 ) ) ;
#584 = DIRECTION ( 'NONE',  ( -0.1391731009600657432, -0.9902680687415703620, 0.000000000000000000 ) ) ;
#585 = PRESENTATION_LAYER_ASSIGNMENT (  '', '', ( #1229 ) ) ;
#586 = AXIS2_PLACEMENT_3D ( 'NONE', #982, #1646, #1901 ) ;
#587 = ORIENTED_EDGE ( 'NONE', *, *, #1837, .T. ) ;
#588 = CARTESIAN_POINT ( 'NONE',  ( 1.050000000000001377, -2.475995625340219932E-20, 0.1250000000000004441 ) ) ;
#589 = CARTESIAN_POINT ( 'NONE',  ( 0.6249999999999996669, 0.5876102390448011414, -0.7749999999999995781 ) ) ;
#590 = DIRECTION ( 'NONE',  ( -0.000000000000000000, -0.000000000000000000, -1.000000000000000000 ) ) ;
#591 = ORIENTED_EDGE ( 'NONE', *, *, #1144, .T. ) ;
#592 = CARTESIAN_POINT ( 'NONE',  ( -0.9844267569670318574, 0.1749999999999994338, 0.1250000000000004441 ) ) ;
#593 = VERTEX_POINT ( 'NONE', #1792 ) ;
#594 = VERTEX_POINT ( 'NONE', #2678 ) ;
#595 = DIRECTION ( 'NONE',  ( -1.000000000000000000, 7.440397257356628543E-15, 0.000000000000000000 ) ) ;
#596 = DIRECTION ( 'NONE',  ( 1.000000000000000000, 0.000000000000000000, 0.000000000000000000 ) ) ;
#597 = DIRECTION ( 'NONE',  ( 0.000000000000000000, 1.000000000000000000, 0.000000000000000000 ) ) ;
#598 = ORIENTED_EDGE ( 'NONE', *, *, #975, .T. ) ;
#599 = PLANE ( 'NONE',  #2800 ) ;
#600 = CARTESIAN_POINT ( 'NONE',  ( 0.6249999999999996669, 0.5876102390448011414, -0.5249999999999995781 ) ) ;
#601 =( NAMED_UNIT ( * ) PLANE_ANGLE_UNIT ( ) SI_UNIT ( $, .RADIAN. ) );
#602 = VERTEX_POINT ( 'NONE', #687 ) ;
#603 = CARTESIAN_POINT ( 'NONE',  ( 0.9844267569670318574, 0.1749999999999994338, -0.7749999999999995781 ) ) ;
#604 = EDGE_LOOP ( 'NONE', ( #2034, #849, #2024, #2710 ) ) ;
#605 = EDGE_LOOP ( 'NONE', ( #415, #2160, #288, #2039, #1368, #491 ) ) ;
#606 = CARTESIAN_POINT ( 'NONE',  ( -0.8594267569670310802, 0.6249999999999994449, -0.7749999999999995781 ) ) ;
#607 = CARTESIAN_POINT ( 'NONE',  ( -0.6249999999999996669, 0.5876102390448011414, -0.1249999999999995698 ) ) ;
#608 = LINE ( 'NONE', #143, #2785 ) ;
#609 = PRESENTATION_LAYER_ASSIGNMENT (  '', '', ( #12 ) ) ;
#610 = ORIENTED_EDGE ( 'NONE', *, *, #63, .T. ) ;
#611 = EDGE_CURVE ( 'NONE', #688, #2042, #397, .T. ) ;
#612 = DIRECTION ( 'NONE',  ( 1.000000000000000000, 0.000000000000000000, 0.000000000000000000 ) ) ;
#613 = CARTESIAN_POINT ( 'NONE',  ( -0.5477025409136841994, 0.1000000000000003664, 1.000000000000000222 ) ) ;
#614 = ORIENTED_EDGE ( 'NONE', *, *, #2353, .T. ) ;
#615 = DIRECTION ( 'NONE',  ( 0.000000000000000000, 0.000000000000000000, 1.000000000000000000 ) ) ;
#616 = VERTEX_POINT ( 'NONE', #1411 ) ;
#617 = EDGE_LOOP ( 'NONE', ( #1840, #1345, #1499, #2601 ) ) ;
#618 = CARTESIAN_POINT ( 'NONE',  ( 0.9844267569670331897, -4.878909776184769953E-16, -0.5249999999999995781 ) ) ;
#619 = CIRCLE ( 'NONE', #2238, 0.06238976095519874199 ) ;
#620 = VECTOR ( 'NONE', #721, 1000.000000000000000 ) ;
#621 = CARTESIAN_POINT ( 'NONE',  ( -0.7500000000000001110, 0.2000000000000000389, 0.5250000000000003553 ) ) ;
#622 = VECTOR ( 'NONE', #1012, 1000.000000000000114 ) ;
#623 = AXIS2_PLACEMENT_3D ( 'NONE', #1664, #2719, #2488 ) ;
#624 = ORIENTED_EDGE ( 'NONE', *, *, #186, .T. ) ;
#625 = CARTESIAN_POINT ( 'NONE',  ( -0.7500000000000001110, 0.2000000000000000389, 0.1250000000000004441 ) ) ;
#626 = CIRCLE ( 'NONE', #675, 0.06238976095519874199 ) ;
#627 = CARTESIAN_POINT ( 'NONE',  ( 0.8594267569670310802, 0.6249999999999994449, -0.5249999999999995781 ) ) ;
#628 = AXIS2_PLACEMENT_3D ( 'NONE', #2195, #147, #1744 ) ;
#629 = ORIENTED_EDGE ( 'NONE', *, *, #845, .F. ) ;
#630 = DIRECTION ( 'NONE',  ( -1.000000000000000000, -7.440397257356628543E-15, 0.000000000000000000 ) ) ;
#631 = EDGE_CURVE ( 'NONE', #2572, #593, #775, .T. ) ;
#632 = EDGE_CURVE ( 'NONE', #556, #2514, #2158, .T. ) ;
#633 = ORIENTED_EDGE ( 'NONE', *, *, #755, .T. ) ;
#634 = ORIENTED_EDGE ( 'NONE', *, *, #49, .T. ) ;
#635 = LINE ( 'NONE', #1967, #2208 ) ;
#636 = DIRECTION ( 'NONE',  ( -7.440397257356628543E-15, -1.000000000000000000, 0.000000000000000000 ) ) ;
#637 = EDGE_CURVE ( 'NONE', #292, #15, #758, .T. ) ;
#638 = LINE ( 'NONE', #1986, #1225 ) ;
#639 = CARTESIAN_POINT ( 'NONE',  ( -0.9844267569670318574, 0.1749999999999994893, -0.7749999999999995781 ) ) ;
#640 = VERTEX_POINT ( 'NONE', #2298 ) ;
#641 = CARTESIAN_POINT ( 'NONE',  ( 0.6249999999999996669, 0.8249999999999999556, 0.7750000000000003553 ) ) ;
#642 = DIRECTION ( 'NONE',  ( -1.000000000000000000, 0.000000000000000000, 0.000000000000000000 ) ) ;
#643 = DIRECTION ( 'NONE',  ( 1.000000000000000000, 0.000000000000000000, 0.000000000000000000 ) ) ;
#644 = EDGE_CURVE ( 'NONE', #543, #2318, #1874, .T. ) ;
#645 = VERTEX_POINT ( 'NONE', #2267 ) ;
#646 = DIRECTION ( 'NONE',  ( 0.000000000000000000, 0.000000000000000000, 1.000000000000000000 ) ) ;
#647 = ORIENTED_EDGE ( 'NONE', *, *, #888, .T. ) ;
#648 = ORIENTED_EDGE ( 'NONE', *, *, #85, .F. ) ;
#649 = CARTESIAN_POINT ( 'NONE',  ( -1.050000000000000044, 0.1749999999999999056, 0.7750000000000003553 ) ) ;
#650 = DIRECTION ( 'NONE',  ( -0.000000000000000000, -0.000000000000000000, -1.000000000000000000 ) ) ;
#651 = DIRECTION ( 'NONE',  ( 0.000000000000000000, 0.000000000000000000, 1.000000000000000000 ) ) ;
#652 = ORIENTED_EDGE ( 'NONE', *, *, #281, .T. ) ;
#653 = CARTESIAN_POINT ( 'NONE',  ( -0.9844267569670331897, -4.878909776184769953E-16, 0.5250000000000003553 ) ) ;
#654 = CARTESIAN_POINT ( 'NONE',  ( -0.9844267569670314133, 0.2373897609551982868, -0.7749999999999995781 ) ) ;
#655 = ORIENTED_EDGE ( 'NONE', *, *, #2331, .T. ) ;
#656 = VECTOR ( 'NONE', #57, 1000.000000000000000 ) ;
#657 = CARTESIAN_POINT ( 'NONE',  ( -0.6004053539270811646, 0.8249999999999998446, 0.5250000000000003553 ) ) ;
#658 = EDGE_LOOP ( 'NONE', ( #834, #610, #1618, #1946, #1556, #1479, #1471, #598, #2581, #2430, #1988 ) ) ;
#659 = DIRECTION ( 'NONE',  ( 0.1391731009600656876, 0.9902680687415702510, -0.000000000000000000 ) ) ;
#660 = DIRECTION ( 'NONE',  ( -0.1391731009600657987, -0.9902680687415703620, 0.000000000000000000 ) ) ;
#661 = CARTESIAN_POINT ( 'NONE',  ( -0.6249999999999996669, 0.8249999999999999556, -0.5249999999999995781 ) ) ;
#662 = VECTOR ( 'NONE', #2035, 1000.000000000000000 ) ;
#663 = EDGE_CURVE ( 'NONE', #794, #602, #2728, .T. ) ;
#664 = EDGE_CURVE ( 'NONE', #957, #1176, #2568, .T. ) ;
#665 = PRESENTATION_LAYER_ASSIGNMENT (  '', '', ( #203 ) ) ;
#666 = ORIENTED_EDGE ( 'NONE', *, *, #2443, .F. ) ;
#667 = CARTESIAN_POINT ( 'NONE',  ( -0.6004053539270811646, 0.8249999999999998446, -0.5249999999999995781 ) ) ;
#668 = CARTESIAN_POINT ( 'NONE',  ( 0.9844267569670314133, 0.2373897609551982868, 0.1250000000000004441 ) ) ;
#669 = DIRECTION ( 'NONE',  ( 0.1575036800439535145, -0.9875184002197689992, 0.000000000000000000 ) ) ;
#670 = AXIS2_PLACEMENT_3D ( 'NONE', #661, #890, #1544 ) ;
#671 = CIRCLE ( 'NONE', #2752, 0.2373897609551988697 ) ;
#672 = ORIENTED_EDGE ( 'NONE', *, *, #1724, .F. ) ;
#673 = VECTOR ( 'NONE', #2172, 1000.000000000000000 ) ;
#674 = DIRECTION ( 'NONE',  ( -0.000000000000000000, -0.000000000000000000, -1.000000000000000000 ) ) ;
#675 = AXIS2_PLACEMENT_3D ( 'NONE', #654, #45, #1552 ) ;
#676 = ORIENTED_EDGE ( 'NONE', *, *, #735, .F. ) ;
#677 = CARTESIAN_POINT ( 'NONE',  ( -0.6004053539270811646, 0.8249999999999998446, 0.5250000000000003553 ) ) ;
#678 = VECTOR ( 'NONE', #2148, 1000.000000000000000 ) ;
#679 = CARTESIAN_POINT ( 'NONE',  ( -0.6004053539270811646, 0.8249999999999998446, -0.5249999999999995781 ) ) ;
#680 = ADVANCED_FACE ( 'NONE', ( #315 ), #2541, .F. ) ;
#681 = CARTESIAN_POINT ( 'NONE',  ( -0.3325082496721913916, 0.9999999999999995559, -0.7657701508415083458 ) ) ;
#682 = ORIENTED_EDGE ( 'NONE', *, *, #1216, .F. ) ;
#683 = CARTESIAN_POINT ( 'NONE',  ( 0.8594267569670310802, 0.6249999999999994449, 0.7750000000000003553 ) ) ;
#684 = DIRECTION ( 'NONE',  ( 0.1575036800439535145, -0.9875184002197689992, 0.000000000000000000 ) ) ;
#685 = EDGE_CURVE ( 'NONE', #1467, #2766, #2281, .T. ) ;
#686 = ORIENTED_EDGE ( 'NONE', *, *, #1566, .T. ) ;
#687 = CARTESIAN_POINT ( 'NONE',  ( 0.6249999999999996669, 0.6500000000000000222, 0.5250000000000003553 ) ) ;
#688 = VERTEX_POINT ( 'NONE', #2324 ) ;
#689 = CARTESIAN_POINT ( 'NONE',  ( -0.6249999999999996669, 0.5876102390448011414, 0.5250000000000003553 ) ) ;
#690 = LINE ( 'NONE', #41, #2610 ) ;
#691 = VERTEX_POINT ( 'NONE', #2047 ) ;
#692 = LINE ( 'NONE', #1989, #2662 ) ;
#693 = CARTESIAN_POINT ( 'NONE',  ( -0.6249999999999996669, 0.8249999999999999556, 0.7750000000000003553 ) ) ;
#694 = CARTESIAN_POINT ( 'NONE',  ( -0.9844267569670314133, 0.2373897609551982868, 0.7750000000000003553 ) ) ;
#695 = EDGE_CURVE ( 'NONE', #2495, #2768, #93, .T. ) ;
#696 = ORIENTED_EDGE ( 'NONE', *, *, #1448, .T. ) ;
#697 = CARTESIAN_POINT ( 'NONE',  ( 0.6249999999999996669, 0.6500000000000000222, -0.5249999999999995781 ) ) ;
#698 = DIRECTION ( 'NONE',  ( 1.000000000000000000, 0.000000000000000000, 0.000000000000000000 ) ) ;
#699 = ADVANCED_FACE ( 'NONE', ( #297 ), #1857, .F. ) ;
#700 = ADVANCED_FACE ( 'NONE', ( #2529 ), #728, .F. ) ;
#701 = VERTEX_POINT ( 'NONE', #2699 ) ;
#702 = CARTESIAN_POINT ( 'NONE',  ( 0.9844267569670331897, -4.878909776184769953E-16, 0.5250000000000003553 ) ) ;
#703 = LINE ( 'NONE', #2054, #160 ) ;
#704 = ORIENTED_EDGE ( 'NONE', *, *, #644, .F. ) ;
#705 = DIRECTION ( 'NONE',  ( 0.1391731009600657432, -0.9902680687415703620, 0.000000000000000000 ) ) ;
#706 = DIRECTION ( 'NONE',  ( 0.000000000000000000, 0.000000000000000000, 1.000000000000000000 ) ) ;
#707 = DIRECTION ( 'NONE',  ( 1.000000000000000000, 0.000000000000000000, 0.000000000000000000 ) ) ;
#708 = AXIS2_PLACEMENT_3D ( 'NONE', #2380, #2592, #612 ) ;
#709 = ORIENTED_EDGE ( 'NONE', *, *, #127, .T. ) ;
#710 = DIRECTION ( 'NONE',  ( 0.000000000000000000, -0.000000000000000000, -1.000000000000000000 ) ) ;
#711 = AXIS2_PLACEMENT_3D ( 'NONE', #2747, #2777, #507 ) ;
#712 = DIRECTION ( 'NONE',  ( -1.000000000000000000, 0.000000000000000000, 0.000000000000000000 ) ) ;
#713 = AXIS2_PLACEMENT_3D ( 'NONE', #1300, #233, #1720 ) ;
#714 = VECTOR ( 'NONE', #2199, 1000.000000000000000 ) ;
#715 = ORIENTED_EDGE ( 'NONE', *, *, #1583, .F. ) ;
#716 = CARTESIAN_POINT ( 'NONE',  ( 0.6249999999999996669, 0.6500000000000000222, -0.1249999999999995698 ) ) ;
#717 = AXIS2_PLACEMENT_3D ( 'NONE', #694, #1756, #2452 ) ;
#718 = EDGE_CURVE ( 'NONE', #2677, #891, #2658, .T. ) ;
#719 = VECTOR ( 'NONE', #2828, 1000.000000000000000 ) ;
#720 = ORIENTED_EDGE ( 'NONE', *, *, #419, .F. ) ;
#721 = DIRECTION ( 'NONE',  ( 7.434529182757748747E-15, -1.000000000000000000, 0.000000000000000000 ) ) ;
#722 = EDGE_CURVE ( 'NONE', #2080, #2416, #1396, .T. ) ;
#723 = EDGE_LOOP ( 'NONE', ( #229, #629, #778, #655 ) ) ;
#724 = DIRECTION ( 'NONE',  ( -7.434529182757748747E-15, -1.000000000000000000, 0.000000000000000000 ) ) ;
#725 = CARTESIAN_POINT ( 'NONE',  ( -0.9844267569670331897, -4.878909776184769953E-16, -0.1249999999999995698 ) ) ;
#726 = DIRECTION ( 'NONE',  ( 0.000000000000000000, 0.000000000000000000, 1.000000000000000000 ) ) ;
#727 = VERTEX_POINT ( 'NONE', #328 ) ;
#728 = PLANE ( 'NONE',  #2017 ) ;
#729 = PLANE ( 'NONE',  #1367 ) ;
#730 = DIRECTION ( 'NONE',  ( -0.000000000000000000, -0.000000000000000000, -1.000000000000000000 ) ) ;
#731 = EDGE_CURVE ( 'NONE', #1206, #2258, #1502, .T. ) ;
#732 = ORIENTED_EDGE ( 'NONE', *, *, #1267, .T. ) ;
#733 = FACE_OUTER_BOUND ( 'NONE', #1802, .T. ) ;
#734 = ORIENTED_EDGE ( 'NONE', *, *, #2051, .F. ) ;
#735 = EDGE_CURVE ( 'NONE', #2557, #154, #1438, .T. ) ;
#736 = DIRECTION ( 'NONE',  ( 0.000000000000000000, -0.000000000000000000, -1.000000000000000000 ) ) ;
#737 = EDGE_CURVE ( 'NONE', #1873, #1926, #47, .T. ) ;
#738 = ORIENTED_EDGE ( 'NONE', *, *, #2099, .F. ) ;
#739 = DIRECTION ( 'NONE',  ( -0.9902680687415703620, -0.1391731009600657432, 5.368253957363176454E-17 ) ) ;
#740 = DIRECTION ( 'NONE',  ( -0.1391731009600656876, 0.9902680687415702510, 0.000000000000000000 ) ) ;
#741 = FACE_BOUND ( 'NONE', #1243, .T. ) ;
#742 = ORIENTED_EDGE ( 'NONE', *, *, #1287, .T. ) ;
#743 = DIRECTION ( 'NONE',  ( 0.9902680687415703620, 0.1391731009600656876, 0.000000000000000000 ) ) ;
#744 = CARTESIAN_POINT ( 'NONE',  ( 0.9844267569670318574, 0.1749999999999994893, 0.1250000000000004441 ) ) ;
#745 = PLANE ( 'NONE',  #396 ) ;
#746 = VERTEX_POINT ( 'NONE', #163 ) ;
#747 = PLANE ( 'NONE',  #2473 ) ;
#748 = ORIENTED_EDGE ( 'NONE', *, *, #1432, .F. ) ;
#749 = CARTESIAN_POINT ( 'NONE',  ( -0.9844267569670318574, 0.1749999999999994338, 0.7750000000000003553 ) ) ;
#750 = AXIS2_PLACEMENT_3D ( 'NONE', #875, #1348, #1560 ) ;
#751 = ORIENTED_EDGE ( 'NONE', *, *, #1266, .F. ) ;
#752 = LINE ( 'NONE', #946, #251 ) ;
#753 = FILL_AREA_STYLE_COLOUR ( '', #1484 ) ;
#754 = PLANE ( 'NONE',  #27 ) ;
#755 = EDGE_CURVE ( 'NONE', #832, #966, #178, .T. ) ;
#756 = ADVANCED_FACE ( 'NONE', ( #570 ), #1682, .F. ) ;
#757 = ORIENTED_EDGE ( 'NONE', *, *, #1219, .T. ) ;
#758 = LINE ( 'NONE', #1643, #2526 ) ;
#759 = CARTESIAN_POINT ( 'NONE',  ( 0.6866110369285715054, 0.5974368559923075583, 0.5250000000000003553 ) ) ;
#760 = LINE ( 'NONE', #1647, #2433 ) ;
#761 = CIRCLE ( 'NONE', #2152, 0.06238976095519885301 ) ;
#762 = ORIENTED_EDGE ( 'NONE', *, *, #1606, .F. ) ;
#763 = LINE ( 'NONE', #561, #2429 ) ;
#764 = AXIS2_PLACEMENT_3D ( 'NONE', #681, #420, #651 ) ;
#765 = ORIENTED_EDGE ( 'NONE', *, *, #2599, .F. ) ;
#766 = VECTOR ( 'NONE', #595, 1000.000000000000000 ) ;
#767 = VECTOR ( 'NONE', #1568, 1000.000000000000000 ) ;
#768 = LINE ( 'NONE', #2332, #534 ) ;
#769 = EDGE_CURVE ( 'NONE', #154, #2705, #124, .T. ) ;
#770 = DIRECTION ( 'NONE',  ( -0.1575036800439535145, 0.9875184002197689992, 0.000000000000000000 ) ) ;
#771 = CARTESIAN_POINT ( 'NONE',  ( 0.6004053539270811646, 0.8249999999999998446, 0.1250000000000004441 ) ) ;
#772 = DIRECTION ( 'NONE',  ( -0.1575036800439534590, 0.9875184002197689992, 0.000000000000000000 ) ) ;
#773 = ORIENTED_EDGE ( 'NONE', *, *, #127, .F. ) ;
#774 = ADVANCED_FACE ( 'NONE', ( #2566 ), #599, .F. ) ;
#775 = LINE ( 'NONE', #2077, #164 ) ;
#776 = PLANE ( 'NONE',  #450 ) ;
#777 = DIRECTION ( 'NONE',  ( 0.000000000000000000, -0.000000000000000000, -1.000000000000000000 ) ) ;
#778 = ORIENTED_EDGE ( 'NONE', *, *, #2650, .T. ) ;
#779 = EDGE_CURVE ( 'NONE', #2772, #640, #1091, .T. ) ;
#780 = PLANE ( 'NONE',  #711 ) ;
#781 = ORIENTED_EDGE ( 'NONE', *, *, #2653, .F. ) ;
#782 = CARTESIAN_POINT ( 'NONE',  ( 0.6004053539270811646, 0.8249999999999998446, 0.5250000000000003553 ) ) ;
#783 = DIRECTION ( 'NONE',  ( -0.9875184002197689992, -0.1575036800439534590, 0.000000000000000000 ) ) ;
#784 = CARTESIAN_POINT ( 'NONE',  ( 0.6866110369285715054, 0.5974368559923075583, -0.5249999999999995781 ) ) ;
#785 = EDGE_LOOP ( 'NONE', ( #2749, #720, #2121, #1361 ) ) ;
#786 = LINE ( 'NONE', #588, #1454 ) ;
#787 = CARTESIAN_POINT ( 'NONE',  ( -0.9844267569670331897, -4.878909776184769953E-16, 0.7750000000000003553 ) ) ;
#788 = CYLINDRICAL_SURFACE ( 'NONE', #955, 0.2373897609551987586 ) ;
#789 = EDGE_CURVE ( 'NONE', #1002, #1290, #2554, .T. ) ;
#790 = VERTEX_POINT ( 'NONE', #1054 ) ;
#791 = CARTESIAN_POINT ( 'NONE',  ( 0.7500000000000001110, 0.2000000000000000389, 0.1250000000000004441 ) ) ;
#792 = EDGE_CURVE ( 'NONE', #640, #2772, #2707, .T. ) ;
#793 = ADVANCED_FACE ( 'NONE', ( #2355 ), #1714, .T. ) ;
#794 = VERTEX_POINT ( 'NONE', #1033 ) ;
#795 = DIRECTION ( 'NONE',  ( 0.1575036800439534590, -0.9875184002197689992, 0.000000000000000000 ) ) ;
#796 = DIRECTION ( 'NONE',  ( -1.000000000000000000, 7.440019664986507137E-15, 0.000000000000000000 ) ) ;
#797 = DIRECTION ( 'NONE',  ( -2.710505431213761578E-16, -0.000000000000000000, -1.000000000000000000 ) ) ;
#798 = PRODUCT_DEFINITION_FORMATION_WITH_SPECIFIED_SOURCE ( 'ANY', '', #2516, .NOT_KNOWN. ) ;
#799 = EDGE_LOOP ( 'NONE', ( #1615, #2565, #929, #2454 ) ) ;
#800 =( LENGTH_UNIT ( ) NAMED_UNIT ( * ) SI_UNIT ( .MILLI., .METRE. ) );
#801 = CARTESIAN_POINT ( 'NONE',  ( 1.050000000000000044, 0.1749999999999999056, -0.7749999999999995781 ) ) ;
#802 = ADVANCED_FACE ( 'NONE', ( #1702 ), #1489, .F. ) ;
#803 = ORIENTED_EDGE ( 'NONE', *, *, #2453, .F. ) ;
#804 = CARTESIAN_POINT ( 'NONE',  ( 0.6249999999999996669, 0.8249999999999999556, 0.5250000000000003553 ) ) ;
#805 = ORIENTED_EDGE ( 'NONE', *, *, #1708, .T. ) ;
#806 = ADVANCED_FACE ( 'NONE', ( #1022 ), #359, .F. ) ;
#807 = CARTESIAN_POINT ( 'NONE',  ( -0.6249999999999996669, 0.6500000000000000222, 1.000000000000000222 ) ) ;
#808 = AXIS2_PLACEMENT_3D ( 'NONE', #2116, #2142, #141 ) ;
#809 = AXIS2_PLACEMENT_3D ( 'NONE', #303, #985, #1848 ) ;
#810 = VECTOR ( 'NONE', #2560, 1000.000000000000000 ) ;
#811 = CIRCLE ( 'NONE', #1274, 0.2373897609551988697 ) ;
#812 = EDGE_CURVE ( 'NONE', #465, #500, #381, .T. ) ;
#813 = LINE ( 'NONE', #1063, #1319 ) ;
#814 = VECTOR ( 'NONE', #2264, 1000.000000000000000 ) ;
#815 = AXIS2_PLACEMENT_3D ( 'NONE', #1315, #872, #939 ) ;
#816 = ORIENTED_EDGE ( 'NONE', *, *, #321, .F. ) ;
#817 = FILL_AREA_STYLE ('',( #2798 ) ) ;
#818 = CARTESIAN_POINT ( 'NONE',  ( -0.6249999999999996669, 0.8249999999999999556, -0.5249999999999995781 ) ) ;
#819 =( LENGTH_UNIT ( ) NAMED_UNIT ( * ) SI_UNIT ( .MILLI., .METRE. ) );
#820 = EDGE_LOOP ( 'NONE', ( #941, #1409, #540, #470 ) ) ;
#821 = PLANE ( 'NONE',  #262 ) ;
#822 = ORIENTED_EDGE ( 'NONE', *, *, #1046, .F. ) ;
#823 = ORIENTED_EDGE ( 'NONE', *, *, #2471, .T. ) ;
#824 = DIRECTION ( 'NONE',  ( -0.000000000000000000, -0.000000000000000000, -1.000000000000000000 ) ) ;
#825 = EDGE_CURVE ( 'NONE', #1064, #2645, #786, .T. ) ;
#826 = DIRECTION ( 'NONE',  ( -1.000000000000000000, 0.000000000000000000, 0.000000000000000000 ) ) ;
#827 = ORIENTED_EDGE ( 'NONE', *, *, #731, .T. ) ;
#828 = DIRECTION ( 'NONE',  ( -7.434529182757748747E-15, -1.000000000000000000, 0.000000000000000000 ) ) ;
#829 = CYLINDRICAL_SURFACE ( 'NONE', #628, 0.06238976095519874199 ) ;
#830 = DIRECTION ( 'NONE',  ( -7.440019664986507137E-15, 1.000000000000000000, 0.000000000000000000 ) ) ;
#831 = UNCERTAINTY_MEASURE_WITH_UNIT (LENGTH_MEASURE( 1.000000000000000082E-05 ), #800, 'distance_accuracy_value', 'NONE');
#832 = VERTEX_POINT ( 'NONE', #625 ) ;
#833 = CARTESIAN_POINT ( 'NONE',  ( 0.9844267569670318574, 0.1749999999999994893, -0.5249999999999995781 ) ) ;
#834 = ORIENTED_EDGE ( 'NONE', *, *, #2284, .T. ) ;
#835 = EDGE_LOOP ( 'NONE', ( #587, #2187, #1931, #1349 ) ) ;
#836 = DIRECTION ( 'NONE',  ( 1.000000000000000000, -7.440397257356628543E-15, 0.000000000000000000 ) ) ;
#837 = CARTESIAN_POINT ( 'NONE',  ( 0.9844267569670314133, 0.2373897609551982868, -0.5249999999999995781 ) ) ;
#838 = CARTESIAN_POINT ( 'NONE',  ( -0.6249999999999997780, 0.6500000000000000222, -0.9999999999999995559 ) ) ;
#839 = ORIENTED_EDGE ( 'NONE', *, *, #2650, .F. ) ;
#840 = DIRECTION ( 'NONE',  ( 0.000000000000000000, 0.000000000000000000, 1.000000000000000000 ) ) ;
#841 = LINE ( 'NONE', #2608, #2711 ) ;
#842 = CARTESIAN_POINT ( 'NONE',  ( 0.000000000000000000, 0.1000000000000003664, 0.000000000000000000 ) ) ;
#843 = MANIFOLD_SOLID_BREP ( 'Boss-Extrude4', #66 ) ;
#844 = EDGE_CURVE ( 'NONE', #2618, #2410, #32, .T. ) ;
#845 = EDGE_CURVE ( 'NONE', #1109, #746, #1506, .T. ) ;
#846 = ORIENTED_EDGE ( 'NONE', *, *, #858, .T. ) ;
#847 = CARTESIAN_POINT ( 'NONE',  ( -1.050000000000001377, -2.475995625340219932E-20, 0.7750000000000003553 ) ) ;
#848 = EDGE_CURVE ( 'NONE', #190, #510, #467, .T. ) ;
#849 = ORIENTED_EDGE ( 'NONE', *, *, #462, .F. ) ;
#850 = ORIENTED_EDGE ( 'NONE', *, *, #1764, .T. ) ;
#851 = CARTESIAN_POINT ( 'NONE',  ( 0.5617566243839240414, 1.099999999999999645, -0.9999999999999995559 ) ) ;
#852 = PLANE ( 'NONE',  #443 ) ;
#853 = VECTOR ( 'NONE', #2524, 1000.000000000000114 ) ;
#854 = CIRCLE ( 'NONE', #392, 0.06238976095519874199 ) ;
#855 = AXIS2_PLACEMENT_3D ( 'NONE', #1602, #958, #2271 ) ;
#856 = CARTESIAN_POINT ( 'NONE',  ( 0.9844267569670318574, 0.1749999999999994893, -0.7749999999999995781 ) ) ;
#857 =( LENGTH_UNIT ( ) NAMED_UNIT ( * ) SI_UNIT ( .MILLI., .METRE. ) );
#858 = EDGE_CURVE ( 'NONE', #1277, #1206, #692, .T. ) ;
#859 = VECTOR ( 'NONE', #824, 1000.000000000000000 ) ;
#860 = VECTOR ( 'NONE', #1016, 1000.000000000000000 ) ;
#861 = ORIENTED_EDGE ( 'NONE', *, *, #407, .F. ) ;
#862 = VECTOR ( 'NONE', #2031, 1000.000000000000114 ) ;
#863 = CARTESIAN_POINT ( 'NONE',  ( 0.6249999999999996669, 0.5876102390448011414, 0.5250000000000003553 ) ) ;
#864 = CARTESIAN_POINT ( 'NONE',  ( 0.8594267569670310802, 0.6249999999999994449, -0.5249999999999995781 ) ) ;
#865 = EDGE_CURVE ( 'NONE', #616, #181, #2792, .T. ) ;
#866 = ORIENTED_EDGE ( 'NONE', *, *, #2331, .F. ) ;
#867 = CARTESIAN_POINT ( 'NONE',  ( 0.8594267569670310802, 0.6249999999999994449, 0.1250000000000004441 ) ) ;
#868 = MANIFOLD_SOLID_BREP ( 'LPattern1[3]', #1131 ) ;
#869 = EDGE_CURVE ( 'NONE', #461, #2677, #236, .T. ) ;
#870 = VERTEX_POINT ( 'NONE', #667 ) ;
#871 = EDGE_LOOP ( 'NONE', ( #1311, #1943, #1820, #171 ) ) ;
#872 = DIRECTION ( 'NONE',  ( -0.000000000000000000, -0.000000000000000000, -1.000000000000000000 ) ) ;
#873 = LINE ( 'NONE', #451, #1047 ) ;
#874 = CARTESIAN_POINT ( 'NONE',  ( 0.6249999999999997780, 0.6500000000000000222, -0.9999999999999997780 ) ) ;
#875 = CARTESIAN_POINT ( 'NONE',  ( 0.000000000000000000, 0.000000000000000000, 0.000000000000000000 ) ) ;
#876 = PRODUCT_RELATED_PRODUCT_CATEGORY ( 'part', '', ( #2516 ) ) ;
#877 = ORIENTED_EDGE ( 'NONE', *, *, #208, .F. ) ;
#878 = SURFACE_SIDE_STYLE ('',( #2866 ) ) ;
#879 = DIRECTION ( 'NONE',  ( -1.000000000000000000, 0.000000000000000000, 0.000000000000000000 ) ) ;
#880 = LINE ( 'NONE', #2213, #539 ) ;
#881 = ORIENTED_EDGE ( 'NONE', *, *, #581, .F. ) ;
#882 = CARTESIAN_POINT ( 'NONE',  ( -0.6249999999999996669, 0.5876102390448011414, 0.5250000000000003553 ) ) ;
#883 = ORIENTED_EDGE ( 'NONE', *, *, #887, .F. ) ;
#884 = DIRECTION ( 'NONE',  ( 0.000000000000000000, 0.000000000000000000, 1.000000000000000000 ) ) ;
#885 = LINE ( 'NONE', #2268, #2438 ) ;
#886 = CARTESIAN_POINT ( 'NONE',  ( 0.6866110369285715054, 0.5974368559923075583, 0.7750000000000003553 ) ) ;
#887 = EDGE_CURVE ( 'NONE', #1197, #2364, #225, .T. ) ;
#888 = EDGE_CURVE ( 'NONE', #2323, #2557, #619, .T. ) ;
#889 = MANIFOLD_SOLID_BREP ( 'LPattern1[1]', #906 ) ;
#890 = DIRECTION ( 'NONE',  ( -4.408285320598016267E-15, -1.000000000000000000, 0.000000000000000000 ) ) ;
#891 = VERTEX_POINT ( 'NONE', #524 ) ;
#892 = SURFACE_STYLE_FILL_AREA ( #1798 ) ;
#893 = DIRECTION ( 'NONE',  ( 5.421010862427522786E-17, -0.000000000000000000, 1.000000000000000000 ) ) ;
#894 = CARTESIAN_POINT ( 'NONE',  ( -0.8594267569670310802, 0.6249999999999994449, -0.1249999999999995698 ) ) ;
#895 = UNCERTAINTY_MEASURE_WITH_UNIT (LENGTH_MEASURE( 1.000000000000000082E-05 ), #978, 'distance_accuracy_value', 'NONE');
#896 = ORIENTED_EDGE ( 'NONE', *, *, #2723, .T. ) ;
#897 = VECTOR ( 'NONE', #797, 1000.000000000000000 ) ;
#898 = DIRECTION ( 'NONE',  ( 7.440019664986507137E-15, 1.000000000000000000, -0.000000000000000000 ) ) ;
#899 = EDGE_CURVE ( 'NONE', #691, #2727, #16, .T. ) ;
#900 = ORIENTED_EDGE ( 'NONE', *, *, #1445, .F. ) ;
#901 = CYLINDRICAL_SURFACE ( 'NONE', #1366, 0.06238976095519885301 ) ;
#902 = DIRECTION ( 'NONE',  ( 4.408285320598016267E-15, -1.000000000000000000, 0.000000000000000000 ) ) ;
#903 = LINE ( 'NONE', #2231, #2521 ) ;
#904 = VECTOR ( 'NONE', #1331, 1000.000000000000000 ) ;
#905 = MECHANICAL_DESIGN_GEOMETRIC_PRESENTATION_REPRESENTATION (  '', ( #2520 ), #158 ) ;
#906 = CLOSED_SHELL ( 'NONE', ( #1377, #973, #1375, #2533, #1730, #806, #1604, #403, #1027, #188, #1008, #1404, #1075 ) ) ;
#907 = ORIENTED_EDGE ( 'NONE', *, *, #865, .F. ) ;
#908 = SURFACE_STYLE_USAGE ( .BOTH. , #2180 ) ;
#909 = CARTESIAN_POINT ( 'NONE',  ( 0.9844267569670331897, -4.878909776184769953E-16, 0.5250000000000003553 ) ) ;
#910 = CARTESIAN_POINT ( 'NONE',  ( 0.6866110369285715054, 0.5974368559923075583, 0.1250000000000004441 ) ) ;
#911 = AXIS2_PLACEMENT_3D ( 'NONE', #2417, #1631, #320 ) ;
#912 = AXIS2_PLACEMENT_3D ( 'NONE', #185, #174, #1087 ) ;
#913 = ORIENTED_EDGE ( 'NONE', *, *, #1510, .T. ) ;
#914 = AXIS2_PLACEMENT_3D ( 'NONE', #1163, #1382, #516 ) ;
#915 = DIRECTION ( 'NONE',  ( 0.000000000000000000, -0.000000000000000000, -1.000000000000000000 ) ) ;
#916 = CIRCLE ( 'NONE', #2669, 0.06238976095519885301 ) ;
#917 = ORIENTED_EDGE ( 'NONE', *, *, #737, .T. ) ;
#918 = DIRECTION ( 'NONE',  ( 1.000000000000000000, 0.000000000000000000, 0.000000000000000000 ) ) ;
#919 = DIRECTION ( 'NONE',  ( -2.710505431213761085E-16, -0.000000000000000000, -1.000000000000000000 ) ) ;
#920 = ADVANCED_FACE ( 'NONE', ( #2695 ), #964, .F. ) ;
#921 = ORIENTED_EDGE ( 'NONE', *, *, #582, .T. ) ;
#922 = SURFACE_STYLE_USAGE ( .BOTH. , #878 ) ;
#923 = CARTESIAN_POINT ( 'NONE',  ( -0.8594267569670310802, 0.6249999999999994449, 0.5250000000000003553 ) ) ;
#924 = DIRECTION ( 'NONE',  ( 1.000000000000000000, 4.408285320598016267E-15, 0.000000000000000000 ) ) ;
#925 = EDGE_CURVE ( 'NONE', #1735, #1926, #1541, .T. ) ;
#926 = ORIENTED_EDGE ( 'NONE', *, *, #64, .F. ) ;
#927 = DIRECTION ( 'NONE',  ( -0.000000000000000000, -0.000000000000000000, -1.000000000000000000 ) ) ;
#928 = MANIFOLD_SOLID_BREP ( 'Cut-Extrude1', #483 ) ;
#929 = ORIENTED_EDGE ( 'NONE', *, *, #1662, .F. ) ;
#930 = LINE ( 'NONE', #218, #258 ) ;
#931 = CYLINDRICAL_SURFACE ( 'NONE', #1823, 0.06238976095519885301 ) ;
#932 = ORIENTED_EDGE ( 'NONE', *, *, #637, .F. ) ;
#933 = PLANE ( 'NONE',  #2748 ) ;
#934 = CARTESIAN_POINT ( 'NONE',  ( 1.050000000000001377, -2.475995625340219932E-20, -0.1249999999999995698 ) ) ;
#935 = DIRECTION ( 'NONE',  ( -0.000000000000000000, 0.000000000000000000, 1.000000000000000000 ) ) ;
#936 = ORIENTED_EDGE ( 'NONE', *, *, #1669, .F. ) ;
#937 = EDGE_CURVE ( 'NONE', #790, #1948, #1193, .T. ) ;
#938 = DIRECTION ( 'NONE',  ( 0.9875184002197689992, -0.1575036800439534590, 0.000000000000000000 ) ) ;
#939 = DIRECTION ( 'NONE',  ( -1.000000000000000000, 0.000000000000000000, 0.000000000000000000 ) ) ;
#940 = VECTOR ( 'NONE', #1466, 1000.000000000000000 ) ;
#941 = ORIENTED_EDGE ( 'NONE', *, *, #334, .T. ) ;
#942 = EDGE_CURVE ( 'NONE', #961, #388, #2754, .T. ) ;
#943 = DIRECTION ( 'NONE',  ( 1.000000000000000000, 0.000000000000000000, 0.000000000000000000 ) ) ;
#944 = CARTESIAN_POINT ( 'NONE',  ( -0.6249999999999996669, 0.5876102390448011414, 0.1250000000000004441 ) ) ;
#945 = VERTEX_POINT ( 'NONE', #43 ) ;
#946 = CARTESIAN_POINT ( 'NONE',  ( -1.050000000000000044, 0.1749999999999999056, -0.5249999999999995781 ) ) ;
#947 = LINE ( 'NONE', #909, #1304 ) ;
#948 = DIRECTION ( 'NONE',  ( -0.000000000000000000, 0.000000000000000000, 1.000000000000000000 ) ) ;
#949 = COLOUR_RGB ( '',0.7921568627450980005, 0.8196078431372548767, 0.9333333333333333481 ) ;
#950 = ORIENTED_EDGE ( 'NONE', *, *, #421, .F. ) ;
#951 = DIRECTION ( 'NONE',  ( 1.000000000000000000, 0.000000000000000000, 0.000000000000000000 ) ) ;
#952 = DIRECTION ( 'NONE',  ( -0.1575036800439534590, -0.9875184002197689992, 0.000000000000000000 ) ) ;
#953 = CARTESIAN_POINT ( 'NONE',  ( -0.3325082496721913916, 1.099999999999999645, -0.7657701508415083458 ) ) ;
#954 = ADVANCED_FACE ( 'NONE', ( #2725 ), #933, .T. ) ;
#955 = AXIS2_PLACEMENT_3D ( 'NONE', #109, #2283, #2513 ) ;
#956 = AXIS2_PLACEMENT_3D ( 'NONE', #2813, #1671, #1452 ) ;
#957 = VERTEX_POINT ( 'NONE', #1207 ) ;
#958 = DIRECTION ( 'NONE',  ( 0.000000000000000000, 1.000000000000000000, 0.000000000000000000 ) ) ;
#959 = VECTOR ( 'NONE', #952, 1000.000000000000114 ) ;
#960 = VECTOR ( 'NONE', #1890, 1000.000000000000000 ) ;
#961 = VERTEX_POINT ( 'NONE', #2087 ) ;
#962 = LINE ( 'NONE', #2026, #254 ) ;
#963 = ORIENTED_EDGE ( 'NONE', *, *, #2390, .F. ) ;
#964 = PLANE ( 'NONE',  #997 ) ;
#965 = DIRECTION ( 'NONE',  ( -0.1391731009600656876, 0.9902680687415702510, 0.000000000000000000 ) ) ;
#966 = VERTEX_POINT ( 'NONE', #89 ) ;
#967 = CARTESIAN_POINT ( 'NONE',  ( -0.6249999999999996669, 0.5876102390448011414, 0.7750000000000003553 ) ) ;
#968 = LINE ( 'NONE', #2530, #311 ) ;
#969 = CARTESIAN_POINT ( 'NONE',  ( 0.9228157200384597969, 0.2275631440076917589, 0.5250000000000003553 ) ) ;
#970 = ORIENTED_EDGE ( 'NONE', *, *, #2303, .T. ) ;
#971 = DIRECTION ( 'NONE',  ( -0.000000000000000000, -0.000000000000000000, -1.000000000000000000 ) ) ;
#972 = ORIENTED_EDGE ( 'NONE', *, *, #321, .T. ) ;
#973 = ADVANCED_FACE ( 'NONE', ( #1591 ), #2504, .F. ) ;
#974 = CARTESIAN_POINT ( 'NONE',  ( 0.8594267569670310802, 0.6249999999999994449, -0.7749999999999995781 ) ) ;
#975 = EDGE_CURVE ( 'NONE', #15, #2308, #752, .T. ) ;
#976 = ORIENTED_EDGE ( 'NONE', *, *, #1358, .T. ) ;
#977 = DIRECTION ( 'NONE',  ( -0.1391731009600656876, -0.9902680687415703620, 0.000000000000000000 ) ) ;
#978 =( LENGTH_UNIT ( ) NAMED_UNIT ( * ) SI_UNIT ( .MILLI., .METRE. ) );
#979 = FACE_OUTER_BOUND ( 'NONE', #605, .T. ) ;
#980 = ORIENTED_EDGE ( 'NONE', *, *, #1248, .F. ) ;
#981 = CARTESIAN_POINT ( 'NONE',  ( 0.9844267569670314133, 0.2373897609551982868, 0.7750000000000003553 ) ) ;
#982 = CARTESIAN_POINT ( 'NONE',  ( -0.6249999999999996669, 0.5876102390448011414, -0.7749999999999995781 ) ) ;
#983 = CARTESIAN_POINT ( 'NONE',  ( -0.9844267569670331897, -4.878909776184769953E-16, 0.1250000000000004441 ) ) ;
#984 = EDGE_LOOP ( 'NONE', ( #1430, #1895, #1295, #454 ) ) ;
#985 = DIRECTION ( 'NONE',  ( 0.000000000000000000, -0.000000000000000000, -1.000000000000000000 ) ) ;
#986 = ORIENTED_EDGE ( 'NONE', *, *, #2561, .T. ) ;
#987 = CARTESIAN_POINT ( 'NONE',  ( 1.050000000000001377, -2.475995625340219932E-20, 0.5250000000000003553 ) ) ;
#988 = EDGE_CURVE ( 'NONE', #2618, #1192, #482, .T. ) ;
#989 = ORIENTED_EDGE ( 'NONE', *, *, #476, .T. ) ;
#990 = DIRECTION ( 'NONE',  ( -0.000000000000000000, -0.000000000000000000, -1.000000000000000000 ) ) ;
#991 = CARTESIAN_POINT ( 'NONE',  ( -0.3325082496721913916, 0.9999999999999995559, -0.8849104537154827144 ) ) ;
#992 = EDGE_CURVE ( 'NONE', #1241, #1467, #2250, .T. ) ;
#993 = ORIENTED_EDGE ( 'NONE', *, *, #718, .T. ) ;
#994 = DIRECTION ( 'NONE',  ( 0.000000000000000000, 1.000000000000000000, 0.000000000000000000 ) ) ;
#995 = CARTESIAN_POINT ( 'NONE',  ( 0.9844267569670331897, -4.878909776184769953E-16, 0.1250000000000004441 ) ) ;
#996 = FACE_OUTER_BOUND ( 'NONE', #723, .T. ) ;
#997 = AXIS2_PLACEMENT_3D ( 'NONE', #771, #2262, #2461 ) ;
#998 = VECTOR ( 'NONE', #1434, 1000.000000000000114 ) ;
#999 = ORIENTED_EDGE ( 'NONE', *, *, #731, .F. ) ;
#1000 = CYLINDRICAL_SURFACE ( 'NONE', #809, 0.2373897609551988697 ) ;
#1001 = VECTOR ( 'NONE', #2382, 1000.000000000000114 ) ;
#1002 = VERTEX_POINT ( 'NONE', #1868 ) ;
#1003 = CIRCLE ( 'NONE', #1461, 0.2373897609551988697 ) ;
#1004 = DIRECTION ( 'NONE',  ( -1.000000000000000000, 0.000000000000000000, 0.000000000000000000 ) ) ;
#1005 = AXIS2_PLACEMENT_3D ( 'NONE', #530, #2314, #329 ) ;
#1006 = DIRECTION ( 'NONE',  ( 1.000000000000000000, 0.000000000000000000, -0.000000000000000000 ) ) ;
#1007 = SURFACE_STYLE_FILL_AREA ( #1236 ) ;
#1008 = ADVANCED_FACE ( 'NONE', ( #293 ), #1621, .F. ) ;
#1009 = EDGE_LOOP ( 'NONE', ( #362, #1493, #2439, #2478 ) ) ;
#1010 = DIRECTION ( 'NONE',  ( 0.000000000000000000, -0.000000000000000000, -1.000000000000000000 ) ) ;
#1011 = CARTESIAN_POINT ( 'NONE',  ( 0.5477025409136848655, 0.1000000000000003664, -0.9999999999999995559 ) ) ;
#1012 = DIRECTION ( 'NONE',  ( 0.1575036800439535145, 0.9875184002197689992, -0.000000000000000000 ) ) ;
#1013 = ADVANCED_FACE ( 'NONE', ( #2770 ), #132, .T. ) ;
#1014 = ADVANCED_FACE ( 'NONE', ( #1235 ), #1049, .F. ) ;
#1015 = ORIENTED_EDGE ( 'NONE', *, *, #379, .F. ) ;
#1016 = DIRECTION ( 'NONE',  ( -0.000000000000000000, -0.000000000000000000, -1.000000000000000000 ) ) ;
#1017 = ORIENTED_EDGE ( 'NONE', *, *, #1429, .F. ) ;
#1018 = LINE ( 'NONE', #1896, #810 ) ;
#1019 = PLANE ( 'NONE',  #1130 ) ;
#1020 = CYLINDRICAL_SURFACE ( 'NONE', #1813, 0.06238976095519885301 ) ;
#1021 = ORIENTED_EDGE ( 'NONE', *, *, #865, .T. ) ;
#1022 = FACE_OUTER_BOUND ( 'NONE', #404, .T. ) ;
#1023 = PLANE ( 'NONE',  #1052 ) ;
#1024 = FACE_OUTER_BOUND ( 'NONE', #617, .T. ) ;
#1025 = ORIENTED_EDGE ( 'NONE', *, *, #869, .T. ) ;
#1026 = DIRECTION ( 'NONE',  ( 1.000000000000000000, 7.440397257356628543E-15, 0.000000000000000000 ) ) ;
#1027 = ADVANCED_FACE ( 'NONE', ( #1259 ), #1019, .F. ) ;
#1028 = ORIENTED_EDGE ( 'NONE', *, *, #1071, .F. ) ;
#1029 = DIRECTION ( 'NONE',  ( -7.440019664986507137E-15, 1.000000000000000000, 0.000000000000000000 ) ) ;
#1030 = DIRECTION ( 'NONE',  ( -1.000000000000000000, 0.000000000000000000, 0.000000000000000000 ) ) ;
#1031 = LINE ( 'NONE', #1722, #2600 ) ;
#1032 = ORIENTED_EDGE ( 'NONE', *, *, #334, .F. ) ;
#1033 = CARTESIAN_POINT ( 'NONE',  ( 0.6249999999999996669, 0.6500000000000000222, 0.7750000000000003553 ) ) ;
#1034 = CARTESIAN_POINT ( 'NONE',  ( 0.5477025409136844214, 0.1000000000000003664, -0.9999999999999997780 ) ) ;
#1035 = DIRECTION ( 'NONE',  ( 0.000000000000000000, -1.000000000000000000, 0.000000000000000000 ) ) ;
#1036 = ORIENTED_EDGE ( 'NONE', *, *, #1337, .F. ) ;
#1037 = LINE ( 'NONE', #2184, #2145 ) ;
#1038 = VECTOR ( 'NONE', #1944, 1000.000000000000000 ) ;
#1039 = EDGE_CURVE ( 'NONE', #198, #1536, #1897, .T. ) ;
#1040 = STYLED_ITEM ( 'NONE', ( #56 ), #928 ) ;
#1041 = CLOSED_SHELL ( 'NONE', ( #756, #1697, #1253, #1306, #700, #2476, #680, #2027, #565, #1013, #2508, #1272, #2370 ) ) ;
#1042 = ORIENTED_EDGE ( 'NONE', *, *, #2176, .F. ) ;
#1043 = ORIENTED_EDGE ( 'NONE', *, *, #2548, .F. ) ;
#1044 = DIRECTION ( 'NONE',  ( 1.000000000000000000, 0.000000000000000000, 0.000000000000000000 ) ) ;
#1045 = AXIS2_PLACEMENT_3D ( 'NONE', #1655, #2537, #2437 ) ;
#1046 = EDGE_CURVE ( 'NONE', #1716, #2557, #353, .T. ) ;
#1047 = VECTOR ( 'NONE', #1540, 1000.000000000000000 ) ;
#1048 = AXIS2_PLACEMENT_3D ( 'NONE', #195, #1254, #1480 ) ;
#1049 = PLANE ( 'NONE',  #1776 ) ;
#1050 = FILL_AREA_STYLE_COLOUR ( '', #2507 ) ;
#1051 = AXIS2_PLACEMENT_3D ( 'NONE', #2609, #830, #1080 ) ;
#1052 = AXIS2_PLACEMENT_3D ( 'NONE', #995, #2762, #1672 ) ;
#1053 = ORIENTED_EDGE ( 'NONE', *, *, #2083, .T. ) ;
#1054 = CARTESIAN_POINT ( 'NONE',  ( -1.050000000000000044, 0.1749999999999999056, 0.1250000000000004441 ) ) ;
#1055 = DIRECTION ( 'NONE',  ( -1.000000000000000000, 0.000000000000000000, 0.000000000000000000 ) ) ;
#1056 = ORIENTED_EDGE ( 'NONE', *, *, #419, .T. ) ;
#1057 = DIRECTION ( 'NONE',  ( -1.000000000000000000, 0.000000000000000000, 0.000000000000000000 ) ) ;
#1058 = ORIENTED_EDGE ( 'NONE', *, *, #1280, .T. ) ;
#1059 = ORIENTED_EDGE ( 'NONE', *, *, #1145, .F. ) ;
#1060 = DIRECTION ( 'NONE',  ( -0.000000000000000000, -0.000000000000000000, -1.000000000000000000 ) ) ;
#1061 = ADVANCED_FACE ( 'NONE', ( #1474 ), #1885, .T. ) ;
#1062 = EDGE_CURVE ( 'NONE', #2249, #945, #1711, .T. ) ;
#1063 = CARTESIAN_POINT ( 'NONE',  ( 0.8594267569670310802, 0.6249999999999994449, -0.7749999999999995781 ) ) ;
#1064 = VERTEX_POINT ( 'NONE', #1486 ) ;
#1065 = DIRECTION ( 'NONE',  ( -1.000000000000000000, 0.000000000000000000, 0.000000000000000000 ) ) ;
#1066 = CARTESIAN_POINT ( 'NONE',  ( -0.3325082496721913916, 0.9999999999999995559, -0.7657701508415083458 ) ) ;
#1067 = DIRECTION ( 'NONE',  ( 1.000000000000000000, 0.000000000000000000, 0.000000000000000000 ) ) ;
#1068 = ORIENTED_EDGE ( 'NONE', *, *, #2644, .T. ) ;
#1069 = CARTESIAN_POINT ( 'NONE',  ( -1.050000000000000044, 0.1749999999999999056, -0.1249999999999995698 ) ) ;
#1070 = ORIENTED_EDGE ( 'NONE', *, *, #2509, .F. ) ;
#1071 = EDGE_CURVE ( 'NONE', #891, #2720, #2118, .T. ) ;
#1072 = VERTEX_POINT ( 'NONE', #2781 ) ;
#1073 = LINE ( 'NONE', #2419, #351 ) ;
#1074 = LINE ( 'NONE', #1530, #304 ) ;
#1075 = ADVANCED_FACE ( 'NONE', ( #2102 ), #2562, .F. ) ;
#1076 = VECTOR ( 'NONE', #2675, 1000.000000000000000 ) ;
#1077 = ORIENTED_EDGE ( 'NONE', *, *, #2733, .T. ) ;
#1078 = AXIS2_PLACEMENT_3D ( 'NONE', #2824, #597, #409 ) ;
#1079 = DIRECTION ( 'NONE',  ( -0.9875184002197689992, 0.1575036800439535145, 0.000000000000000000 ) ) ;
#1080 = DIRECTION ( 'NONE',  ( 1.000000000000000000, 7.440019664986507137E-15, 0.000000000000000000 ) ) ;
#1081 = EDGE_CURVE ( 'NONE', #1241, #1385, #1909, .T. ) ;
#1082 = ORIENTED_EDGE ( 'NONE', *, *, #2865, .F. ) ;
#1083 = LINE ( 'NONE', #791, #352 ) ;
#1084 = ORIENTED_EDGE ( 'NONE', *, *, #496, .T. ) ;
#1085 = ORIENTED_EDGE ( 'NONE', *, *, #493, .F. ) ;
#1086 = DIRECTION ( 'NONE',  ( 0.9902680687415703620, -0.1391731009600657432, -2.684126978681588843E-16 ) ) ;
#1087 = DIRECTION ( 'NONE',  ( -1.000000000000000000, 0.000000000000000000, 0.000000000000000000 ) ) ;
#1088 = AXIS2_PLACEMENT_3D ( 'NONE', #2366, #1889, #1065 ) ;
#1089 = DIRECTION ( 'NONE',  ( -0.1391731009600657432, 0.9902680687415703620, 0.000000000000000000 ) ) ;
#1090 = CIRCLE ( 'NONE', #1415, 0.06238976095519874199 ) ;
#1091 = CIRCLE ( 'NONE', #1547, 0.1191403028739743825 ) ;
#1092 = ORIENTED_EDGE ( 'NONE', *, *, #2216, .F. ) ;
#1093 = DIRECTION ( 'NONE',  ( -0.000000000000000000, -1.000000000000000000, -0.000000000000000000 ) ) ;
#1094 = CARTESIAN_POINT ( 'NONE',  ( 0.6249999999999996669, 0.5876102390448011414, 0.7750000000000003553 ) ) ;
#1095 = FACE_OUTER_BOUND ( 'NONE', #2198, .T. ) ;
#1096 = VECTOR ( 'NONE', #360, 1000.000000000000000 ) ;
#1097 = ORIENTED_EDGE ( 'NONE', *, *, #825, .F. ) ;
#1098 = ADVANCED_FACE ( 'NONE', ( #2351 ), #366, .F. ) ;
#1099 = EDGE_CURVE ( 'NONE', #2677, #500, #1699, .T. ) ;
#1100 = DIRECTION ( 'NONE',  ( 0.000000000000000000, -0.000000000000000000, 1.000000000000000000 ) ) ;
#1101 = ORIENTED_EDGE ( 'NONE', *, *, #1429, .T. ) ;
#1102 = PLANE ( 'NONE',  #1587 ) ;
#1103 = CARTESIAN_POINT ( 'NONE',  ( -0.6249999999999996669, 0.5876102390448011414, -0.5249999999999995781 ) ) ;
#1104 = LINE ( 'NONE', #886, #2850 ) ;
#1105 = CARTESIAN_POINT ( 'NONE',  ( 0.6250000000000003331, 0.6500000000000000222, -0.9999999999999995559 ) ) ;
#1106 = EDGE_LOOP ( 'NONE', ( #2523, #1059, #2072, #2236 ) ) ;
#1107 = CYLINDRICAL_SURFACE ( 'NONE', #1577, 0.1191403028739743825 ) ;
#1108 = DIRECTION ( 'NONE',  ( -1.000000000000000000, 0.000000000000000000, 0.000000000000000000 ) ) ;
#1109 = VERTEX_POINT ( 'NONE', #2131 ) ;
#1110 = CARTESIAN_POINT ( 'NONE',  ( -0.9844267569670331897, -4.878909776184769953E-16, -0.5249999999999995781 ) ) ;
#1111 = ORIENTED_EDGE ( 'NONE', *, *, #2085, .T. ) ;
#1112 = LINE ( 'NONE', #51, #1688 ) ;
#1113 = LINE ( 'NONE', #2648, #2157 ) ;
#1114 = ADVANCED_FACE ( 'NONE', ( #142 ), #2165, .F. ) ;
#1115 = CARTESIAN_POINT ( 'NONE',  ( 0.6004053539270811646, 0.8249999999999998446, -0.7749999999999995781 ) ) ;
#1116 = APPLICATION_PROTOCOL_DEFINITION ( 'draft international standard', 'automotive_design', 1998, #453 ) ;
#1117 = ORIENTED_EDGE ( 'NONE', *, *, #2471, .F. ) ;
#1118 = DIRECTION ( 'NONE',  ( -1.000000000000000000, 0.000000000000000000, 0.000000000000000000 ) ) ;
#1119 = FACE_OUTER_BOUND ( 'NONE', #528, .T. ) ;
#1120 = CARTESIAN_POINT ( 'NONE',  ( 0.6866110369285715054, 0.5974368559923075583, -0.5249999999999995781 ) ) ;
#1121 = VERTEX_POINT ( 'NONE', #159 ) ;
#1122 = VECTOR ( 'NONE', #1406, 1000.000000000000000 ) ;
#1123 = DIRECTION ( 'NONE',  ( -1.000000000000000000, 0.000000000000000000, 0.000000000000000000 ) ) ;
#1124 = ORIENTED_EDGE ( 'NONE', *, *, #1529, .F. ) ;
#1125 = LINE ( 'NONE', #2431, #2614 ) ;
#1126 = EDGE_CURVE ( 'NONE', #1338, #128, #813, .T. ) ;
#1127 = CARTESIAN_POINT ( 'NONE',  ( 0.7500000000000001110, 0.2000000000000000389, -0.5249999999999995781 ) ) ;
#1128 = VECTOR ( 'NONE', #277, 1000.000000000000114 ) ;
#1129 = APPLICATION_PROTOCOL_DEFINITION ( 'draft international standard', 'automotive_design', 1998, #2117 ) ;
#1130 = AXIS2_PLACEMENT_3D ( 'NONE', #1220, #1275, #796 ) ;
#1131 = CLOSED_SHELL ( 'NONE', ( #2778, #920, #1624, #1061, #1014, #1801, #1464, #2596, #2333, #1782, #1893, #1979, #2422 ) ) ;
#1132 = ORIENTED_EDGE ( 'NONE', *, *, #100, .F. ) ;
#1133 = CARTESIAN_POINT ( 'NONE',  ( -0.9844267569670314133, 0.2373897609551982868, 0.5250000000000003553 ) ) ;
#1134 = CARTESIAN_POINT ( 'NONE',  ( 0.6004053539270811646, 0.8249999999999998446, 0.7750000000000003553 ) ) ;
#1135 = DIRECTION ( 'NONE',  ( -1.000000000000000000, 0.000000000000000000, 0.000000000000000000 ) ) ;
#1136 = AXIS2_PLACEMENT_3D ( 'NONE', #1244, #1473, #564 ) ;
#1137 = AXIS2_PLACEMENT_3D ( 'NONE', #689, #1539, #2025 ) ;
#1138 = EDGE_LOOP ( 'NONE', ( #1867, #2280, #2129, #2134 ) ) ;
#1139 = AXIS2_PLACEMENT_3D ( 'NONE', #2445, #253, #1100 ) ;
#1140 = CARTESIAN_POINT ( 'NONE',  ( -0.6866110369285715054, 0.5974368559923075583, 0.5250000000000003553 ) ) ;
#1141 = ORIENTED_EDGE ( 'NONE', *, *, #280, .F. ) ;
#1142 = DIRECTION ( 'NONE',  ( 0.000000000000000000, -0.000000000000000000, -1.000000000000000000 ) ) ;
#1143 = CARTESIAN_POINT ( 'NONE',  ( -0.6249999999999996669, 0.5876102390448011414, -0.5249999999999995781 ) ) ;
#1144 = EDGE_CURVE ( 'NONE', #394, #1925, #1496, .T. ) ;
#1145 = EDGE_CURVE ( 'NONE', #204, #560, #1302, .T. ) ;
#1146 = ORIENTED_EDGE ( 'NONE', *, *, #85, .T. ) ;
#1147 = DIRECTION ( 'NONE',  ( 1.000000000000000000, 0.000000000000000000, 0.000000000000000000 ) ) ;
#1148 = LINE ( 'NONE', #2481, #1076 ) ;
#1149 = CARTESIAN_POINT ( 'NONE',  ( -0.9844267569670314133, 0.2373897609551982868, -0.1249999999999995698 ) ) ;
#1150 = ADVANCED_FACE ( 'NONE', ( #222 ), #2670, .F. ) ;
#1151 = EDGE_LOOP ( 'NONE', ( #1201, #376, #97, #742 ) ) ;
#1152 = DIRECTION ( 'NONE',  ( 0.1575036800439534590, -0.9875184002197689992, 0.000000000000000000 ) ) ;
#1153 = FACE_OUTER_BOUND ( 'NONE', #871, .T. ) ;
#1154 = VERTEX_POINT ( 'NONE', #621 ) ;
#1155 = CARTESIAN_POINT ( 'NONE',  ( -1.050000000000000044, 0.1749999999999999056, 0.5250000000000003553 ) ) ;
#1156 = VERTEX_POINT ( 'NONE', #1998 ) ;
#1157 = DIRECTION ( 'NONE',  ( -0.000000000000000000, 1.000000000000000000, -0.000000000000000000 ) ) ;
#1158 = ORIENTED_EDGE ( 'NONE', *, *, #631, .T. ) ;
#1159 = CARTESIAN_POINT ( 'NONE',  ( -0.6004053539270811646, 0.8249999999999998446, 0.1250000000000004441 ) ) ;
#1160 = CARTESIAN_POINT ( 'NONE',  ( -0.7500000000000001110, 0.2000000000000000389, 0.7750000000000003553 ) ) ;
#1161 = DIRECTION ( 'NONE',  ( 0.000000000000000000, -0.000000000000000000, -1.000000000000000000 ) ) ;
#1162 = ORIENTED_EDGE ( 'NONE', *, *, #152, .T. ) ;
#1163 = CARTESIAN_POINT ( 'NONE',  ( 0.6249999999999996669, 0.5876102390448011414, -0.5249999999999995781 ) ) ;
#1164 = CARTESIAN_POINT ( 'NONE',  ( -0.6004053539270811646, 0.8249999999999998446, 0.7750000000000003553 ) ) ;
#1165 = DIRECTION ( 'NONE',  ( 0.1575036800439534590, 0.9875184002197689992, 0.000000000000000000 ) ) ;
#1166 = AXIS2_PLACEMENT_3D ( 'NONE', #2192, #2863, #176 ) ;
#1167 = ORIENTED_EDGE ( 'NONE', *, *, #121, .F. ) ;
#1168 = DIRECTION ( 'NONE',  ( 0.000000000000000000, -0.000000000000000000, -1.000000000000000000 ) ) ;
#1169 = EDGE_LOOP ( 'NONE', ( #748, #781, #1425, #1852 ) ) ;
#1170 = DIRECTION ( 'NONE',  ( -0.000000000000000000, -0.000000000000000000, -1.000000000000000000 ) ) ;
#1171 = ORIENTED_EDGE ( 'NONE', *, *, #582, .F. ) ;
#1172 = CARTESIAN_POINT ( 'NONE',  ( 0.6866110369285715054, 0.5974368559923075583, 0.1250000000000004441 ) ) ;
#1173 = DIRECTION ( 'NONE',  ( -1.000000000000000000, 0.000000000000000000, 0.000000000000000000 ) ) ;
#1174 = CARTESIAN_POINT ( 'NONE',  ( 0.6004053539270811646, 0.8249999999999998446, -0.5249999999999995781 ) ) ;
#1175 = VECTOR ( 'NONE', #2002, 1000.000000000000000 ) ;
#1176 = VERTEX_POINT ( 'NONE', #2604 ) ;
#1177 = CARTESIAN_POINT ( 'NONE',  ( -0.9844267569670318574, 0.1749999999999994338, -0.5249999999999995781 ) ) ;
#1178 = VECTOR ( 'NONE', #795, 1000.000000000000114 ) ;
#1179 = AXIS2_PLACEMENT_3D ( 'NONE', #1862, #1187, #84 ) ;
#1180 = CARTESIAN_POINT ( 'NONE',  ( 0.9844267569670318574, 0.1749999999999994338, -0.5249999999999995781 ) ) ;
#1181 = LINE ( 'NONE', #317, #2567 ) ;
#1182 = AXIS2_PLACEMENT_3D ( 'NONE', #2394, #902, #1775 ) ;
#1183 = AXIS2_PLACEMENT_3D ( 'NONE', #1177, #2761, #283 ) ;
#1184 = EDGE_CURVE ( 'NONE', #364, #2249, #234, .T. ) ;
#1185 = EDGE_CURVE ( 'NONE', #602, #1488, #638, .T. ) ;
#1186 = VERTEX_POINT ( 'NONE', #452 ) ;
#1187 = DIRECTION ( 'NONE',  ( -0.000000000000000000, 0.000000000000000000, 1.000000000000000000 ) ) ;
#1188 = AXIS2_PLACEMENT_3D ( 'NONE', #2060, #2494, #2726 ) ;
#1189 = CIRCLE ( 'NONE', #2251, 0.06238976095519885301 ) ;
#1190 = VERTEX_POINT ( 'NONE', #1559 ) ;
#1191 = DIRECTION ( 'NONE',  ( 1.000000000000000000, 0.000000000000000000, -0.000000000000000000 ) ) ;
#1192 = VERTEX_POINT ( 'NONE', #1127 ) ;
#1193 = LINE ( 'NONE', #1390, #2378 ) ;
#1194 = CARTESIAN_POINT ( 'NONE',  ( 0.6249999999999996669, 0.5876102390448011414, 0.1250000000000004441 ) ) ;
#1195 = DIRECTION ( 'NONE',  ( -1.000000000000000000, 0.000000000000000000, 0.000000000000000000 ) ) ;
#1196 = ADVANCED_FACE ( 'NONE', ( #2862 ), #1517, .F. ) ;
#1197 = VERTEX_POINT ( 'NONE', #1753 ) ;
#1198 = CARTESIAN_POINT ( 'NONE',  ( 0.6004053539270811646, 0.8249999999999998446, -0.5249999999999995781 ) ) ;
#1199 = CARTESIAN_POINT ( 'NONE',  ( 1.050000000000000044, 0.1749999999999999056, 0.7750000000000003553 ) ) ;
#1200 = FACE_OUTER_BOUND ( 'NONE', #1417, .T. ) ;
#1201 = ORIENTED_EDGE ( 'NONE', *, *, #2723, .F. ) ;
#1202 = CYLINDRICAL_SURFACE ( 'NONE', #623, 0.2373897609551987586 ) ;
#1203 = ADVANCED_FACE ( 'NONE', ( #1336 ), #1953, .T. ) ;
#1204 = ORIENTED_EDGE ( 'NONE', *, *, #2595, .T. ) ;
#1205 = LINE ( 'NONE', #308, #1588 ) ;
#1206 = VERTEX_POINT ( 'NONE', #187 ) ;
#1207 = CARTESIAN_POINT ( 'NONE',  ( 0.9228157200384597969, 0.2275631440076917589, -0.5249999999999995781 ) ) ;
#1208 = CARTESIAN_POINT ( 'NONE',  ( 0.6250000000000003331, 0.6500000000000000222, 1.000000000000000222 ) ) ;
#1209 = VERTEX_POINT ( 'NONE', #856 ) ;
#1210 = CARTESIAN_POINT ( 'NONE',  ( -0.3325082496721913916, 0.9999999999999995559, -0.7657701508415083458 ) ) ;
#1211 = LINE ( 'NONE', #2092, #495 ) ;
#1212 = DIRECTION ( 'NONE',  ( 0.000000000000000000, 0.000000000000000000, 1.000000000000000000 ) ) ;
#1213 = VERTEX_POINT ( 'NONE', #14 ) ;
#1214 = CARTESIAN_POINT ( 'NONE',  ( 0.9844267569670331897, -4.878909776184769953E-16, 0.1250000000000004441 ) ) ;
#1215 = EDGE_LOOP ( 'NONE', ( #523, #1171, #1481, #686 ) ) ;
#1216 = EDGE_CURVE ( 'NONE', #1488, #358, #1074, .T. ) ;
#1217 = CARTESIAN_POINT ( 'NONE',  ( 0.9844267569670318574, 0.1749999999999994338, 0.1250000000000004441 ) ) ;
#1218 = EDGE_CURVE ( 'NONE', #128, #1209, #854, .T. ) ;
#1219 = EDGE_CURVE ( 'NONE', #2153, #1980, #2395, .T. ) ;
#1220 = CARTESIAN_POINT ( 'NONE',  ( -0.9844267569670331897, -4.878909776184769953E-16, 0.1250000000000004441 ) ) ;
#1221 = LINE ( 'NONE', #2552, #289 ) ;
#1222 = EDGE_LOOP ( 'NONE', ( #2270, #1469, #1255, #773 ) ) ;
#1223 = DIRECTION ( 'NONE',  ( -0.000000000000000000, -0.000000000000000000, -1.000000000000000000 ) ) ;
#1224 = FILL_AREA_STYLE ('',( #1833 ) ) ;
#1225 = VECTOR ( 'NONE', #2841, 1000.000000000000114 ) ;
#1226 = ORIENTED_EDGE ( 'NONE', *, *, #2490, .T. ) ;
#1227 = VECTOR ( 'NONE', #659, 1000.000000000000114 ) ;
#1228 = CARTESIAN_POINT ( 'NONE',  ( -0.7500000000000001110, 0.2000000000000000389, 0.7750000000000003553 ) ) ;
#1229 = STYLED_ITEM ( 'NONE', ( #166 ), #1863 ) ;
#1230 = AXIS2_PLACEMENT_3D ( 'NONE', #1249, #1278, #1261 ) ;
#1231 = VERTEX_POINT ( 'NONE', #1115 ) ;
#1232 = VECTOR ( 'NONE', #91, 1000.000000000000000 ) ;
#1233 = CARTESIAN_POINT ( 'NONE',  ( -0.9844267569670318574, 0.1749999999999994893, 0.1250000000000004441 ) ) ;
#1234 = AXIS2_PLACEMENT_3D ( 'NONE', #1066, #2801, #1703 ) ;
#1235 = FACE_OUTER_BOUND ( 'NONE', #1838, .T. ) ;
#1236 = FILL_AREA_STYLE ('',( #753 ) ) ;
#1237 = ORIENTED_EDGE ( 'NONE', *, *, #1492, .T. ) ;
#1238 = DIRECTION ( 'NONE',  ( 0.000000000000000000, -0.000000000000000000, -1.000000000000000000 ) ) ;
#1239 = CARTESIAN_POINT ( 'NONE',  ( 0.9844267569670318574, 0.1749999999999994338, 0.7750000000000003553 ) ) ;
#1240 = DIRECTION ( 'NONE',  ( 0.000000000000000000, -0.000000000000000000, -1.000000000000000000 ) ) ;
#1241 = VERTEX_POINT ( 'NONE', #1288 ) ;
#1242 = DIRECTION ( 'NONE',  ( -7.434529182757748747E-15, -1.000000000000000000, 0.000000000000000000 ) ) ;
#1243 = EDGE_LOOP ( 'NONE', ( #1141, #1092 ) ) ;
#1244 = CARTESIAN_POINT ( 'NONE',  ( 0.6249999999999996669, 0.5876102390448011414, 0.5250000000000003553 ) ) ;
#1245 = CARTESIAN_POINT ( 'NONE',  ( -0.6249999999999996669, 0.8249999999999999556, 0.7750000000000003553 ) ) ;
#1246 = SURFACE_SIDE_STYLE ('',( #2590 ) ) ;
#1247 = EDGE_LOOP ( 'NONE', ( #2587, #2312, #2211, #1298 ) ) ;
#1248 = EDGE_CURVE ( 'NONE', #204, #1581, #761, .T. ) ;
#1249 = CARTESIAN_POINT ( 'NONE',  ( -0.6249999999999996669, 0.5876102390448011414, -0.5249999999999995781 ) ) ;
#1250 = DIRECTION ( 'NONE',  ( 1.000000000000000000, -7.440019664986507137E-15, -0.000000000000000000 ) ) ;
#1251 = CARTESIAN_POINT ( 'NONE',  ( 0.6249999999999996669, 0.8249999999999999556, -0.1249999999999995698 ) ) ;
#1252 = ORIENTED_EDGE ( 'NONE', *, *, #1492, .F. ) ;
#1253 = ADVANCED_FACE ( 'NONE', ( #1765 ), #1, .F. ) ;
#1254 = DIRECTION ( 'NONE',  ( -0.000000000000000000, -0.000000000000000000, -1.000000000000000000 ) ) ;
#1255 = ORIENTED_EDGE ( 'NONE', *, *, #2629, .T. ) ;
#1256 = VERTEX_POINT ( 'NONE', #2015 ) ;
#1257 = CARTESIAN_POINT ( 'NONE',  ( -0.3325082496721913916, 1.099999999999999645, -0.6466298479675339772 ) ) ;
#1258 = CIRCLE ( 'NONE', #1766, 0.06238976095519874199 ) ;
#1259 = FACE_OUTER_BOUND ( 'NONE', #799, .T. ) ;
#1260 = VERTEX_POINT ( 'NONE', #2221 ) ;
#1261 = DIRECTION ( 'NONE',  ( -1.000000000000000000, 0.000000000000000000, 0.000000000000000000 ) ) ;
#1262 = CARTESIAN_POINT ( 'NONE',  ( -0.6866110369285715054, 0.5974368559923075583, -0.5249999999999995781 ) ) ;
#1263 = ORIENTED_EDGE ( 'NONE', *, *, #1145, .T. ) ;
#1264 = DIRECTION ( 'NONE',  ( -1.000000000000000000, -7.440019664986507137E-15, 0.000000000000000000 ) ) ;
#1265 = AXIS2_PLACEMENT_3D ( 'NONE', #1198, #743, #2090 ) ;
#1266 = EDGE_CURVE ( 'NONE', #594, #1395, #903, .T. ) ;
#1267 = EDGE_CURVE ( 'NONE', #2772, #1405, #245, .T. ) ;
#1268 = VERTEX_POINT ( 'NONE', #2622 ) ;
#1269 = ORIENTED_EDGE ( 'NONE', *, *, #769, .F. ) ;
#1270 = DIRECTION ( 'NONE',  ( -0.1391731009600656876, -0.9902680687415703620, 0.000000000000000000 ) ) ;
#1271 = AXIS2_PLACEMENT_3D ( 'NONE', #607, #1465, #1006 ) ;
#1272 = ADVANCED_FACE ( 'NONE', ( #2409 ), #264, .T. ) ;
#1273 = COLOUR_RGB ( '',1.000000000000000000, 1.000000000000000000, 1.000000000000000000 ) ;
#1274 = AXIS2_PLACEMENT_3D ( 'NONE', #882, #646, #2023 ) ;
#1275 = DIRECTION ( 'NONE',  ( 7.440019664986507137E-15, 1.000000000000000000, -0.000000000000000000 ) ) ;
#1276 = AXIS2_PLACEMENT_3D ( 'NONE', #1736, #271, #1599 ) ;
#1277 = VERTEX_POINT ( 'NONE', #1634 ) ;
#1278 = DIRECTION ( 'NONE',  ( -0.000000000000000000, -0.000000000000000000, -1.000000000000000000 ) ) ;
#1279 = DIRECTION ( 'NONE',  ( -1.000000000000000000, 0.000000000000000000, 0.000000000000000000 ) ) ;
#1280 = EDGE_CURVE ( 'NONE', #2141, #1625, #28, .T. ) ;
#1281 = ORIENTED_EDGE ( 'NONE', *, *, #2012, .F. ) ;
#1282 = CARTESIAN_POINT ( 'NONE',  ( 1.050000000000001377, -2.475995625340219932E-20, -0.5249999999999995781 ) ) ;
#1283 = ORIENTED_EDGE ( 'NONE', *, *, #1940, .T. ) ;
#1284 = EDGE_LOOP ( 'NONE', ( #803, #1036, #1584, #2576, #212, #70, #2401, #1642, #2174, #883, #563 ) ) ;
#1285 = EDGE_CURVE ( 'NONE', #1256, #2654, #2383, .T. ) ;
#1286 = LINE ( 'NONE', #1558, #1546 ) ;
#1287 = EDGE_CURVE ( 'NONE', #1791, #594, #962, .T. ) ;
#1288 = CARTESIAN_POINT ( 'NONE',  ( -0.8594267569670310802, 0.6249999999999994449, -0.5249999999999995781 ) ) ;
#1289 = PLANE ( 'NONE',  #1078 ) ;
#1290 = VERTEX_POINT ( 'NONE', #1388 ) ;
#1291 =( NAMED_UNIT ( * ) PLANE_ANGLE_UNIT ( ) SI_UNIT ( $, .RADIAN. ) );
#1292 = PLANE ( 'NONE',  #1696 ) ;
#1293 = CARTESIAN_POINT ( 'NONE',  ( 0.9844267569670314133, 0.2373897609551982868, -0.1249999999999995698 ) ) ;
#1294 = UNCERTAINTY_MEASURE_WITH_UNIT (LENGTH_MEASURE( 1.000000000000000082E-05 ), #857, 'distance_accuracy_value', 'NONE');
#1295 = ORIENTED_EDGE ( 'NONE', *, *, #664, .T. ) ;
#1296 = CARTESIAN_POINT ( 'NONE',  ( 0.9844267569670318574, 0.1749999999999994338, -0.5249999999999995781 ) ) ;
#1297 = ORIENTED_EDGE ( 'NONE', *, *, #2278, .T. ) ;
#1298 = ORIENTED_EDGE ( 'NONE', *, *, #1046, .T. ) ;
#1299 = DIRECTION ( 'NONE',  ( 1.000000000000000000, -7.440019664986507137E-15, -0.000000000000000000 ) ) ;
#1300 = CARTESIAN_POINT ( 'NONE',  ( -0.3325082496721913916, 0.9999999999999995559, -0.7657701508415083458 ) ) ;
#1301 = ADVANCED_FACE ( 'NONE', ( #2040 ), #1851, .F. ) ;
#1302 = LINE ( 'NONE', #464, #22 ) ;
#1303 = LINE ( 'NONE', #2842, #940 ) ;
#1304 = VECTOR ( 'NONE', #2252, 1000.000000000000000 ) ;
#1305 = ADVANCED_FACE ( 'NONE', ( #2519 ), #497, .F. ) ;
#1306 = ADVANCED_FACE ( 'NONE', ( #73 ), #538, .T. ) ;
#1307 = ORIENTED_EDGE ( 'NONE', *, *, #2810, .T. ) ;
#1308 = FILL_AREA_STYLE_COLOUR ( '', #1317 ) ;
#1309 = FACE_OUTER_BOUND ( 'NONE', #106, .T. ) ;
#1310 = DIRECTION ( 'NONE',  ( -7.434529182757748747E-15, -1.000000000000000000, 0.000000000000000000 ) ) ;
#1311 = ORIENTED_EDGE ( 'NONE', *, *, #1318, .F. ) ;
#1312 = LINE ( 'NONE', #1579, #1416 ) ;
#1313 = VERTEX_POINT ( 'NONE', #2722 ) ;
#1314 = LINE ( 'NONE', #1571, #1777 ) ;
#1315 = CARTESIAN_POINT ( 'NONE',  ( -0.6249999999999996669, 0.5876102390448011414, 0.7750000000000003553 ) ) ;
#1316 = CARTESIAN_POINT ( 'NONE',  ( -0.9228157200384597969, 0.2275631440076917589, 0.1250000000000004441 ) ) ;
#1317 = COLOUR_RGB ( '',0.7921568627450980005, 0.8196078431372548767, 0.9333333333333333481 ) ;
#1318 = EDGE_CURVE ( 'NONE', #2797, #364, #1205, .T. ) ;
#1319 = VECTOR ( 'NONE', #1941, 1000.000000000000114 ) ;
#1320 = CARTESIAN_POINT ( 'NONE',  ( -0.6249999999999996669, 0.5876102390448011414, 0.7750000000000003553 ) ) ;
#1321 = VECTOR ( 'NONE', #62, 1000.000000000000114 ) ;
#1322 = VECTOR ( 'NONE', #2817, 1000.000000000000000 ) ;
#1323 = VERTEX_POINT ( 'NONE', #87 ) ;
#1324 = DIRECTION ( 'NONE',  ( 1.000000000000000000, 4.408285320598016267E-15, 0.000000000000000000 ) ) ;
#1325 = AXIS2_PLACEMENT_3D ( 'NONE', #2075, #948, #1195 ) ;
#1326 = LINE ( 'NONE', #2030, #1676 ) ;
#1327 = CYLINDRICAL_SURFACE ( 'NONE', #717, 0.06238976095519874199 ) ;
#1328 = CIRCLE ( 'NONE', #170, 0.2373897609551988697 ) ;
#1329 = UNCERTAINTY_MEASURE_WITH_UNIT (LENGTH_MEASURE( 1.000000000000000082E-05 ), #2352, 'distance_accuracy_value', 'NONE');
#1330 = ORIENTED_EDGE ( 'NONE', *, *, #472, .T. ) ;
#1331 = DIRECTION ( 'NONE',  ( 0.000000000000000000, -0.000000000000000000, -1.000000000000000000 ) ) ;
#1332 = EDGE_CURVE ( 'NONE', #1385, #2766, #703, .T. ) ;
#1333 = EDGE_LOOP ( 'NONE', ( #2786, #1907, #1705, #2540, #1015, #1687, #839, #1167, #861, #1701, #2826 ) ) ;
#1334 = CARTESIAN_POINT ( 'NONE',  ( 0.5477025409136848655, 0.1000000000000003664, 1.000000000000000222 ) ) ;
#1335 = LINE ( 'NONE', #1950, #2667 ) ;
#1336 = FACE_OUTER_BOUND ( 'NONE', #2018, .T. ) ;
#1337 = EDGE_CURVE ( 'NONE', #2042, #2171, #690, .T. ) ;
#1338 = VERTEX_POINT ( 'NONE', #974 ) ;
#1339 = FILL_AREA_STYLE ('',( #1308 ) ) ;
#1340 = DIRECTION ( 'NONE',  ( 1.000000000000000000, -4.408285320598016267E-15, 0.000000000000000000 ) ) ;
#1341 = DIRECTION ( 'NONE',  ( 0.000000000000000000, -0.000000000000000000, -1.000000000000000000 ) ) ;
#1342 = EDGE_CURVE ( 'NONE', #2427, #2645, #1822, .T. ) ;
#1343 = VERTEX_POINT ( 'NONE', #2681 ) ;
#1344 = CARTESIAN_POINT ( 'NONE',  ( -0.6249999999999996669, 0.5876102390448011414, -0.7749999999999995781 ) ) ;
#1345 = ORIENTED_EDGE ( 'NONE', *, *, #459, .F. ) ;
#1346 = DIRECTION ( 'NONE',  ( 0.1391731009600656876, 0.9902680687415702510, -0.000000000000000000 ) ) ;
#1347 = DIRECTION ( 'NONE',  ( 1.000000000000000000, 0.000000000000000000, 0.000000000000000000 ) ) ;
#1348 = DIRECTION ( 'NONE',  ( 0.000000000000000000, 0.000000000000000000, 1.000000000000000000 ) ) ;
#1349 = ORIENTED_EDGE ( 'NONE', *, *, #1071, .T. ) ;
#1350 = CARTESIAN_POINT ( 'NONE',  ( -0.3325082496721913916, 1.099999999999999645, -0.7657701508415083458 ) ) ;
#1351 = LINE ( 'NONE', #2685, #120 ) ;
#1352 = AXIS2_PLACEMENT_3D ( 'NONE', #1551, #237, #4 ) ;
#1353 = ORIENTED_EDGE ( 'NONE', *, *, #2125, .T. ) ;
#1354 = DIRECTION ( 'NONE',  ( -0.1575036800439535145, 0.9875184002197689992, 0.000000000000000000 ) ) ;
#1355 = EDGE_LOOP ( 'NONE', ( #970, #333, #1423, #340 ) ) ;
#1356 = DIRECTION ( 'NONE',  ( 1.000000000000000000, 0.000000000000000000, 0.000000000000000000 ) ) ;
#1357 = EDGE_CURVE ( 'NONE', #1197, #1488, #1572, .T. ) ;
#1358 = EDGE_CURVE ( 'NONE', #640, #1508, #2459, .T. ) ;
#1359 = PLANE ( 'NONE',  #1686 ) ;
#1360 = MECHANICAL_DESIGN_GEOMETRIC_PRESENTATION_REPRESENTATION (  '', ( #436 ), #1641 ) ;
#1361 = ORIENTED_EDGE ( 'NONE', *, *, #2599, .T. ) ;
#1362 = CARTESIAN_POINT ( 'NONE',  ( -0.6866110369285715054, 0.5974368559923075583, 0.1250000000000004441 ) ) ;
#1363 = DIRECTION ( 'NONE',  ( 7.434529182757748747E-15, -1.000000000000000000, 0.000000000000000000 ) ) ;
#1364 = CARTESIAN_POINT ( 'NONE',  ( 0.6249999999999996669, 0.5876102390448011414, 0.1250000000000004441 ) ) ;
#1365 = AXIS2_PLACEMENT_3D ( 'NONE', #1710, #1483, #2536 ) ;
#1366 = AXIS2_PLACEMENT_3D ( 'NONE', #1774, #2665, #943 ) ;
#1367 = AXIS2_PLACEMENT_3D ( 'NONE', #199, #1086, #2485 ) ;
#1368 = ORIENTED_EDGE ( 'NONE', *, *, #1905, .F. ) ;
#1369 = DIRECTION ( 'NONE',  ( 1.000000000000000000, 0.000000000000000000, 0.000000000000000000 ) ) ;
#1370 = LINE ( 'NONE', #1164, #2805 ) ;
#1371 = VECTOR ( 'NONE', #1957, 1000.000000000000000 ) ;
#1372 = ORIENTED_EDGE ( 'NONE', *, *, #2008, .F. ) ;
#1373 = DIRECTION ( 'NONE',  ( 0.000000000000000000, -0.000000000000000000, -1.000000000000000000 ) ) ;
#1374 = ORIENTED_EDGE ( 'NONE', *, *, #2320, .T. ) ;
#1375 = ADVANCED_FACE ( 'NONE', ( #522 ), #1359, .F. ) ;
#1376 = CARTESIAN_POINT ( 'NONE',  ( -0.6866110369285715054, 0.5974368559923075583, 0.7750000000000003553 ) ) ;
#1377 = ADVANCED_FACE ( 'NONE', ( #1585 ), #931, .F. ) ;
#1378 = EDGE_LOOP ( 'NONE', ( #1773, #183, #1025, #993, #55, #138, #2606, #1734, #1204, #2718, #425 ) ) ;
#1379 = FACE_OUTER_BOUND ( 'NONE', #2106, .T. ) ;
#1380 = CARTESIAN_POINT ( 'NONE',  ( -0.6249999999999996669, 0.6500000000000000222, -0.5249999999999995781 ) ) ;
#1381 = ORIENTED_EDGE ( 'NONE', *, *, #435, .F. ) ;
#1382 = DIRECTION ( 'NONE',  ( -0.000000000000000000, -0.000000000000000000, -1.000000000000000000 ) ) ;
#1383 = DIRECTION ( 'NONE',  ( -7.434529182757748747E-15, -1.000000000000000000, 0.000000000000000000 ) ) ;
#1384 = CYLINDRICAL_SURFACE ( 'NONE', #2206, 0.2373897609551987586 ) ;
#1385 = VERTEX_POINT ( 'NONE', #2491 ) ;
#1386 = LINE ( 'NONE', #287, #117 ) ;
#1387 = ORIENTED_EDGE ( 'NONE', *, *, #1871, .T. ) ;
#1388 = CARTESIAN_POINT ( 'NONE',  ( 0.6004053539270811646, 0.8249999999999998446, -0.1249999999999995698 ) ) ;
#1389 = ORIENTED_EDGE ( 'NONE', *, *, #812, .F. ) ;
#1390 = CARTESIAN_POINT ( 'NONE',  ( -1.050000000000000044, 0.1749999999999999056, 0.1250000000000004441 ) ) ;
#1391 = LINE ( 'NONE', #77, #1951 ) ;
#1392 = CARTESIAN_POINT ( 'NONE',  ( -0.6249999999999996669, 0.5876102390448011414, 0.5250000000000003553 ) ) ;
#1393 = ADVANCED_FACE ( 'NONE', ( #509 ), #1883, .F. ) ;
#1394 = EDGE_CURVE ( 'NONE', #727, #2427, #2130, .T. ) ;
#1395 = VERTEX_POINT ( 'NONE', #987 ) ;
#1396 = LINE ( 'NONE', #529, #580 ) ;
#1397 = CARTESIAN_POINT ( 'NONE',  ( 0.6004053539270811646, 0.8249999999999998446, -0.5249999999999995781 ) ) ;
#1398 = DIRECTION ( 'NONE',  ( -0.000000000000000000, -0.000000000000000000, -1.000000000000000000 ) ) ;
#1399 = STYLED_ITEM ( 'NONE', ( #2276 ), #2821 ) ;
#1400 = ORIENTED_EDGE ( 'NONE', *, *, #35, .T. ) ;
#1401 = DIRECTION ( 'NONE',  ( -0.9902680687415703620, 0.1391731009600656876, 0.000000000000000000 ) ) ;
#1402 = ORIENTED_EDGE ( 'NONE', *, *, #435, .T. ) ;
#1403 = DIRECTION ( 'NONE',  ( 1.000000000000000000, 0.000000000000000000, 0.000000000000000000 ) ) ;
#1404 = ADVANCED_FACE ( 'NONE', ( #1865 ), #2550, .T. ) ;
#1405 = VERTEX_POINT ( 'NONE', #2362 ) ;
#1406 = DIRECTION ( 'NONE',  ( 0.000000000000000000, -0.000000000000000000, -1.000000000000000000 ) ) ;
#1407 = CARTESIAN_POINT ( 'NONE',  ( 0.000000000000000000, 1.099999999999999645, 0.000000000000000000 ) ) ;
#1408 = PRESENTATION_LAYER_ASSIGNMENT (  '', '', ( #1040 ) ) ;
#1409 = ORIENTED_EDGE ( 'NONE', *, *, #215, .F. ) ;
#1410 = EDGE_CURVE ( 'NONE', #1847, #394, #768, .T. ) ;
#1411 = CARTESIAN_POINT ( 'NONE',  ( 0.6866110369285715054, 0.5974368559923075583, -0.1249999999999995698 ) ) ;
#1412 = VECTOR ( 'NONE', #118, 1000.000000000000114 ) ;
#1413 = DIRECTION ( 'NONE',  ( 1.000000000000000000, 0.000000000000000000, 0.000000000000000000 ) ) ;
#1414 = FACE_OUTER_BOUND ( 'NONE', #444, .T. ) ;
#1415 = AXIS2_PLACEMENT_3D ( 'NONE', #2162, #1060, #2300 ) ;
#1416 = VECTOR ( 'NONE', #270, 1000.000000000000000 ) ;
#1417 = EDGE_LOOP ( 'NONE', ( #624, #1835, #162, #2266 ) ) ;
#1418 = PLANE ( 'NONE',  #2109 ) ;
#1419 = VECTOR ( 'NONE', #1310, 1000.000000000000000 ) ;
#1420 = VECTOR ( 'NONE', #2555, 1000.000000000000000 ) ;
#1421 = ORIENTED_EDGE ( 'NONE', *, *, #1570, .F. ) ;
#1422 = CARTESIAN_POINT ( 'NONE',  ( -0.6249999999999996669, 0.5876102390448011414, -0.5249999999999995781 ) ) ;
#1423 = ORIENTED_EDGE ( 'NONE', *, *, #1285, .F. ) ;
#1424 = CARTESIAN_POINT ( 'NONE',  ( 0.9844267569670318574, 0.1749999999999994338, 0.5250000000000003553 ) ) ;
#1425 = ORIENTED_EDGE ( 'NONE', *, *, #562, .T. ) ;
#1426 = CARTESIAN_POINT ( 'NONE',  ( -0.8594267569670310802, 0.6249999999999994449, -0.7749999999999995781 ) ) ;
#1427 = CARTESIAN_POINT ( 'NONE',  ( 1.050000000000000044, 0.1749999999999999056, -0.1249999999999995698 ) ) ;
#1428 = CARTESIAN_POINT ( 'NONE',  ( -0.8594267569670310802, 0.6249999999999994449, -0.1249999999999995698 ) ) ;
#1429 = EDGE_CURVE ( 'NONE', #2528, #2193, #2780, .T. ) ;
#1430 = ORIENTED_EDGE ( 'NONE', *, *, #1218, .F. ) ;
#1431 = DIRECTION ( 'NONE',  ( 4.408285320598016267E-15, -1.000000000000000000, 0.000000000000000000 ) ) ;
#1432 = EDGE_CURVE ( 'NONE', #1856, #1735, #2769, .T. ) ;
#1433 = ORIENTED_EDGE ( 'NONE', *, *, #1729, .T. ) ;
#1434 = DIRECTION ( 'NONE',  ( 0.1391731009600657987, -0.9902680687415702510, 0.000000000000000000 ) ) ;
#1435 = CARTESIAN_POINT ( 'NONE',  ( -0.9844267569670318574, 0.1749999999999994893, 0.7750000000000003553 ) ) ;
#1436 = CARTESIAN_POINT ( 'NONE',  ( -0.6004053539270811646, 0.8249999999999998446, -0.1249999999999995698 ) ) ;
#1437 = ORIENTED_EDGE ( 'NONE', *, *, #789, .F. ) ;
#1438 = LINE ( 'NONE', #341, #662 ) ;
#1439 = LINE ( 'NONE', #787, #1420 ) ;
#1440 = FACE_OUTER_BOUND ( 'NONE', #2679, .T. ) ;
#1441 = ORIENTED_EDGE ( 'NONE', *, *, #2788, .T. ) ;
#1442 = CARTESIAN_POINT ( 'NONE',  ( 0.6249999999999996669, 0.8249999999999999556, 0.7750000000000003553 ) ) ;
#1443 = VECTOR ( 'NONE', #1363, 1000.000000000000000 ) ;
#1444 = EDGE_LOOP ( 'NONE', ( #1670, #2097, #1017, #2385 ) ) ;
#1445 = EDGE_CURVE ( 'NONE', #2768, #2572, #1908, .T. ) ;
#1446 = DIRECTION ( 'NONE',  ( 1.000000000000000000, 7.440397257356628543E-15, 0.000000000000000000 ) ) ;
#1447 = EDGE_CURVE ( 'NONE', #2364, #1072, #2795, .T. ) ;
#1448 = EDGE_CURVE ( 'NONE', #190, #961, #2384, .T. ) ;
#1449 = DIRECTION ( 'NONE',  ( -0.1575036800439534590, 0.9875184002197689992, 0.000000000000000000 ) ) ;
#1450 = FACE_OUTER_BOUND ( 'NONE', #1681, .T. ) ;
#1451 = EDGE_LOOP ( 'NONE', ( #2373, #1882, #976, #168 ) ) ;
#1452 = DIRECTION ( 'NONE',  ( 0.000000000000000000, 0.000000000000000000, 1.000000000000000000 ) ) ;
#1453 = CARTESIAN_POINT ( 'NONE',  ( -0.9228157200384597969, 0.2275631440076917589, 0.5250000000000003553 ) ) ;
#1454 = VECTOR ( 'NONE', #1238, 1000.000000000000000 ) ;
#1455 = VECTOR ( 'NONE', #390, 1000.000000000000000 ) ;
#1456 = ORIENTED_EDGE ( 'NONE', *, *, #1669, .T. ) ;
#1457 = LINE ( 'NONE', #603, #1964 ) ;
#1458 = VECTOR ( 'NONE', #531, 1000.000000000000000 ) ;
#1459 = VECTOR ( 'NONE', #915, 1000.000000000000000 ) ;
#1460 = VERTEX_POINT ( 'NONE', #1695 ) ;
#1461 = AXIS2_PLACEMENT_3D ( 'NONE', #1610, #513, #707 ) ;
#1462 = PLANE ( 'NONE',  #1365 ) ;
#1463 = VECTOR ( 'NONE', #278, 1000.000000000000000 ) ;
#1464 = ADVANCED_FACE ( 'NONE', ( #2750 ), #2098, .F. ) ;
#1465 = DIRECTION ( 'NONE',  ( 0.000000000000000000, 0.000000000000000000, 1.000000000000000000 ) ) ;
#1466 = DIRECTION ( 'NONE',  ( 0.000000000000000000, -0.000000000000000000, -1.000000000000000000 ) ) ;
#1467 = VERTEX_POINT ( 'NONE', #606 ) ;
#1468 = CARTESIAN_POINT ( 'NONE',  ( 0.9844267569670331897, -4.878909776184769953E-16, -0.7749999999999995781 ) ) ;
#1469 = ORIENTED_EDGE ( 'NONE', *, *, #1062, .T. ) ;
#1470 = CARTESIAN_POINT ( 'NONE',  ( -0.9844267569670331897, -4.878909776184769953E-16, -0.7749999999999995781 ) ) ;
#1471 = ORIENTED_EDGE ( 'NONE', *, *, #637, .T. ) ;
#1472 = ORIENTED_EDGE ( 'NONE', *, *, #2033, .F. ) ;
#1473 = DIRECTION ( 'NONE',  ( -0.000000000000000000, -0.000000000000000000, -1.000000000000000000 ) ) ;
#1474 = FACE_OUTER_BOUND ( 'NONE', #604, .T. ) ;
#1475 = ORIENTED_EDGE ( 'NONE', *, *, #186, .F. ) ;
#1476 = DIRECTION ( 'NONE',  ( -0.000000000000000000, 0.000000000000000000, 1.000000000000000000 ) ) ;
#1477 = EDGE_CURVE ( 'NONE', #75, #177, #2578, .T. ) ;
#1478 = EDGE_CURVE ( 'NONE', #358, #1856, #2706, .T. ) ;
#1479 = ORIENTED_EDGE ( 'NONE', *, *, #1698, .T. ) ;
#1480 = DIRECTION ( 'NONE',  ( -1.000000000000000000, 0.000000000000000000, 0.000000000000000000 ) ) ;
#1481 = ORIENTED_EDGE ( 'NONE', *, *, #1337, .T. ) ;
#1482 = ORIENTED_EDGE ( 'NONE', *, *, #2435, .T. ) ;
#1483 = DIRECTION ( 'NONE',  ( -0.9875184002197689992, -0.1575036800439534590, 0.000000000000000000 ) ) ;
#1484 = COLOUR_RGB ( '',0.7921568627450980005, 0.8196078431372548767, 0.9333333333333333481 ) ;
#1485 = AXIS2_PLACEMENT_3D ( 'NONE', #668, #2225, #1811 ) ;
#1486 = CARTESIAN_POINT ( 'NONE',  ( 1.050000000000001377, -2.475995625340219932E-20, 0.1250000000000004441 ) ) ;
#1487 = DIRECTION ( 'NONE',  ( -0.9902680687415703620, 0.1391731009600657432, 5.368253957363176454E-17 ) ) ;
#1488 = VERTEX_POINT ( 'NONE', #782 ) ;
#1489 = PLANE ( 'NONE',  #2335 ) ;
#1490 = CARTESIAN_POINT ( 'NONE',  ( -0.5477025409136841994, 0.1000000000000003664, 1.000000000000000222 ) ) ;
#1491 = LINE ( 'NONE', #1251, #2612 ) ;
#1492 = EDGE_CURVE ( 'NONE', #688, #140, #377, .T. ) ;
#1493 = ORIENTED_EDGE ( 'NONE', *, *, #466, .F. ) ;
#1494 = CARTESIAN_POINT ( 'NONE',  ( 0.5617566243839240414, 1.099999999999999645, 1.000000000000000222 ) ) ;
#1495 = AXIS2_PLACEMENT_3D ( 'NONE', #1159, #2738, #977 ) ;
#1496 = CIRCLE ( 'NONE', #1045, 0.2373897609551987586 ) ;
#1497 = VECTOR ( 'NONE', #770, 1000.000000000000114 ) ;
#1498 = ORIENTED_EDGE ( 'NONE', *, *, #722, .T. ) ;
#1499 = ORIENTED_EDGE ( 'NONE', *, *, #942, .T. ) ;
#1500 = FACE_OUTER_BOUND ( 'NONE', #1009, .T. ) ;
#1501 = VECTOR ( 'NONE', #924, 1000.000000000000000 ) ;
#1502 = CIRCLE ( 'NONE', #72, 0.1191403028739743825 ) ;
#1503 = DIRECTION ( 'NONE',  ( 0.9902680687415703620, 0.1391731009600657432, -2.684126978681588843E-16 ) ) ;
#1504 = CIRCLE ( 'NONE', #1786, 0.06238976095519885301 ) ;
#1505 = ORIENTED_EDGE ( 'NONE', *, *, #296, .T. ) ;
#1506 = LINE ( 'NONE', #2411, #1866 ) ;
#1507 = LINE ( 'NONE', #1977, #1974 ) ;
#1508 = VERTEX_POINT ( 'NONE', #1257 ) ;
#1509 = CARTESIAN_POINT ( 'NONE',  ( -0.6249999999999996669, 0.8249999999999999556, -0.1249999999999995698 ) ) ;
#1510 = EDGE_CURVE ( 'NONE', #347, #75, #1666, .T. ) ;
#1511 = ORIENTED_EDGE ( 'NONE', *, *, #925, .F. ) ;
#1512 = EDGE_LOOP ( 'NONE', ( #1723, #1532 ) ) ;
#1513 = CYLINDRICAL_SURFACE ( 'NONE', #1276, 0.2373897609551987586 ) ;
#1514 = DIRECTION ( 'NONE',  ( 1.000000000000000000, 4.408285320598016267E-15, 0.000000000000000000 ) ) ;
#1515 = EDGE_CURVE ( 'NONE', #388, #616, #1018, .T. ) ;
#1516 = ADVANCED_FACE ( 'NONE', ( #1678 ), #1462, .F. ) ;
#1517 = CYLINDRICAL_SURFACE ( 'NONE', #2472, 0.06238976095519874199 ) ;
#1518 = FACE_OUTER_BOUND ( 'NONE', #2501, .T. ) ;
#1519 = ORIENTED_EDGE ( 'NONE', *, *, #2033, .T. ) ;
#1520 = DIRECTION ( 'NONE',  ( -0.000000000000000000, 0.000000000000000000, 1.000000000000000000 ) ) ;
#1521 = CARTESIAN_POINT ( 'NONE',  ( -0.6249999999999996669, 0.5876102390448011414, 0.1250000000000004441 ) ) ;
#1522 = CARTESIAN_POINT ( 'NONE',  ( -0.6249999999999996669, 0.5876102390448011414, 0.7750000000000003553 ) ) ;
#1523 = ORIENTED_EDGE ( 'NONE', *, *, #2635, .T. ) ;
#1524 = CARTESIAN_POINT ( 'NONE',  ( 0.6249999999999996669, 0.5876102390448011414, -0.7749999999999995781 ) ) ;
#1525 = ORIENTED_EDGE ( 'NONE', *, *, #1342, .F. ) ;
#1526 = ORIENTED_EDGE ( 'NONE', *, *, #1358, .F. ) ;
#1527 = CARTESIAN_POINT ( 'NONE',  ( -0.3325082496721913916, 0.9999999999999995559, -0.6466298479675339772 ) ) ;
#1528 = CARTESIAN_POINT ( 'NONE',  ( -0.6004053539270811646, 0.8249999999999998446, -0.7749999999999995781 ) ) ;
#1529 = EDGE_CURVE ( 'NONE', #1154, #560, #2375, .T. ) ;
#1530 = CARTESIAN_POINT ( 'NONE',  ( 0.6249999999999996669, 0.8249999999999999556, 0.5250000000000003553 ) ) ;
#1531 = EDGE_CURVE ( 'NONE', #301, #593, #2840, .T. ) ;
#1532 = ORIENTED_EDGE ( 'NONE', *, *, #779, .T. ) ;
#1533 = DIRECTION ( 'NONE',  ( -1.000000000000000000, 0.000000000000000000, 0.000000000000000000 ) ) ;
#1534 = CARTESIAN_POINT ( 'NONE',  ( 0.8594267569670310802, 0.6249999999999994449, -0.1249999999999995698 ) ) ;
#1535 = DIRECTION ( 'NONE',  ( 7.434529182757748747E-15, 1.000000000000000000, 0.000000000000000000 ) ) ;
#1536 = VERTEX_POINT ( 'NONE', #1528 ) ;
#1537 = FACE_OUTER_BOUND ( 'NONE', #2349, .T. ) ;
#1538 = ORIENTED_EDGE ( 'NONE', *, *, #1870, .T. ) ;
#1539 = DIRECTION ( 'NONE',  ( 0.000000000000000000, 0.000000000000000000, 1.000000000000000000 ) ) ;
#1540 = DIRECTION ( 'NONE',  ( 1.000000000000000000, -7.440019664986507137E-15, -0.000000000000000000 ) ) ;
#1541 = CIRCLE ( 'NONE', #112, 0.06238976095519874199 ) ;
#1542 = VECTOR ( 'NONE', #2589, 1000.000000000000000 ) ;
#1543 = VECTOR ( 'NONE', #533, 1000.000000000000000 ) ;
#1544 = DIRECTION ( 'NONE',  ( 1.000000000000000000, -4.408285320598016267E-15, 0.000000000000000000 ) ) ;
#1545 = EDGE_CURVE ( 'NONE', #556, #2806, #1073, .T. ) ;
#1546 = VECTOR ( 'NONE', #1939, 1000.000000000000000 ) ;
#1547 = AXIS2_PLACEMENT_3D ( 'NONE', #145, #1725, #840 ) ;
#1548 = ORIENTED_EDGE ( 'NONE', *, *, #1394, .T. ) ;
#1549 = FILL_AREA_STYLE_COLOUR ( '', #2150 ) ;
#1550 = AXIS2_PLACEMENT_3D ( 'NONE', #2036, #48, #712 ) ;
#1551 = CARTESIAN_POINT ( 'NONE',  ( 1.050000000000000044, 0.1749999999999999056, 0.1250000000000004441 ) ) ;
#1552 = DIRECTION ( 'NONE',  ( -1.000000000000000000, 0.000000000000000000, 0.000000000000000000 ) ) ;
#1553 = CIRCLE ( 'NONE', #2672, 0.2373897609551987586 ) ;
#1554 = EDGE_LOOP ( 'NONE', ( #1966, #877, #2354, #2776 ) ) ;
#1555 = LINE ( 'NONE', #471, #2207 ) ;
#1556 = ORIENTED_EDGE ( 'NONE', *, *, #1081, .T. ) ;
#1557 = LINE ( 'NONE', #2646, #393 ) ;
#1558 = CARTESIAN_POINT ( 'NONE',  ( -0.6249999999999996669, 0.8249999999999999556, -0.7749999999999995781 ) ) ;
#1559 = CARTESIAN_POINT ( 'NONE',  ( -0.6249999999999996669, 0.8249999999999999556, -0.5249999999999995781 ) ) ;
#1560 = DIRECTION ( 'NONE',  ( 1.000000000000000000, 0.000000000000000000, 0.000000000000000000 ) ) ;
#1561 = ORIENTED_EDGE ( 'NONE', *, *, #848, .F. ) ;
#1562 = PRESENTATION_STYLE_ASSIGNMENT (( #922 ) ) ;
#1563 = CARTESIAN_POINT ( 'NONE',  ( -0.5617566243839234863, 1.099999999999999645, -0.9999999999999995559 ) ) ;
#1564 = FACE_OUTER_BOUND ( 'NONE', #2297, .T. ) ;
#1565 = ORIENTED_EDGE ( 'NONE', *, *, #1447, .T. ) ;
#1566 = EDGE_CURVE ( 'NONE', #2171, #2416, #1104, .T. ) ;
#1567 = EDGE_CURVE ( 'NONE', #1231, #2806, #418, .T. ) ;
#1568 = DIRECTION ( 'NONE',  ( 0.000000000000000000, -0.000000000000000000, -1.000000000000000000 ) ) ;
#1569 = ORIENTED_EDGE ( 'NONE', *, *, #632, .F. ) ;
#1570 = EDGE_CURVE ( 'NONE', #1536, #1323, #1286, .T. ) ;
#1571 = CARTESIAN_POINT ( 'NONE',  ( 0.5477025409136848655, 0.1000000000000003664, 1.000000000000000222 ) ) ;
#1572 = LINE ( 'NONE', #274, #349 ) ;
#1573 = ORIENTED_EDGE ( 'NONE', *, *, #371, .F. ) ;
#1574 = EDGE_CURVE ( 'NONE', #2528, #2727, #1335, .T. ) ;
#1575 = DIRECTION ( 'NONE',  ( -0.000000000000000000, -1.000000000000000000, -0.000000000000000000 ) ) ;
#1576 = FACE_OUTER_BOUND ( 'NONE', #1333, .T. ) ;
#1577 = AXIS2_PLACEMENT_3D ( 'NONE', #1350, #1575, #2234 ) ;
#1578 = ORIENTED_EDGE ( 'NONE', *, *, #1478, .T. ) ;
#1579 = CARTESIAN_POINT ( 'NONE',  ( -1.050000000000000044, 0.1749999999999999056, -0.5249999999999995781 ) ) ;
#1580 = CARTESIAN_POINT ( 'NONE',  ( -0.6249999999999996669, 0.5876102390448011414, -0.1249999999999995698 ) ) ;
#1581 = VERTEX_POINT ( 'NONE', #1752 ) ;
#1582 = LINE ( 'NONE', #492, #1645 ) ;
#1583 = EDGE_CURVE ( 'NONE', #2316, #1716, #1969, .T. ) ;
#1584 = ORIENTED_EDGE ( 'NONE', *, *, #611, .F. ) ;
#1585 = FACE_OUTER_BOUND ( 'NONE', #1355, .T. ) ;
#1586 = AXIS2_PLACEMENT_3D ( 'NONE', #1637, #990, #1608 ) ;
#1587 = AXIS2_PLACEMENT_3D ( 'NONE', #242, #2680, #1983 ) ;
#1588 = VECTOR ( 'NONE', #919, 1000.000000000000000 ) ;
#1589 = VECTOR ( 'NONE', #386, 1000.000000000000000 ) ;
#1590 = ORIENTED_EDGE ( 'NONE', *, *, #1219, .F. ) ;
#1591 = FACE_OUTER_BOUND ( 'NONE', #2816, .T. ) ;
#1592 = CARTESIAN_POINT ( 'NONE',  ( 0.6249999999999996669, 0.8249999999999999556, 0.1250000000000004441 ) ) ;
#1593 = CARTESIAN_POINT ( 'NONE',  ( -0.3325082496721913916, 1.099999999999999645, -0.7657701508415083458 ) ) ;
#1594 = AXIS2_PLACEMENT_3D ( 'NONE', #1217, #156, #1654 ) ;
#1595 = AXIS2_PLACEMENT_3D ( 'NONE', #1524, #674, #1123 ) ;
#1596 = AXIS2_PLACEMENT_3D ( 'NONE', #1593, #1639, #726 ) ;
#1597 = ORIENTED_EDGE ( 'NONE', *, *, #281, .F. ) ;
#1598 = DIRECTION ( 'NONE',  ( 0.000000000000000000, -0.000000000000000000, -1.000000000000000000 ) ) ;
#1599 = DIRECTION ( 'NONE',  ( 1.000000000000000000, 0.000000000000000000, 0.000000000000000000 ) ) ;
#1600 = CIRCLE ( 'NONE', #2301, 0.06238976095519885301 ) ;
#1601 = ORIENTED_EDGE ( 'NONE', *, *, #372, .T. ) ;
#1602 = CARTESIAN_POINT ( 'NONE',  ( -0.3325082496721913916, 1.099999999999999645, -0.7657701508415083458 ) ) ;
#1603 = ORIENTED_EDGE ( 'NONE', *, *, #2421, .F. ) ;
#1604 = ADVANCED_FACE ( 'NONE', ( #432 ), #852, .F. ) ;
#1605 = DIRECTION ( 'NONE',  ( -4.408285320598016267E-15, -1.000000000000000000, 0.000000000000000000 ) ) ;
#1606 = EDGE_CURVE ( 'NONE', #367, #231, #2822, .T. ) ;
#1607 = ORIENTED_EDGE ( 'NONE', *, *, #2694, .T. ) ;
#1608 = DIRECTION ( 'NONE',  ( 1.000000000000000000, 0.000000000000000000, 0.000000000000000000 ) ) ;
#1609 = DIRECTION ( 'NONE',  ( -0.000000000000000000, -1.000000000000000000, -0.000000000000000000 ) ) ;
#1610 = CARTESIAN_POINT ( 'NONE',  ( -0.6249999999999996669, 0.5876102390448011414, 0.1250000000000004441 ) ) ;
#1611 = ORIENTED_EDGE ( 'NONE', *, *, #2756, .F. ) ;
#1612 = CARTESIAN_POINT ( 'NONE',  ( 0.9844267569670314133, 0.2373897609551982868, -0.5249999999999995781 ) ) ;
#1613 = CYLINDRICAL_SURFACE ( 'NONE', #815, 0.2373897609551988697 ) ;
#1614 = DIRECTION ( 'NONE',  ( 1.000000000000000000, 0.000000000000000000, 0.000000000000000000 ) ) ;
#1615 = ORIENTED_EDGE ( 'NONE', *, *, #2756, .T. ) ;
#1616 = CARTESIAN_POINT ( 'NONE',  ( -1.050000000000001377, -2.475995625340219932E-20, -0.7749999999999995781 ) ) ;
#1617 = ADVANCED_FACE ( 'NONE', ( #221 ), #2407, .F. ) ;
#1618 = ORIENTED_EDGE ( 'NONE', *, *, #2544, .T. ) ;
#1619 = DIRECTION ( 'NONE',  ( 0.000000000000000000, 0.000000000000000000, 1.000000000000000000 ) ) ;
#1620 = ORIENTED_EDGE ( 'NONE', *, *, #1185, .T. ) ;
#1621 = PLANE ( 'NONE',  #2663 ) ;
#1622 = CARTESIAN_POINT ( 'NONE',  ( -0.9844267569670314133, 0.2373897609551982868, -0.1249999999999995698 ) ) ;
#1623 = CARTESIAN_POINT ( 'NONE',  ( -0.9844267569670318574, 0.1749999999999994338, 0.7750000000000003553 ) ) ;
#1624 = ADVANCED_FACE ( 'NONE', ( #1985 ), #2175, .F. ) ;
#1625 = VERTEX_POINT ( 'NONE', #2189 ) ;
#1626 = DIRECTION ( 'NONE',  ( 0.000000000000000000, 0.000000000000000000, 1.000000000000000000 ) ) ;
#1627 = PLANE ( 'NONE',  #2066 ) ;
#1628 = CARTESIAN_POINT ( 'NONE',  ( 0.000000000000000000, 0.000000000000000000, 1.000000000000000222 ) ) ;
#1629 = MECHANICAL_DESIGN_GEOMETRIC_PRESENTATION_REPRESENTATION (  '', ( #12 ), #384 ) ;
#1630 = ORIENTED_EDGE ( 'NONE', *, *, #1342, .T. ) ;
#1631 = DIRECTION ( 'NONE',  ( 0.000000000000000000, 0.000000000000000000, 1.000000000000000000 ) ) ;
#1632 =( GEOMETRIC_REPRESENTATION_CONTEXT ( 3 ) GLOBAL_UNCERTAINTY_ASSIGNED_CONTEXT ( ( #1294 ) ) GLOBAL_UNIT_ASSIGNED_CONTEXT ( ( #857, #391, #1954 ) ) REPRESENTATION_CONTEXT ( 'NONE', 'WORKASPACE' ) );
#1633 = ORIENTED_EDGE ( 'NONE', *, *, #1280, .F. ) ;
#1634 = CARTESIAN_POINT ( 'NONE',  ( -0.3325082496721913916, 1.099999999999999645, -0.8849104537154827144 ) ) ;
#1635 =( GEOMETRIC_REPRESENTATION_CONTEXT ( 3 ) GLOBAL_UNCERTAINTY_ASSIGNED_CONTEXT ( ( #2197 ) ) GLOBAL_UNIT_ASSIGNED_CONTEXT ( ( #2479, #511, #2029 ) ) REPRESENTATION_CONTEXT ( 'NONE', 'WORKASPACE' ) );
#1636 = ORIENTED_EDGE ( 'NONE', *, *, #1531, .T. ) ;
#1637 = CARTESIAN_POINT ( 'NONE',  ( 0.9844267569670314133, 0.2373897609551982868, -0.5249999999999995781 ) ) ;
#1638 = DIRECTION ( 'NONE',  ( 1.000000000000000000, -7.440019664986507137E-15, -0.000000000000000000 ) ) ;
#1639 = DIRECTION ( 'NONE',  ( 0.000000000000000000, 1.000000000000000000, 0.000000000000000000 ) ) ;
#1640 = ADVANCED_FACE ( 'NONE', ( #2633 ), #2666, .T. ) ;
#1641 =( GEOMETRIC_REPRESENTATION_CONTEXT ( 3 ) GLOBAL_UNCERTAINTY_ASSIGNED_CONTEXT ( ( #2831 ) ) GLOBAL_UNIT_ASSIGNED_CONTEXT ( ( #2440, #2655, #1956 ) ) REPRESENTATION_CONTEXT ( 'NONE', 'WORKASPACE' ) );
#1642 = ORIENTED_EDGE ( 'NONE', *, *, #562, .F. ) ;
#1643 = CARTESIAN_POINT ( 'NONE',  ( -0.9844267569670318574, 0.1749999999999994338, -0.5249999999999995781 ) ) ;
#1644 = AXIS2_PLACEMENT_3D ( 'NONE', #2823, #2551, #596 ) ;
#1645 = VECTOR ( 'NONE', #1373, 1000.000000000000000 ) ;
#1646 = DIRECTION ( 'NONE',  ( 0.000000000000000000, 0.000000000000000000, 1.000000000000000000 ) ) ;
#1647 = CARTESIAN_POINT ( 'NONE',  ( 1.050000000000000044, 0.1749999999999999056, 0.1250000000000004441 ) ) ;
#1648 = AXIS2_PLACEMENT_3D ( 'NONE', #679, #2486, #1270 ) ;
#1649 = VECTOR ( 'NONE', #1844, 1000.000000000000114 ) ;
#1650 = VERTEX_POINT ( 'NONE', #1763 ) ;
#1651 = LINE ( 'NONE', #1228, #860 ) ;
#1652 = AXIS2_PLACEMENT_3D ( 'NONE', #2632, #2839, #2700 ) ;
#1653 = ORIENTED_EDGE ( 'NONE', *, *, #992, .F. ) ;
#1654 = DIRECTION ( 'NONE',  ( -1.000000000000000000, -7.440397257356628543E-15, 0.000000000000000000 ) ) ;
#1655 = CARTESIAN_POINT ( 'NONE',  ( -0.9844267569670314133, 0.2373897609551982868, -0.7749999999999995781 ) ) ;
#1656 = CARTESIAN_POINT ( 'NONE',  ( -0.6249999999999996669, 0.5876102390448011414, 0.7750000000000003553 ) ) ;
#1657 = ORIENTED_EDGE ( 'NONE', *, *, #527, .T. ) ;
#1658 = CARTESIAN_POINT ( 'NONE',  ( 0.6249999999999996669, 0.6500000000000000222, 0.7750000000000003553 ) ) ;
#1659 = LINE ( 'NONE', #2774, #2164 ) ;
#1660 = DIRECTION ( 'NONE',  ( 1.000000000000000000, 0.000000000000000000, 0.000000000000000000 ) ) ;
#1661 = EDGE_CURVE ( 'NONE', #945, #301, #1113, .T. ) ;
#1662 = EDGE_CURVE ( 'NONE', #1948, #1750, #873, .T. ) ;
#1663 = EDGE_LOOP ( 'NONE', ( #2396, #1561, #696, #2492 ) ) ;
#1664 = CARTESIAN_POINT ( 'NONE',  ( -0.9844267569670314133, 0.2373897609551982868, 0.1250000000000004441 ) ) ;
#1665 = ORIENTED_EDGE ( 'NONE', *, *, #472, .F. ) ;
#1666 = LINE ( 'NONE', #1233, #859 ) ;
#1667 = CARTESIAN_POINT ( 'NONE',  ( -0.9844267569670314133, 0.2373897609551982868, -0.5249999999999995781 ) ) ;
#1668 = DIRECTION ( 'NONE',  ( 1.000000000000000000, 0.000000000000000000, -0.000000000000000000 ) ) ;
#1669 = EDGE_CURVE ( 'NONE', #1625, #2618, #2432, .T. ) ;
#1670 = ORIENTED_EDGE ( 'NONE', *, *, #302, .T. ) ;
#1671 = DIRECTION ( 'NONE',  ( 0.000000000000000000, 1.000000000000000000, 0.000000000000000000 ) ) ;
#1672 = DIRECTION ( 'NONE',  ( 1.000000000000000000, 7.440019664986507137E-15, 0.000000000000000000 ) ) ;
#1673 = PRESENTATION_STYLE_ASSIGNMENT (( #2775 ) ) ;
#1674 = EDGE_LOOP ( 'NONE', ( #2690, #1597, #86, #1824 ) ) ;
#1675 = CARTESIAN_POINT ( 'NONE',  ( 0.6250000000000003331, 0.6500000000000000222, 1.000000000000000222 ) ) ;
#1676 = VECTOR ( 'NONE', #1799, 1000.000000000000000 ) ;
#1677 = ORIENTED_EDGE ( 'NONE', *, *, #2241, .F. ) ;
#1678 = FACE_OUTER_BOUND ( 'NONE', #1169, .T. ) ;
#1679 = DIRECTION ( 'NONE',  ( -0.000000000000000000, -0.000000000000000000, -1.000000000000000000 ) ) ;
#1680 = FACE_OUTER_BOUND ( 'NONE', #1512, .T. ) ;
#1681 = EDGE_LOOP ( 'NONE', ( #2812, #2086, #2532, #936, #1633, #575, #65, #2146, #1569, #1472, #704 ) ) ;
#1682 = CYLINDRICAL_SURFACE ( 'NONE', #1230, 0.06238976095519885301 ) ;
#1683 = DIRECTION ( 'NONE',  ( 0.000000000000000000, 0.000000000000000000, 1.000000000000000000 ) ) ;
#1684 = CARTESIAN_POINT ( 'NONE',  ( -0.6866110369285715054, 0.5974368559923075583, 0.1250000000000004441 ) ) ;
#1685 = VECTOR ( 'NONE', #1324, 1000.000000000000000 ) ;
#1686 = AXIS2_PLACEMENT_3D ( 'NONE', #54, #1605, #2246 ) ;
#1687 = ORIENTED_EDGE ( 'NONE', *, *, #2302, .F. ) ;
#1688 = VECTOR ( 'NONE', #2010, 1000.000000000000000 ) ;
#1689 = LINE ( 'NONE', #2615, #2522 ) ;
#1690 = AXIS2_PLACEMENT_3D ( 'NONE', #2790, #101, #1044 ) ;
#1691 = AXIS2_PLACEMENT_3D ( 'NONE', #1344, #2643, #1369 ) ;
#1692 = EDGE_LOOP ( 'NONE', ( #1158, #2391, #2832, #134 ) ) ;
#1693 = FACE_OUTER_BOUND ( 'NONE', #193, .T. ) ;
#1694 = CIRCLE ( 'NONE', #1652, 0.1191403028739743825 ) ;
#1695 = CARTESIAN_POINT ( 'NONE',  ( -0.6866110369285715054, 0.5974368559923075583, -0.7749999999999995781 ) ) ;
#1696 = AXIS2_PLACEMENT_3D ( 'NONE', #863, #1715, #1279 ) ;
#1697 = ADVANCED_FACE ( 'NONE', ( #1500 ), #11, .F. ) ;
#1698 = EDGE_CURVE ( 'NONE', #1385, #292, #1090, .T. ) ;
#1699 = LINE ( 'NONE', #1245, #1455 ) ;
#1700 =( NAMED_UNIT ( * ) SI_UNIT ( $, .STERADIAN. ) SOLID_ANGLE_UNIT ( ) );
#1701 = ORIENTED_EDGE ( 'NONE', *, *, #1729, .F. ) ;
#1702 = FACE_OUTER_BOUND ( 'NONE', #1815, .T. ) ;
#1703 = DIRECTION ( 'NONE',  ( 0.000000000000000000, 0.000000000000000000, 1.000000000000000000 ) ) ;
#1704 = SURFACE_STYLE_FILL_AREA ( #1915 ) ;
#1705 = ORIENTED_EDGE ( 'NONE', *, *, #1448, .F. ) ;
#1706 = LINE ( 'NONE', #833, #1970 ) ;
#1707 = ORIENTED_EDGE ( 'NONE', *, *, #1510, .F. ) ;
#1708 = EDGE_CURVE ( 'NONE', #292, #2844, #2065, .T. ) ;
#1709 = ORIENTED_EDGE ( 'NONE', *, *, #1144, .F. ) ;
#1710 = CARTESIAN_POINT ( 'NONE',  ( 0.8594267569670310802, 0.6249999999999994449, 0.7750000000000003553 ) ) ;
#1711 = LINE ( 'NONE', #2336, #2011 ) ;
#1712 = FILL_AREA_STYLE ('',( #1050 ) ) ;
#1713 = ORIENTED_EDGE ( 'NONE', *, *, #663, .F. ) ;
#1714 = CYLINDRICAL_SURFACE ( 'NONE', #708, 0.2373897609551988697 ) ;
#1715 = DIRECTION ( 'NONE',  ( 0.000000000000000000, 0.000000000000000000, 1.000000000000000000 ) ) ;
#1716 = VERTEX_POINT ( 'NONE', #2093 ) ;
#1717 = DIRECTION ( 'NONE',  ( 0.000000000000000000, -0.000000000000000000, -1.000000000000000000 ) ) ;
#1718 = EDGE_LOOP ( 'NONE', ( #1797, #327, #1456, #2304 ) ) ;
#1719 = DIRECTION ( 'NONE',  ( 4.408285320598016267E-15, -1.000000000000000000, 0.000000000000000000 ) ) ;
#1720 = DIRECTION ( 'NONE',  ( 0.000000000000000000, -0.000000000000000000, 1.000000000000000000 ) ) ;
#1721 = CARTESIAN_POINT ( 'NONE',  ( -0.3325082496721913916, 0.9999999999999995559, -0.8849104537154827144 ) ) ;
#1722 = CARTESIAN_POINT ( 'NONE',  ( 0.9228157200384597969, 0.2275631440076917589, 0.7750000000000003553 ) ) ;
#1723 = ORIENTED_EDGE ( 'NONE', *, *, #792, .T. ) ;
#1724 = EDGE_CURVE ( 'NONE', #2308, #248, #1181, .T. ) ;
#1725 = DIRECTION ( 'NONE',  ( 0.000000000000000000, 1.000000000000000000, 0.000000000000000000 ) ) ;
#1726 = LINE ( 'NONE', #1490, #719 ) ;
#1727 = CARTESIAN_POINT ( 'NONE',  ( 0.9844267569670318574, 0.1749999999999994893, 0.7750000000000003553 ) ) ;
#1728 = ORIENTED_EDGE ( 'NONE', *, *, #2490, .F. ) ;
#1729 = EDGE_CURVE ( 'NONE', #1002, #2664, #2763, .T. ) ;
#1730 = ADVANCED_FACE ( 'NONE', ( #1414 ), #2498, .F. ) ;
#1731 = DIRECTION ( 'NONE',  ( -0.000000000000000000, -0.000000000000000000, -1.000000000000000000 ) ) ;
#1732 = MECHANICAL_DESIGN_GEOMETRIC_PRESENTATION_REPRESENTATION (  '', ( #1040 ), #1635 ) ;
#1733 = AXIS2_PLACEMENT_3D ( 'NONE', #2143, #175, #2793 ) ;
#1734 = ORIENTED_EDGE ( 'NONE', *, *, #2247, .T. ) ;
#1735 = VERTEX_POINT ( 'NONE', #969 ) ;
#1736 = CARTESIAN_POINT ( 'NONE',  ( 0.9844267569670314133, 0.2373897609551982868, -0.5249999999999995781 ) ) ;
#1737 = DIRECTION ( 'NONE',  ( 0.1391731009600657987, -0.9902680687415702510, 0.000000000000000000 ) ) ;
#1738 = VECTOR ( 'NONE', #2319, 1000.000000000000000 ) ;
#1739 =( GEOMETRIC_REPRESENTATION_CONTEXT ( 3 ) GLOBAL_UNCERTAINTY_ASSIGNED_CONTEXT ( ( #2869 ) ) GLOBAL_UNIT_ASSIGNED_CONTEXT ( ( #819, #601, #180 ) ) REPRESENTATION_CONTEXT ( 'NONE', 'WORKASPACE' ) );
#1740 = DIRECTION ( 'NONE',  ( 1.000000000000000000, 0.000000000000000000, 0.000000000000000000 ) ) ;
#1741 = CARTESIAN_POINT ( 'NONE',  ( -0.6866110369285715054, 0.5974368559923075583, -0.5249999999999995781 ) ) ;
#1742 = VECTOR ( 'NONE', #2381, 1000.000000000000000 ) ;
#1743 = ORIENTED_EDGE ( 'NONE', *, *, #1942, .T. ) ;
#1744 = DIRECTION ( 'NONE',  ( -1.000000000000000000, 0.000000000000000000, 0.000000000000000000 ) ) ;
#1745 = CARTESIAN_POINT ( 'NONE',  ( 0.7500000000000001110, 0.2000000000000000389, 0.7750000000000003553 ) ) ;
#1746 = ORIENTED_EDGE ( 'NONE', *, *, #2389, .T. ) ;
#1747 = LINE ( 'NONE', #2628, #1459 ) ;
#1748 = ADVANCED_FACE ( 'NONE', ( #1200 ), #1384, .T. ) ;
#1749 = EDGE_LOOP ( 'NONE', ( #2274, #2339, #2076, #1754 ) ) ;
#1750 = VERTEX_POINT ( 'NONE', #983 ) ;
#1751 = CARTESIAN_POINT ( 'NONE',  ( -0.8594267569670310802, 0.6249999999999994449, 0.7750000000000003553 ) ) ;
#1752 = CARTESIAN_POINT ( 'NONE',  ( -0.6249999999999996669, 0.6500000000000000222, 0.7750000000000003553 ) ) ;
#1753 = CARTESIAN_POINT ( 'NONE',  ( 0.6004053539270811646, 0.8249999999999998446, 0.7750000000000003553 ) ) ;
#1754 = ORIENTED_EDGE ( 'NONE', *, *, #2311, .T. ) ;
#1755 = CARTESIAN_POINT ( 'NONE',  ( -0.5617566243839233753, 1.099999999999999645, 1.000000000000000222 ) ) ;
#1756 = DIRECTION ( 'NONE',  ( -0.000000000000000000, -0.000000000000000000, -1.000000000000000000 ) ) ;
#1757 = ORIENTED_EDGE ( 'NONE', *, *, #2721, .F. ) ;
#1758 = CARTESIAN_POINT ( 'NONE',  ( 0.6249999999999996669, 0.8249999999999999556, 0.1250000000000004441 ) ) ;
#1759 = ORIENTED_EDGE ( 'NONE', *, *, #695, .F. ) ;
#1760 = FACE_OUTER_BOUND ( 'NONE', #1138, .T. ) ;
#1761 = EDGE_CURVE ( 'NONE', #966, #1343, #2730, .T. ) ;
#1762 = LINE ( 'NONE', #2188, #2019 ) ;
#1763 = CARTESIAN_POINT ( 'NONE',  ( -0.6249999999999996669, 0.8249999999999999556, -0.1249999999999995698 ) ) ;
#1764 = EDGE_CURVE ( 'NONE', #172, #2427, #760, .T. ) ;
#1765 = FACE_OUTER_BOUND ( 'NONE', #123, .T. ) ;
#1766 = AXIS2_PLACEMENT_3D ( 'NONE', #2656, #2044, #226 ) ;
#1767 = ORIENTED_EDGE ( 'NONE', *, *, #1606, .T. ) ;
#1768 = LINE ( 'NONE', #1134, #473 ) ;
#1769 = FACE_OUTER_BOUND ( 'NONE', #1554, .T. ) ;
#1770 = ORIENTED_EDGE ( 'NONE', *, *, #10, .T. ) ;
#1771 = FACE_OUTER_BOUND ( 'NONE', #2714, .T. ) ;
#1772 = AXIS2_PLACEMENT_3D ( 'NONE', #967, #1626, #2313 ) ;
#1773 = ORIENTED_EDGE ( 'NONE', *, *, #1248, .T. ) ;
#1774 = CARTESIAN_POINT ( 'NONE',  ( 0.6249999999999996669, 0.5876102390448011414, -0.5249999999999995781 ) ) ;
#1775 = DIRECTION ( 'NONE',  ( -1.000000000000000000, -4.408285320598016267E-15, 0.000000000000000000 ) ) ;
#1776 = AXIS2_PLACEMENT_3D ( 'NONE', #338, #783, #1449 ) ;
#1777 = VECTOR ( 'NONE', #232, 1000.000000000000114 ) ;
#1778 = DIRECTION ( 'NONE',  ( 7.434529182757748747E-15, -1.000000000000000000, 0.000000000000000000 ) ) ;
#1779 =( NAMED_UNIT ( * ) PLANE_ANGLE_UNIT ( ) SI_UNIT ( $, .RADIAN. ) );
#1780 = AXIS2_PLACEMENT_3D ( 'NONE', #953, #330, #1212 ) ;
#1781 = CIRCLE ( 'NONE', #2388, 0.06238976095519874199 ) ;
#1782 = ADVANCED_FACE ( 'NONE', ( #82 ), #788, .T. ) ;
#1783 = ADVANCED_FACE ( 'NONE', ( #546 ), #745, .T. ) ;
#1784 = ORIENTED_EDGE ( 'NONE', *, *, #548, .T. ) ;
#1785 = CARTESIAN_POINT ( 'NONE',  ( 0.6249999999999996669, 0.5876102390448011414, -0.1249999999999995698 ) ) ;
#1786 = AXIS2_PLACEMENT_3D ( 'NONE', #2045, #935, #2506 ) ;
#1787 = DIRECTION ( 'NONE',  ( -1.000000000000000000, 0.000000000000000000, 0.000000000000000000 ) ) ;
#1788 = LINE ( 'NONE', #1978, #2436 ) ;
#1789 = EDGE_CURVE ( 'NONE', #1980, #231, #2049, .T. ) ;
#1790 = CIRCLE ( 'NONE', #1928, 0.06238976095519885301 ) ;
#1791 = VERTEX_POINT ( 'NONE', #2315 ) ;
#1792 = CARTESIAN_POINT ( 'NONE',  ( -0.5477025409136841994, 0.1000000000000003664, -0.9999999999999995559 ) ) ;
#1793 = ORIENTED_EDGE ( 'NONE', *, *, #1959, .F. ) ;
#1794 = DIRECTION ( 'NONE',  ( -1.000000000000000000, -4.408285320598016267E-15, 0.000000000000000000 ) ) ;
#1795 = EDGE_CURVE ( 'NONE', #2214, #1277, #71, .T. ) ;
#1796 = DIRECTION ( 'NONE',  ( -0.000000000000000000, -0.000000000000000000, -1.000000000000000000 ) ) ;
#1797 = ORIENTED_EDGE ( 'NONE', *, *, #2389, .F. ) ;
#1798 = FILL_AREA_STYLE ('',( #1549 ) ) ;
#1799 = DIRECTION ( 'NONE',  ( -0.000000000000000000, -0.000000000000000000, -1.000000000000000000 ) ) ;
#1800 = CARTESIAN_POINT ( 'NONE',  ( 0.6249999999999996669, 0.8249999999999999556, -0.5249999999999995781 ) ) ;
#1801 = ADVANCED_FACE ( 'NONE', ( #996 ), #2269, .F. ) ;
#1802 = EDGE_LOOP ( 'NONE', ( #1982, #416, #113, #652 ) ) ;
#1803 = LINE ( 'NONE', #240, #904 ) ;
#1804 = ADVANCED_FACE ( 'NONE', ( #1440 ), #2543, .T. ) ;
#1805 = ORIENTED_EDGE ( 'NONE', *, *, #466, .T. ) ;
#1806 = CARTESIAN_POINT ( 'NONE',  ( 0.9228157200384597969, 0.2275631440076917589, -0.7749999999999995781 ) ) ;
#1807 = DIRECTION ( 'NONE',  ( -1.000000000000000000, 0.000000000000000000, 0.000000000000000000 ) ) ;
#1808 = MANIFOLD_SOLID_BREP ( 'Boss-Extrude5', #1917 ) ;
#1809 = EDGE_LOOP ( 'NONE', ( #573, #2374, #2028, #1965 ) ) ;
#1810 = CARTESIAN_POINT ( 'NONE',  ( -0.6249999999999996669, 0.6500000000000000222, 1.000000000000000222 ) ) ;
#1811 = DIRECTION ( 'NONE',  ( 1.000000000000000000, 0.000000000000000000, 0.000000000000000000 ) ) ;
#1812 = PLANE ( 'NONE',  #1188 ) ;
#1813 = AXIS2_PLACEMENT_3D ( 'NONE', #1194, #2322, #90 ) ;
#1814 = ADVANCED_FACE ( 'NONE', ( #2344 ), #1891, .T. ) ;
#1815 = EDGE_LOOP ( 'NONE', ( #2623, #963, #6, #1402 ) ) ;
#1816 = CARTESIAN_POINT ( 'NONE',  ( 0.9844267569670318574, 0.1749999999999994893, 0.7750000000000003553 ) ) ;
#1817 = DIRECTION ( 'NONE',  ( 0.1391731009600656876, 0.9902680687415702510, -0.000000000000000000 ) ) ;
#1818 = EDGE_CURVE ( 'NONE', #1256, #1343, #2829, .T. ) ;
#1819 = EDGE_CURVE ( 'NONE', #2316, #2323, #2368, .T. ) ;
#1820 = ORIENTED_EDGE ( 'NONE', *, *, #2456, .F. ) ;
#1821 = CARTESIAN_POINT ( 'NONE',  ( -1.050000000000000044, 0.1749999999999999056, -0.1249999999999995698 ) ) ;
#1822 = LINE ( 'NONE', #323, #620 ) ;
#1823 = AXIS2_PLACEMENT_3D ( 'NONE', #944, #1170, #1807 ) ;
#1824 = ORIENTED_EDGE ( 'NONE', *, *, #2764, .T. ) ;
#1825 = CARTESIAN_POINT ( 'NONE',  ( 0.9844267569670314133, 0.2373897609551982868, 0.5250000000000003553 ) ) ;
#1826 = CYLINDRICAL_SURFACE ( 'NONE', #2649, 0.1191403028739743825 ) ;
#1827 = LINE ( 'NONE', #526, #2477 ) ;
#1828 = AXIS2_PLACEMENT_3D ( 'NONE', #348, #114, #1004 ) ;
#1829 = VECTOR ( 'NONE', #1731, 1000.000000000000000 ) ;
#1830 = ORIENTED_EDGE ( 'NONE', *, *, #1445, .T. ) ;
#1831 = DIRECTION ( 'NONE',  ( -5.421010862427522786E-17, -0.000000000000000000, -1.000000000000000000 ) ) ;
#1832 = DIRECTION ( 'NONE',  ( 1.000000000000000000, 7.440397257356628543E-15, 0.000000000000000000 ) ) ;
#1833 = FILL_AREA_STYLE_COLOUR ( '', #1273 ) ;
#1834 = AXIS2_PLACEMENT_3D ( 'NONE', #1521, #423, #879 ) ;
#1835 = ORIENTED_EDGE ( 'NONE', *, *, #265, .F. ) ;
#1836 = FACE_OUTER_BOUND ( 'NONE', #1879, .T. ) ;
#1837 = EDGE_CURVE ( 'NONE', #2720, #2323, #370, .T. ) ;
#1838 = EDGE_LOOP ( 'NONE', ( #508, #881, #1920, #2483 ) ) ;
#1839 = DIRECTION ( 'NONE',  ( -0.000000000000000000, -0.000000000000000000, -1.000000000000000000 ) ) ;
#1840 = ORIENTED_EDGE ( 'NONE', *, *, #498, .F. ) ;
#1841 = SURFACE_STYLE_USAGE ( .BOTH. , #325 ) ;
#1842 = LINE ( 'NONE', #1174, #2759 ) ;
#1843 = EDGE_LOOP ( 'NONE', ( #2009, #1124, #1475, #1070, #1269, #676, #2487, #2094, #1992, #1389, #1132 ) ) ;
#1844 = DIRECTION ( 'NONE',  ( -0.1391731009600656876, 0.9902680687415702510, 0.000000000000000000 ) ) ;
#1845 = CARTESIAN_POINT ( 'NONE',  ( 0.6249999999999996669, 0.8249999999999999556, 0.7750000000000003553 ) ) ;
#1846 = DIRECTION ( 'NONE',  ( 0.9875184002197689992, -0.1575036800439534590, 0.000000000000000000 ) ) ;
#1847 = VERTEX_POINT ( 'NONE', #412 ) ;
#1848 = DIRECTION ( 'NONE',  ( 1.000000000000000000, 0.000000000000000000, 0.000000000000000000 ) ) ;
#1849 = EDGE_LOOP ( 'NONE', ( #1784, #1653, #926, #1146 ) ) ;
#1850 = EDGE_CURVE ( 'NONE', #1290, #1186, #1491, .T. ) ;
#1851 = PLANE ( 'NONE',  #1872 ) ;
#1852 = ORIENTED_EDGE ( 'NONE', *, *, #2865, .T. ) ;
#1853 = DIRECTION ( 'NONE',  ( -0.000000000000000000, 0.000000000000000000, 1.000000000000000000 ) ) ;
#1854 = CARTESIAN_POINT ( 'NONE',  ( -0.6249999999999996669, 0.6500000000000000222, 0.5250000000000003553 ) ) ;
#1855 = DIRECTION ( 'NONE',  ( 1.000000000000000000, 0.000000000000000000, 0.000000000000000000 ) ) ;
#1856 = VERTEX_POINT ( 'NONE', #1934 ) ;
#1857 = PLANE ( 'NONE',  #1265 ) ;
#1858 = VECTOR ( 'NONE', #893, 1000.000000000000000 ) ;
#1859 = LINE ( 'NONE', #744, #960 ) ;
#1860 = DIRECTION ( 'NONE',  ( -0.000000000000000000, 0.000000000000000000, 1.000000000000000000 ) ) ;
#1861 = EDGE_LOOP ( 'NONE', ( #2227, #1117, #1565, #2068 ) ) ;
#1862 = CARTESIAN_POINT ( 'NONE',  ( 0.6249999999999996669, 0.5876102390448011414, 0.1250000000000004441 ) ) ;
#1863 = MANIFOLD_SOLID_BREP ( 'Mirror1', #2151 ) ;
#1864 = ORIENTED_EDGE ( 'NONE', *, *, #2241, .T. ) ;
#1865 = FACE_OUTER_BOUND ( 'NONE', #2159, .T. ) ;
#1866 = VECTOR ( 'NONE', #2233, 1000.000000000000000 ) ;
#1867 = ORIENTED_EDGE ( 'NONE', *, *, #2083, .F. ) ;
#1868 = CARTESIAN_POINT ( 'NONE',  ( 0.6004053539270811646, 0.8249999999999998446, 0.1250000000000004441 ) ) ;
#1869 = CARTESIAN_POINT ( 'NONE',  ( -0.9844267569670331897, -4.878909776184769953E-16, -0.1249999999999995698 ) ) ;
#1870 = EDGE_CURVE ( 'NONE', #510, #401, #309, .T. ) ;
#1871 = EDGE_CURVE ( 'NONE', #140, #2080, #261, .T. ) ;
#1872 = AXIS2_PLACEMENT_3D ( 'NONE', #749, #2475, #2708 ) ;
#1873 = VERTEX_POINT ( 'NONE', #1727 ) ;
#1874 = LINE ( 'NONE', #2511, #1649 ) ;
#1875 = VECTOR ( 'NONE', #2357, 1000.000000000000000 ) ;
#1876 = PLANE ( 'NONE',  #2210 ) ;
#1877 = CARTESIAN_POINT ( 'NONE',  ( 0.9844267569670314133, 0.2373897609551982868, 0.1250000000000004441 ) ) ;
#1878 = CIRCLE ( 'NONE', #1596, 0.1191403028739743825 ) ;
#1879 = EDGE_LOOP ( 'NONE', ( #2597, #2818, #1887, #1330 ) ) ;
#1880 = FACE_OUTER_BOUND ( 'NONE', #2864, .T. ) ;
#1881 = VECTOR ( 'NONE', #2418, 1000.000000000000114 ) ;
#1882 = ORIENTED_EDGE ( 'NONE', *, *, #792, .F. ) ;
#1883 = PLANE ( 'NONE',  #577 ) ;
#1884 = ADVANCED_FACE ( 'NONE', ( #2149 ), #137, .F. ) ;
#1885 = CYLINDRICAL_SURFACE ( 'NONE', #2564, 0.2373897609551988697 ) ;
#1886 = LINE ( 'NONE', #1424, #2091 ) ;
#1887 = ORIENTED_EDGE ( 'NONE', *, *, #2186, .F. ) ;
#1888 = EDGE_CURVE ( 'NONE', #2514, #957, #1958, .T. ) ;
#1889 = DIRECTION ( 'NONE',  ( -0.000000000000000000, -0.000000000000000000, -1.000000000000000000 ) ) ;
#1890 = DIRECTION ( 'NONE',  ( 0.000000000000000000, -0.000000000000000000, -1.000000000000000000 ) ) ;
#1891 = PLANE ( 'NONE',  #257 ) ;
#1892 = ORIENTED_EDGE ( 'NONE', *, *, #975, .F. ) ;
#1893 = ADVANCED_FACE ( 'NONE', ( #1024 ), #1902, .F. ) ;
#1894 = CARTESIAN_POINT ( 'NONE',  ( -0.7500000000000001110, 0.2000000000000000389, -0.5249999999999995781 ) ) ;
#1895 = ORIENTED_EDGE ( 'NONE', *, *, #2764, .F. ) ;
#1896 = CARTESIAN_POINT ( 'NONE',  ( 0.6866110369285715054, 0.5974368559923075583, 0.1250000000000004441 ) ) ;
#1897 = LINE ( 'NONE', #1929, #1412 ) ;
#1898 = FACE_OUTER_BOUND ( 'NONE', #2, .T. ) ;
#1899 = ORIENTED_EDGE ( 'NONE', *, *, #2547, .F. ) ;
#1900 = PRESENTATION_STYLE_ASSIGNMENT (( #2582 ) ) ;
#1901 = DIRECTION ( 'NONE',  ( 1.000000000000000000, 0.000000000000000000, -0.000000000000000000 ) ) ;
#1902 = PLANE ( 'NONE',  #2527 ) ;
#1903 = ORIENTED_EDGE ( 'NONE', *, *, #493, .T. ) ;
#1904 = CARTESIAN_POINT ( 'NONE',  ( -0.9844267569670314133, 0.2373897609551982868, 0.1250000000000004441 ) ) ;
#1905 = EDGE_CURVE ( 'NONE', #2358, #364, #2253, .T. ) ;
#1906 = ADVANCED_FACE ( 'NONE', ( #1095 ), #457, .F. ) ;
#1907 = ORIENTED_EDGE ( 'NONE', *, *, #942, .F. ) ;
#1908 = LINE ( 'NONE', #807, #998 ) ;
#1909 = LINE ( 'NONE', #567, #2338 ) ;
#1910 = DIRECTION ( 'NONE',  ( 0.000000000000000000, -0.000000000000000000, -1.000000000000000000 ) ) ;
#1911 = VECTOR ( 'NONE', #504, 1000.000000000000114 ) ;
#1912 = EDGE_LOOP ( 'NONE', ( #1511, #1082, #1068, #917 ) ) ;
#1913 = DIRECTION ( 'NONE',  ( -1.000000000000000000, 4.408285320598016267E-15, -0.000000000000000000 ) ) ;
#1914 = CARTESIAN_POINT ( 'NONE',  ( -0.9844267569670331897, -4.878909776184769953E-16, -0.5249999999999995781 ) ) ;
#1915 = FILL_AREA_STYLE ('',( #148 ) ) ;
#1916 = VECTOR ( 'NONE', #1913, 1000.000000000000000 ) ;
#1917 = CLOSED_SHELL ( 'NONE', ( #2688, #2687, #547, #1617 ) ) ;
#1918 = ADVANCED_FACE ( 'NONE', ( #1769 ), #440, .F. ) ;
#1919 = VECTOR ( 'NONE', #2178, 1000.000000000000000 ) ;
#1920 = ORIENTED_EDGE ( 'NONE', *, *, #121, .T. ) ;
#1921 = VECTOR ( 'NONE', #67, 1000.000000000000000 ) ;
#1922 = CARTESIAN_POINT ( 'NONE',  ( -0.6866110369285715054, 0.5974368559923075583, -0.5249999999999995781 ) ) ;
#1923 = VECTOR ( 'NONE', #553, 1000.000000000000114 ) ;
#1924 = VECTOR ( 'NONE', #1010, 1000.000000000000000 ) ;
#1925 = VERTEX_POINT ( 'NONE', #2657 ) ;
#1926 = VERTEX_POINT ( 'NONE', #2868 ) ;
#1927 = DIRECTION ( 'NONE',  ( 1.000000000000000000, 7.440019664986507137E-15, 0.000000000000000000 ) ) ;
#1928 = AXIS2_PLACEMENT_3D ( 'NONE', #1094, #2846, #642 ) ;
#1929 = CARTESIAN_POINT ( 'NONE',  ( -0.6004053539270811646, 0.8249999999999998446, -0.7749999999999995781 ) ) ;
#1930 = CARTESIAN_POINT ( 'NONE',  ( 0.6249999999999996669, 0.6500000000000000222, 0.1250000000000004441 ) ) ;
#1931 = ORIENTED_EDGE ( 'NONE', *, *, #2177, .F. ) ;
#1932 = DIRECTION ( 'NONE',  ( 7.434529182757748747E-15, 1.000000000000000000, 0.000000000000000000 ) ) ;
#1933 = DIRECTION ( 'NONE',  ( 0.1575036800439535145, 0.9875184002197689992, -0.000000000000000000 ) ) ;
#1934 = CARTESIAN_POINT ( 'NONE',  ( 0.8594267569670310802, 0.6249999999999994449, 0.5250000000000003553 ) ) ;
#1935 = ORIENTED_EDGE ( 'NONE', *, *, #631, .F. ) ;
#1936 = DIRECTION ( 'NONE',  ( 7.434529182757748747E-15, -1.000000000000000000, 0.000000000000000000 ) ) ;
#1937 = ORIENTED_EDGE ( 'NONE', *, *, #2120, .T. ) ;
#1938 = CARTESIAN_POINT ( 'NONE',  ( 0.6866110369285715054, 0.5974368559923075583, -0.7749999999999995781 ) ) ;
#1939 = DIRECTION ( 'NONE',  ( -1.000000000000000000, 4.408285320598016267E-15, -0.000000000000000000 ) ) ;
#1940 = EDGE_CURVE ( 'NONE', #701, #248, #481, .T. ) ;
#1941 = DIRECTION ( 'NONE',  ( 0.1575036800439534590, -0.9875184002197689992, 0.000000000000000000 ) ) ;
#1942 = EDGE_CURVE ( 'NONE', #2153, #367, #880, .T. ) ;
#1943 = ORIENTED_EDGE ( 'NONE', *, *, #35, .F. ) ;
#1944 = DIRECTION ( 'NONE',  ( -0.000000000000000000, -0.000000000000000000, -1.000000000000000000 ) ) ;
#1945 = DIRECTION ( 'NONE',  ( -0.1391731009600656876, 0.9902680687415702510, 0.000000000000000000 ) ) ;
#1946 = ORIENTED_EDGE ( 'NONE', *, *, #64, .T. ) ;
#1947 = LINE ( 'NONE', #1282, #673 ) ;
#1948 = VERTEX_POINT ( 'NONE', #2005 ) ;
#1949 = ORIENTED_EDGE ( 'NONE', *, *, #371, .T. ) ;
#1950 = CARTESIAN_POINT ( 'NONE',  ( -0.6004053539270811646, 0.8249999999999998446, 0.1250000000000004441 ) ) ;
#1951 = VECTOR ( 'NONE', #119, 1000.000000000000000 ) ;
#1952 =( GEOMETRIC_REPRESENTATION_CONTEXT ( 3 ) GLOBAL_UNCERTAINTY_ASSIGNED_CONTEXT ( ( #2400 ) ) GLOBAL_UNIT_ASSIGNED_CONTEXT ( ( #2041, #1779, #2222 ) ) REPRESENTATION_CONTEXT ( 'NONE', 'WORKASPACE' ) );
#1953 = PLANE ( 'NONE',  #68 ) ;
#1954 =( NAMED_UNIT ( * ) SI_UNIT ( $, .STERADIAN. ) SOLID_ANGLE_UNIT ( ) );
#1955 = ORIENTED_EDGE ( 'NONE', *, *, #755, .F. ) ;
#1956 =( NAMED_UNIT ( * ) SI_UNIT ( $, .STERADIAN. ) SOLID_ANGLE_UNIT ( ) );
#1957 = DIRECTION ( 'NONE',  ( 1.000000000000000000, -7.440019664986507137E-15, -0.000000000000000000 ) ) ;
#1958 = LINE ( 'NONE', #864, #2571 ) ;
#1959 = EDGE_CURVE ( 'NONE', #2807, #2693, #1351, .T. ) ;
#1960 = ADVANCED_FACE ( 'NONE', ( #1564 ), #1327, .F. ) ;
#1961 = ORIENTED_EDGE ( 'NONE', *, *, #318, .F. ) ;
#1962 = CARTESIAN_POINT ( 'NONE',  ( 0.7500000000000001110, 0.2000000000000000389, -0.1249999999999995698 ) ) ;
#1963 = VECTOR ( 'NONE', #2735, 1000.000000000000000 ) ;
#1964 = VECTOR ( 'NONE', #1026, 1000.000000000000000 ) ;
#1965 = ORIENTED_EDGE ( 'NONE', *, *, #208, .T. ) ;
#1966 = ORIENTED_EDGE ( 'NONE', *, *, #10, .F. ) ;
#1967 = CARTESIAN_POINT ( 'NONE',  ( -0.9844267569670318574, 0.1749999999999994338, -0.7749999999999995781 ) ) ;
#1968 = CARTESIAN_POINT ( 'NONE',  ( -0.6249999999999996669, 0.6500000000000000222, -0.9999999999999995559 ) ) ;
#1969 = CIRCLE ( 'NONE', #912, 0.06238976095519874199 ) ;
#1970 = VECTOR ( 'NONE', #1717, 1000.000000000000000 ) ;
#1971 = AXIS2_PLACEMENT_3D ( 'NONE', #2021, #424, #1535 ) ;
#1972 = DIRECTION ( 'NONE',  ( -0.1391731009600657987, 0.9902680687415703620, 0.000000000000000000 ) ) ;
#1973 = DIRECTION ( 'NONE',  ( -0.1575036800439535145, 0.9875184002197689992, 0.000000000000000000 ) ) ;
#1974 = VECTOR ( 'NONE', #2625, 1000.000000000000000 ) ;
#1975 = ORIENTED_EDGE ( 'NONE', *, *, #2012, .T. ) ;
#1976 =( NAMED_UNIT ( * ) SI_UNIT ( $, .STERADIAN. ) SOLID_ANGLE_UNIT ( ) );
#1977 = CARTESIAN_POINT ( 'NONE',  ( 0.6249999999999996669, 0.8249999999999999556, 0.7750000000000003553 ) ) ;
#1978 = CARTESIAN_POINT ( 'NONE',  ( -0.6866110369285715054, 0.5974368559923075583, 0.1250000000000004441 ) ) ;
#1979 = ADVANCED_FACE ( 'NONE', ( #1576 ), #227, .T. ) ;
#1980 = VERTEX_POINT ( 'NONE', #894 ) ;
#1981 = CARTESIAN_POINT ( 'NONE',  ( -0.6249999999999996669, 0.8249999999999999556, 0.5250000000000003553 ) ) ;
#1982 = ORIENTED_EDGE ( 'NONE', *, *, #527, .F. ) ;
#1983 = DIRECTION ( 'NONE',  ( 0.1391731009600656876, -0.9902680687415703620, 0.000000000000000000 ) ) ;
#1984 = FACE_OUTER_BOUND ( 'NONE', #1809, .T. ) ;
#1985 = FACE_OUTER_BOUND ( 'NONE', #224, .T. ) ;
#1986 = CARTESIAN_POINT ( 'NONE',  ( 0.6004053539270811646, 0.8249999999999998446, 0.5250000000000003553 ) ) ;
#1987 = FILL_AREA_STYLE ('',( #434 ) ) ;
#1988 = ORIENTED_EDGE ( 'NONE', *, *, #2446, .T. ) ;
#1989 = CARTESIAN_POINT ( 'NONE',  ( -0.3325082496721913916, 1.099999999999999645, -0.8849104537154827144 ) ) ;
#1990 = PLANE ( 'NONE',  #1352 ) ;
#1991 = DIRECTION ( 'NONE',  ( 0.9875184002197689992, 0.1575036800439535145, 0.000000000000000000 ) ) ;
#1992 = ORIENTED_EDGE ( 'NONE', *, *, #496, .F. ) ;
#1993 = CARTESIAN_POINT ( 'NONE',  ( 0.8594267569670310802, 0.6249999999999994449, 0.7750000000000003553 ) ) ;
#1994 = ORIENTED_EDGE ( 'NONE', *, *, #2365, .T. ) ;
#1995 = CARTESIAN_POINT ( 'NONE',  ( 1.050000000000000044, 0.1749999999999999056, 0.1250000000000004441 ) ) ;
#1996 = CARTESIAN_POINT ( 'NONE',  ( -0.9844267569670318574, 0.1749999999999994338, 0.1250000000000004441 ) ) ;
#1997 = EDGE_CURVE ( 'NONE', #832, #1256, #1788, .T. ) ;
#1998 = CARTESIAN_POINT ( 'NONE',  ( 0.9228157200384597969, 0.2275631440076917589, 0.7750000000000003553 ) ) ;
#1999 = SURFACE_SIDE_STYLE ('',( #246 ) ) ;
#2000 = AXIS2_PLACEMENT_3D ( 'NONE', #2782, #542, #772 ) ;
#2001 = ORIENTED_EDGE ( 'NONE', *, *, #1940, .F. ) ;
#2002 = DIRECTION ( 'NONE',  ( 0.000000000000000000, -0.000000000000000000, -1.000000000000000000 ) ) ;
#2003 = AXIS2_PLACEMENT_3D ( 'NONE', #838, #1487, #584 ) ;
#2004 = CARTESIAN_POINT ( 'NONE',  ( 0.9844267569670331897, -4.878909776184769953E-16, -0.5249999999999995781 ) ) ;
#2005 = CARTESIAN_POINT ( 'NONE',  ( -1.050000000000001377, -2.475995625340219932E-20, 0.1250000000000004441 ) ) ;
#2006 = ORIENTED_EDGE ( 'NONE', *, *, #2825, .T. ) ;
#2007 = CARTESIAN_POINT ( 'NONE',  ( 0.6249999999999996669, 0.8249999999999999556, -0.5249999999999995781 ) ) ;
#2008 = EDGE_CURVE ( 'NONE', #231, #75, #2802, .T. ) ;
#2009 = ORIENTED_EDGE ( 'NONE', *, *, #2085, .F. ) ;
#2010 = DIRECTION ( 'NONE',  ( 1.000000000000000000, 7.440397257356628543E-15, 0.000000000000000000 ) ) ;
#2011 = VECTOR ( 'NONE', #1030, 1000.000000000000000 ) ;
#2012 = EDGE_CURVE ( 'NONE', #2766, #2844, #626, .T. ) ;
#2013 = VECTOR ( 'NONE', #433, 1000.000000000000000 ) ;
#2014 = VECTOR ( 'NONE', #1346, 1000.000000000000114 ) ;
#2015 = CARTESIAN_POINT ( 'NONE',  ( -0.6866110369285715054, 0.5974368559923075583, 0.1250000000000004441 ) ) ;
#2016 = PRESENTATION_LAYER_ASSIGNMENT (  '', '', ( #25 ) ) ;
#2017 = AXIS2_PLACEMENT_3D ( 'NONE', #2063, #938, #80 ) ;
#2018 = EDGE_LOOP ( 'NONE', ( #2330, #2686, #2361, #2261 ) ) ;
#2019 = VECTOR ( 'NONE', #1299, 1000.000000000000000 ) ;
#2020 = DIRECTION ( 'NONE',  ( -0.1391731009600656876, 0.9902680687415702510, 0.000000000000000000 ) ) ;
#2021 = CARTESIAN_POINT ( 'NONE',  ( -1.050000000000000044, 0.1749999999999999056, -0.5249999999999995781 ) ) ;
#2022 = ORIENTED_EDGE ( 'NONE', *, *, #2139, .F. ) ;
#2023 = DIRECTION ( 'NONE',  ( 1.000000000000000000, 0.000000000000000000, 0.000000000000000000 ) ) ;
#2024 = ORIENTED_EDGE ( 'NONE', *, *, #407, .T. ) ;
#2025 = DIRECTION ( 'NONE',  ( 1.000000000000000000, 0.000000000000000000, -0.000000000000000000 ) ) ;
#2026 = CARTESIAN_POINT ( 'NONE',  ( 1.050000000000000044, 0.1749999999999999056, 0.7750000000000003553 ) ) ;
#2027 = ADVANCED_FACE ( 'NONE', ( #2442 ), #2226, .F. ) ;
#2028 = ORIENTED_EDGE ( 'NONE', *, *, #988, .T. ) ;
#2029 =( NAMED_UNIT ( * ) SI_UNIT ( $, .STERADIAN. ) SOLID_ANGLE_UNIT ( ) );
#2030 = CARTESIAN_POINT ( 'NONE',  ( -1.050000000000000044, 0.1749999999999999056, 0.7750000000000003553 ) ) ;
#2031 = DIRECTION ( 'NONE',  ( 0.1391731009600657987, 0.9902680687415702510, 0.000000000000000000 ) ) ;
#2032 = EDGE_CURVE ( 'NONE', #746, #727, #447, .T. ) ;
#2033 = EDGE_CURVE ( 'NONE', #2318, #556, #250, .T. ) ;
#2034 = ORIENTED_EDGE ( 'NONE', *, *, #2435, .F. ) ;
#2035 = DIRECTION ( 'NONE',  ( -1.000000000000000000, 7.440397257356628543E-15, 0.000000000000000000 ) ) ;
#2036 = CARTESIAN_POINT ( 'NONE',  ( -0.9844267569670314133, 0.2373897609551982868, 0.7750000000000003553 ) ) ;
#2037 = ORIENTED_EDGE ( 'NONE', *, *, #2765, .F. ) ;
#2038 = LINE ( 'NONE', #273, #442 ) ;
#2039 = ORIENTED_EDGE ( 'NONE', *, *, #1184, .F. ) ;
#2040 = FACE_OUTER_BOUND ( 'NONE', #1247, .T. ) ;
#2041 =( LENGTH_UNIT ( ) NAMED_UNIT ( * ) SI_UNIT ( .MILLI., .METRE. ) );
#2042 = VERTEX_POINT ( 'NONE', #1745 ) ;
#2043 = CARTESIAN_POINT ( 'NONE',  ( -0.6004053539270811646, 0.8249999999999998446, -0.1249999999999995698 ) ) ;
#2044 = DIRECTION ( 'NONE',  ( -0.000000000000000000, 0.000000000000000000, 1.000000000000000000 ) ) ;
#2045 = CARTESIAN_POINT ( 'NONE',  ( 0.6249999999999996669, 0.5876102390448011414, -0.7749999999999995781 ) ) ;
#2046 = ORIENTED_EDGE ( 'NONE', *, *, #476, .F. ) ;
#2047 = CARTESIAN_POINT ( 'NONE',  ( -0.6249999999999996669, 0.6500000000000000222, -0.1249999999999995698 ) ) ;
#2048 = DIRECTION ( 'NONE',  ( -0.000000000000000000, -0.000000000000000000, -1.000000000000000000 ) ) ;
#2049 = LINE ( 'NONE', #1428, #1321 ) ;
#2050 = ORIENTED_EDGE ( 'NONE', *, *, #153, .T. ) ;
#2051 = EDGE_CURVE ( 'NONE', #1460, #198, #916, .T. ) ;
#2052 = LINE ( 'NONE', #2500, #1543 ) ;
#2053 = ORIENTED_EDGE ( 'NONE', *, *, #2156, .T. ) ;
#2054 = CARTESIAN_POINT ( 'NONE',  ( -0.9228157200384597969, 0.2275631440076917589, -0.5249999999999995781 ) ) ;
#2055 = PRESENTATION_LAYER_ASSIGNMENT (  '', '', ( #436 ) ) ;
#2056 = AXIS2_PLACEMENT_3D ( 'NONE', #1667, #2321, #826 ) ;
#2057 = ORIENTED_EDGE ( 'NONE', *, *, #1661, .T. ) ;
#2058 = DIRECTION ( 'NONE',  ( -0.000000000000000000, -0.000000000000000000, -1.000000000000000000 ) ) ;
#2059 = CARTESIAN_POINT ( 'NONE',  ( 0.8594267569670310802, 0.6249999999999994449, -0.1249999999999995698 ) ) ;
#2060 = CARTESIAN_POINT ( 'NONE',  ( 0.000000000000000000, 0.000000000000000000, -0.9999999999999995559 ) ) ;
#2061 = CIRCLE ( 'NONE', #1691, 0.2373897609551988697 ) ;
#2062 = ORIENTED_EDGE ( 'NONE', *, *, #2673, .F. ) ;
#2063 = CARTESIAN_POINT ( 'NONE',  ( -0.8594267569670310802, 0.6249999999999994449, -0.5249999999999995781 ) ) ;
#2064 = FACE_OUTER_BOUND ( 'NONE', #2423, .T. ) ;
#2065 = LINE ( 'NONE', #285, #1458 ) ;
#2066 = AXIS2_PLACEMENT_3D ( 'NONE', #125, #108, #2512 ) ;
#2067 = EDGE_CURVE ( 'NONE', #1716, #1313, #207, .T. ) ;
#2068 = ORIENTED_EDGE ( 'NONE', *, *, #2653, .T. ) ;
#2069 = FACE_OUTER_BOUND ( 'NONE', #2403, .T. ) ;
#2070 = ORIENTED_EDGE ( 'NONE', *, *, #789, .T. ) ;
#2071 = DIRECTION ( 'NONE',  ( 0.000000000000000000, -0.000000000000000000, -1.000000000000000000 ) ) ;
#2072 = ORIENTED_EDGE ( 'NONE', *, *, #2265, .F. ) ;
#2073 = DIRECTION ( 'NONE',  ( -7.434529182757748747E-15, -1.000000000000000000, 0.000000000000000000 ) ) ;
#2074 = FACE_OUTER_BOUND ( 'NONE', #1378, .T. ) ;
#2075 = CARTESIAN_POINT ( 'NONE',  ( 0.6249999999999996669, 0.5876102390448011414, 0.5250000000000003553 ) ) ;
#2076 = ORIENTED_EDGE ( 'NONE', *, *, #869, .F. ) ;
#2077 = CARTESIAN_POINT ( 'NONE',  ( -0.5477025409136841994, 0.1000000000000003664, 1.000000000000000222 ) ) ;
#2078 = PLANE ( 'NONE',  #586 ) ;
#2079 = CARTESIAN_POINT ( 'NONE',  ( -0.9844267569670314133, 0.2373897609551982868, 0.7750000000000003553 ) ) ;
#2080 = VERTEX_POINT ( 'NONE', #78 ) ;
#2081 = CARTESIAN_POINT ( 'NONE',  ( -0.6249999999999996669, 0.6500000000000000222, -0.7749999999999995781 ) ) ;
#2082 = VERTEX_POINT ( 'NONE', #1380 ) ;
#2083 = EDGE_CURVE ( 'NONE', #2416, #602, #494, .T. ) ;
#2084 = CARTESIAN_POINT ( 'NONE',  ( 0.9844267569670331897, -4.878909776184769953E-16, -0.5249999999999995781 ) ) ;
#2085 = EDGE_CURVE ( 'NONE', #560, #2737, #2345, .T. ) ;
#2086 = ORIENTED_EDGE ( 'NONE', *, *, #2845, .F. ) ;
#2087 = CARTESIAN_POINT ( 'NONE',  ( 0.7500000000000001110, 0.2000000000000000389, 0.1250000000000004441 ) ) ;
#2088 = CARTESIAN_POINT ( 'NONE',  ( 0.6249999999999996669, 0.8249999999999999556, -0.7749999999999995781 ) ) ;
#2089 = ORIENTED_EDGE ( 'NONE', *, *, #695, .T. ) ;
#2090 = DIRECTION ( 'NONE',  ( 0.1391731009600656876, -0.9902680687415703620, 0.000000000000000000 ) ) ;
#2091 = VECTOR ( 'NONE', #512, 1000.000000000000000 ) ;
#2092 = CARTESIAN_POINT ( 'NONE',  ( 0.6004053539270811646, 0.8249999999999998446, -0.7749999999999995781 ) ) ;
#2093 = CARTESIAN_POINT ( 'NONE',  ( -0.9844267569670318574, 0.1749999999999994893, 0.7750000000000003553 ) ) ;
#2094 = ORIENTED_EDGE ( 'NONE', *, *, #1837, .F. ) ;
#2095 = CARTESIAN_POINT ( 'NONE',  ( 0.7500000000000001110, 0.2000000000000000389, -0.5249999999999995781 ) ) ;
#2096 = EDGE_CURVE ( 'NONE', #1121, #1395, #502, .T. ) ;
#2097 = ORIENTED_EDGE ( 'NONE', *, *, #2365, .F. ) ;
#2098 = PLANE ( 'NONE',  #1594 ) ;
#2099 = EDGE_CURVE ( 'NONE', #2318, #1231, #1842, .T. ) ;
#2100 =( GEOMETRIC_REPRESENTATION_CONTEXT ( 3 ) GLOBAL_UNCERTAINTY_ASSIGNED_CONTEXT ( ( #831 ) ) GLOBAL_UNIT_ASSIGNED_CONTEXT ( ( #800, #368, #1976 ) ) REPRESENTATION_CONTEXT ( 'NONE', 'WORKASPACE' ) );
#2101 = CLOSED_SHELL ( 'NONE', ( #173, #699, #13, #189, #2791, #1196, #336, #244, #1393, #2163, #1918, #2819, #2408 ) ) ;
#2102 = FACE_OUTER_BOUND ( 'NONE', #503, .T. ) ;
#2103 = FACE_OUTER_BOUND ( 'NONE', #2328, .T. ) ;
#2104 = AXIS2_PLACEMENT_3D ( 'NONE', #290, #2502, #1403 ) ;
#2105 = ADVANCED_FACE ( 'NONE', ( #979 ), #1812, .F. ) ;
#2106 = EDGE_LOOP ( 'NONE', ( #816, #2022, #846, #827 ) ) ;
#2107 = CARTESIAN_POINT ( 'NONE',  ( 0.6004053539270811646, 0.8249999999999998446, 0.1250000000000004441 ) ) ;
#2108 = COLOUR_RGB ( '',0.7921568627450980005, 0.8196078431372548767, 0.9333333333333333481 ) ;
#2109 = AXIS2_PLACEMENT_3D ( 'NONE', #2305, #129, #2732 ) ;
#2110 = CARTESIAN_POINT ( 'NONE',  ( 0.9844267569670314133, 0.2373897609551982868, -0.7749999999999995781 ) ) ;
#2111 = SURFACE_STYLE_FILL_AREA ( #1224 ) ;
#2112 = ORIENTED_EDGE ( 'NONE', *, *, #2825, .F. ) ;
#2113 = DIRECTION ( 'NONE',  ( 5.421010862427522170E-17, 0.000000000000000000, 1.000000000000000000 ) ) ;
#2114 = VECTOR ( 'NONE', #2356, 1000.000000000000000 ) ;
#2115 = ORIENTED_EDGE ( 'NONE', *, *, #2302, .T. ) ;
#2116 = CARTESIAN_POINT ( 'NONE',  ( -0.6249999999999996669, 0.5876102390448011414, 0.1250000000000004441 ) ) ;
#2117 = APPLICATION_CONTEXT ( 'automotive_design' ) ;
#2118 = LINE ( 'NONE', #2580, #1542 ) ;
#2119 = SURFACE_SIDE_STYLE ('',( #1007 ) ) ;
#2120 = EDGE_CURVE ( 'NONE', #181, #1290, #1827, .T. ) ;
#2121 = ORIENTED_EDGE ( 'NONE', *, *, #2446, .F. ) ;
#2122 = CARTESIAN_POINT ( 'NONE',  ( -0.7500000000000001110, 0.2000000000000000389, 0.1250000000000004441 ) ) ;
#2123 = DIRECTION ( 'NONE',  ( -1.000000000000000000, -7.440397257356628543E-15, 0.000000000000000000 ) ) ;
#2124 = CARTESIAN_POINT ( 'NONE',  ( -0.8594267569670310802, 0.6249999999999994449, 0.5250000000000003553 ) ) ;
#2125 = EDGE_CURVE ( 'NONE', #2693, #1213, #1504, .T. ) ;
#2126 = EDGE_CURVE ( 'NONE', #2082, #198, #2740, .T. ) ;
#2127 = ORIENTED_EDGE ( 'NONE', *, *, #1477, .F. ) ;
#2128 = LINE ( 'NONE', #1675, #2290 ) ;
#2129 = ORIENTED_EDGE ( 'NONE', *, *, #2453, .T. ) ;
#2130 = LINE ( 'NONE', #335, #2201 ) ;
#2131 = CARTESIAN_POINT ( 'NONE',  ( 0.9228157200384597969, 0.2275631440076917589, 0.1250000000000004441 ) ) ;
#2132 =( NAMED_UNIT ( * ) SI_UNIT ( $, .STERADIAN. ) SOLID_ANGLE_UNIT ( ) );
#2133 = ADVANCED_FACE ( 'NONE', ( #741, #2713 ), #754, .T. ) ;
#2134 = ORIENTED_EDGE ( 'NONE', *, *, #663, .T. ) ;
#2135 = LINE ( 'NONE', #411, #76 ) ;
#2136 = DIRECTION ( 'NONE',  ( 1.000000000000000000, 4.408285320598016267E-15, 0.000000000000000000 ) ) ;
#2137 = ORIENTED_EDGE ( 'NONE', *, *, #243, .T. ) ;
#2138 = CARTESIAN_POINT ( 'NONE',  ( 0.6866110369285715054, 0.5974368559923075583, 0.1250000000000004441 ) ) ;
#2139 = EDGE_CURVE ( 'NONE', #1277, #2214, #1878, .T. ) ;
#2140 = ORIENTED_EDGE ( 'NONE', *, *, #1515, .F. ) ;
#2141 = VERTEX_POINT ( 'NONE', #2482 ) ;
#2142 = DIRECTION ( 'NONE',  ( 0.000000000000000000, 0.000000000000000000, 1.000000000000000000 ) ) ;
#2143 = CARTESIAN_POINT ( 'NONE',  ( -0.8594267569670310802, 0.6249999999999994449, 0.7750000000000003553 ) ) ;
#2144 =( NAMED_UNIT ( * ) PLANE_ANGLE_UNIT ( ) SI_UNIT ( $, .RADIAN. ) );
#2145 = VECTOR ( 'NONE', #1936, 1000.000000000000000 ) ;
#2146 = ORIENTED_EDGE ( 'NONE', *, *, #1888, .F. ) ;
#2147 = CARTESIAN_POINT ( 'NONE',  ( -1.050000000000000044, 0.1749999999999999056, 0.7750000000000003553 ) ) ;
#2148 = DIRECTION ( 'NONE',  ( 2.710505431213761578E-16, -0.000000000000000000, 1.000000000000000000 ) ) ;
#2149 = FACE_OUTER_BOUND ( 'NONE', #2218, .T. ) ;
#2150 = COLOUR_RGB ( '',0.7921568627450980005, 0.8196078431372548767, 0.9333333333333333481 ) ;
#2151 = CLOSED_SHELL ( 'NONE', ( #30, #29, #256, #793, #1516, #1098, #2405, #2334, #1884, #1804, #247, #1640, #2470 ) ) ;
#2152 = AXIS2_PLACEMENT_3D ( 'NONE', #1320, #2209, #1347 ) ;
#2153 = VERTEX_POINT ( 'NONE', #2277 ) ;
#2154 = AXIS2_PLACEMENT_3D ( 'NONE', #1296, #2804, #630 ) ;
#2155 = CARTESIAN_POINT ( 'NONE',  ( -1.050000000000000044, 0.1749999999999999056, 0.1250000000000004441 ) ) ;
#2156 = EDGE_CURVE ( 'NONE', #2193, #2153, #1003, .T. ) ;
#2157 = VECTOR ( 'NONE', #660, 999.9999999999998863 ) ;
#2158 = CIRCLE ( 'NONE', #914, 0.2373897609551988697 ) ;
#2159 = EDGE_LOOP ( 'NONE', ( #2379, #1226, #1101, #2053, #1743, #989, #506, #2553, #2746, #1949, #2837 ) ) ;
#2160 = ORIENTED_EDGE ( 'NONE', *, *, #1661, .F. ) ;
#2161 = AXIS2_PLACEMENT_3D ( 'NONE', #1522, #2426, #1108 ) ;
#2162 = CARTESIAN_POINT ( 'NONE',  ( -0.9844267569670314133, 0.2373897609551982868, -0.5249999999999995781 ) ) ;
#2163 = ADVANCED_FACE ( 'NONE', ( #1984 ), #1513, .T. ) ;
#2164 = VECTOR ( 'NONE', #545, 1000.000000000000000 ) ;
#2165 = PLANE ( 'NONE',  #1733 ) ;
#2166 =( NAMED_UNIT ( * ) PLANE_ANGLE_UNIT ( ) SI_UNIT ( $, .RADIAN. ) );
#2167 = EDGE_LOOP ( 'NONE', ( #2698, #866, #2115, #850 ) ) ;
#2168 = DIRECTION ( 'NONE',  ( 1.000000000000000000, -7.434529182757748747E-15, 0.000000000000000000 ) ) ;
#2169 = CARTESIAN_POINT ( 'NONE',  ( 0.8594267569670310802, 0.6249999999999994449, 0.1250000000000004441 ) ) ;
#2170 = DIRECTION ( 'NONE',  ( -0.000000000000000000, -0.000000000000000000, -1.000000000000000000 ) ) ;
#2171 = VERTEX_POINT ( 'NONE', #2406 ) ;
#2172 = DIRECTION ( 'NONE',  ( 0.000000000000000000, -0.000000000000000000, -1.000000000000000000 ) ) ;
#2173 = ORIENTED_EDGE ( 'NONE', *, *, #1185, .F. ) ;
#2174 = ORIENTED_EDGE ( 'NONE', *, *, #1447, .F. ) ;
#2175 = PLANE ( 'NONE',  #1182 ) ;
#2176 = EDGE_CURVE ( 'NONE', #2844, #701, #635, .T. ) ;
#2177 = EDGE_CURVE ( 'NONE', #891, #2316, #2257, .T. ) ;
#2178 = DIRECTION ( 'NONE',  ( -0.000000000000000000, 1.000000000000000000, -0.000000000000000000 ) ) ;
#2179 = ORIENTED_EDGE ( 'NONE', *, *, #1789, .T. ) ;
#2180 = SURFACE_SIDE_STYLE ('',( #892 ) ) ;
#2181 = FACE_OUTER_BOUND ( 'NONE', #785, .T. ) ;
#2182 = DIRECTION ( 'NONE',  ( -0.000000000000000000, -0.000000000000000000, -1.000000000000000000 ) ) ;
#2183 = ORIENTED_EDGE ( 'NONE', *, *, #1567, .F. ) ;
#2184 = CARTESIAN_POINT ( 'NONE',  ( 1.050000000000000044, 0.1749999999999999056, 0.1250000000000004441 ) ) ;
#2185 = ORIENTED_EDGE ( 'NONE', *, *, #1567, .T. ) ;
#2186 = EDGE_CURVE ( 'NONE', #1581, #461, #298, .T. ) ;
#2187 = ORIENTED_EDGE ( 'NONE', *, *, #1819, .F. ) ;
#2188 = CARTESIAN_POINT ( 'NONE',  ( -0.9844267569670331897, -4.878909776184769953E-16, -0.7749999999999995781 ) ) ;
#2189 = CARTESIAN_POINT ( 'NONE',  ( 1.050000000000001377, -2.475995625340219932E-20, -0.5249999999999995781 ) ) ;
#2190 =( GEOMETRIC_REPRESENTATION_CONTEXT ( 3 ) GLOBAL_UNCERTAINTY_ASSIGNED_CONTEXT ( ( #895 ) ) GLOBAL_UNIT_ASSIGNED_CONTEXT ( ( #978, #2166, #2132 ) ) REPRESENTATION_CONTEXT ( 'NONE', 'WORKASPACE' ) );
#2191 = DIRECTION ( 'NONE',  ( -0.000000000000000000, -0.000000000000000000, -1.000000000000000000 ) ) ;
#2192 = CARTESIAN_POINT ( 'NONE',  ( -0.3325082496721913916, 0.9999999999999995559, -0.7657701508415083458 ) ) ;
#2193 = VERTEX_POINT ( 'NONE', #220 ) ;
#2194 = DIRECTION ( 'NONE',  ( 0.000000000000000000, -0.000000000000000000, -1.000000000000000000 ) ) ;
#2195 = CARTESIAN_POINT ( 'NONE',  ( -0.9844267569670314133, 0.2373897609551982868, -0.5249999999999995781 ) ) ;
#2196 = DIRECTION ( 'NONE',  ( 0.000000000000000000, 0.000000000000000000, 1.000000000000000000 ) ) ;
#2197 = UNCERTAINTY_MEASURE_WITH_UNIT (LENGTH_MEASURE( 1.000000000000000082E-05 ), #2479, 'distance_accuracy_value', 'NONE');
#2198 = EDGE_LOOP ( 'NONE', ( #1111, #1665, #980, #1263 ) ) ;
#2199 = DIRECTION ( 'NONE',  ( 0.000000000000000000, -0.000000000000000000, -1.000000000000000000 ) ) ;
#2200 = VECTOR ( 'NONE', #2194, 1000.000000000000000 ) ;
#2201 = VECTOR ( 'NONE', #1446, 1000.000000000000000 ) ;
#2202 = ORIENTED_EDGE ( 'NONE', *, *, #1099, .T. ) ;
#2203 = LINE ( 'NONE', #2458, #2014 ) ;
#2204 = LINE ( 'NONE', #517, #2575 ) ;
#2205 = DIRECTION ( 'NONE',  ( -0.000000000000000000, -0.000000000000000000, -1.000000000000000000 ) ) ;
#2206 = AXIS2_PLACEMENT_3D ( 'NONE', #2079, #730, #2531 ) ;
#2207 = VECTOR ( 'NONE', #1354, 1000.000000000000114 ) ;
#2208 = VECTOR ( 'NONE', #431, 1000.000000000000000 ) ;
#2209 = DIRECTION ( 'NONE',  ( -0.000000000000000000, -0.000000000000000000, -1.000000000000000000 ) ) ;
#2210 = AXIS2_PLACEMENT_3D ( 'NONE', #589, #1683, #81 ) ;
#2211 = ORIENTED_EDGE ( 'NONE', *, *, #2067, .F. ) ;
#2212 = CARTESIAN_POINT ( 'NONE',  ( -0.9844267569670331897, -4.878909776184769953E-16, 0.7750000000000003553 ) ) ;
#2213 = CARTESIAN_POINT ( 'NONE',  ( -0.8594267569670310802, 0.6249999999999994449, 0.1250000000000004441 ) ) ;
#2214 = VERTEX_POINT ( 'NONE', #417 ) ;
#2215 = ADVANCED_FACE ( 'NONE', ( #1153 ), #729, .T. ) ;
#2216 = EDGE_CURVE ( 'NONE', #1405, #1508, #1694, .T. ) ;
#2217 = CARTESIAN_POINT ( 'NONE',  ( -0.9844267569670331897, -4.878909776184769953E-16, 0.7750000000000003553 ) ) ;
#2218 = EDGE_LOOP ( 'NONE', ( #42, #2232, #2660, #1237 ) ) ;
#2219 = DIRECTION ( 'NONE',  ( -1.000000000000000000, -7.440019664986507137E-15, 0.000000000000000000 ) ) ;
#2220 = CARTESIAN_POINT ( 'NONE',  ( 0.6249999999999996669, 0.8249999999999999556, -0.7749999999999995781 ) ) ;
#2221 = CARTESIAN_POINT ( 'NONE',  ( -0.9844267569670331897, -4.878909776184769953E-16, 0.5250000000000003553 ) ) ;
#2222 =( NAMED_UNIT ( * ) SI_UNIT ( $, .STERADIAN. ) SOLID_ANGLE_UNIT ( ) );
#2223 = ORIENTED_EDGE ( 'NONE', *, *, #1942, .F. ) ;
#2224 = EDGE_CURVE ( 'NONE', #536, #2682, #400, .T. ) ;
#2225 = DIRECTION ( 'NONE',  ( -0.000000000000000000, 0.000000000000000000, 1.000000000000000000 ) ) ;
#2226 = PLANE ( 'NONE',  #1971 ) ;
#2227 = ORIENTED_EDGE ( 'NONE', *, *, #1478, .F. ) ;
#2228 = DIRECTION ( 'NONE',  ( 1.000000000000000000, 0.000000000000000000, 0.000000000000000000 ) ) ;
#2229 = ORIENTED_EDGE ( 'NONE', *, *, #1357, .F. ) ;
#2230 = CARTESIAN_POINT ( 'NONE',  ( -0.9844267569670318574, 0.1749999999999994893, -0.1249999999999995698 ) ) ;
#2231 = CARTESIAN_POINT ( 'NONE',  ( 1.050000000000000044, 0.1749999999999999056, 0.5250000000000003553 ) ) ;
#2232 = ORIENTED_EDGE ( 'NONE', *, *, #2096, .F. ) ;
#2233 = DIRECTION ( 'NONE',  ( 0.000000000000000000, -0.000000000000000000, -1.000000000000000000 ) ) ;
#2234 = DIRECTION ( 'NONE',  ( 0.000000000000000000, 0.000000000000000000, -1.000000000000000000 ) ) ;
#2235 = DIRECTION ( 'NONE',  ( -0.000000000000000000, -0.000000000000000000, -1.000000000000000000 ) ) ;
#2236 = ORIENTED_EDGE ( 'NONE', *, *, #265, .T. ) ;
#2237 = PLANE ( 'NONE',  #1139 ) ;
#2238 = AXIS2_PLACEMENT_3D ( 'NONE', #1133, #3, #1118 ) ;
#2239 = ORIENTED_EDGE ( 'NONE', *, *, #2721, .T. ) ;
#2240 = CARTESIAN_POINT ( 'NONE',  ( -0.6249999999999996669, 0.8249999999999999556, -0.5249999999999995781 ) ) ;
#2241 = EDGE_CURVE ( 'NONE', #248, #394, #1762, .T. ) ;
#2242 = VECTOR ( 'NONE', #1157, 1000.000000000000000 ) ;
#2243 = VECTOR ( 'NONE', #590, 1000.000000000000000 ) ;
#2244 = VECTOR ( 'NONE', #1168, 1000.000000000000000 ) ;
#2245 = ADVANCED_FACE ( 'NONE', ( #2860 ), #1613, .T. ) ;
#2246 = DIRECTION ( 'NONE',  ( 1.000000000000000000, -4.408285320598016267E-15, 0.000000000000000000 ) ) ;
#2247 = EDGE_CURVE ( 'NONE', #1313, #645, #505, .T. ) ;
#2248 = VECTOR ( 'NONE', #2697, 1000.000000000000000 ) ;
#2249 = VERTEX_POINT ( 'NONE', #851 ) ;
#2250 = LINE ( 'NONE', #2275, #346 ) ;
#2251 = AXIS2_PLACEMENT_3D ( 'NONE', #1580, #2466, #284 ) ;
#2252 = DIRECTION ( 'NONE',  ( -1.000000000000000000, -7.440019664986507137E-15, 0.000000000000000000 ) ) ;
#2253 = LINE ( 'NONE', #2463, #862 ) ;
#2254 = PRODUCT_DEFINITION_CONTEXT ( 'detailed design', #2117, 'design' ) ;
#2255 = ORIENTED_EDGE ( 'NONE', *, *, #1081, .F. ) ;
#2256 = DIRECTION ( 'NONE',  ( -0.000000000000000000, -0.000000000000000000, -1.000000000000000000 ) ) ;
#2257 = LINE ( 'NONE', #1751, #959 ) ;
#2258 = VERTEX_POINT ( 'NONE', #1527 ) ;
#2259 = LINE ( 'NONE', #2240, #161 ) ;
#2260 = DIRECTION ( 'NONE',  ( -0.1575036800439535145, 0.9875184002197689992, 0.000000000000000000 ) ) ;
#2261 = ORIENTED_EDGE ( 'NONE', *, *, #296, .F. ) ;
#2262 = DIRECTION ( 'NONE',  ( 0.9902680687415703620, 0.1391731009600656876, 0.000000000000000000 ) ) ;
#2263 = CARTESIAN_POINT ( 'NONE',  ( 0.9844267569670318574, 0.1749999999999994893, 0.1250000000000004441 ) ) ;
#2264 = DIRECTION ( 'NONE',  ( -1.000000000000000000, 7.440397257356628543E-15, 0.000000000000000000 ) ) ;
#2265 = EDGE_CURVE ( 'NONE', #2682, #204, #2620, .T. ) ;
#2266 = ORIENTED_EDGE ( 'NONE', *, *, #2390, .T. ) ;
#2267 = CARTESIAN_POINT ( 'NONE',  ( -1.050000000000001377, -2.475995625340219932E-20, 0.7750000000000003553 ) ) ;
#2268 = CARTESIAN_POINT ( 'NONE',  ( 0.9844267569670318574, 0.1749999999999994338, 0.1250000000000004441 ) ) ;
#2269 = CYLINDRICAL_SURFACE ( 'NONE', #2799, 0.06238976095519874199 ) ;
#2270 = ORIENTED_EDGE ( 'NONE', *, *, #2736, .T. ) ;
#2271 = DIRECTION ( 'NONE',  ( 0.000000000000000000, 0.000000000000000000, 1.000000000000000000 ) ) ;
#2272 = ORIENTED_EDGE ( 'NONE', *, *, #1332, .T. ) ;
#2273 = CARTESIAN_POINT ( 'NONE',  ( 1.050000000000000044, 0.1749999999999999056, -0.5249999999999995781 ) ) ;
#2274 = ORIENTED_EDGE ( 'NONE', *, *, #812, .T. ) ;
#2275 = CARTESIAN_POINT ( 'NONE',  ( -0.8594267569670310802, 0.6249999999999994449, -0.5249999999999995781 ) ) ;
#2276 = PRESENTATION_STYLE_ASSIGNMENT (( #2493 ) ) ;
#2277 = CARTESIAN_POINT ( 'NONE',  ( -0.8594267569670310802, 0.6249999999999994449, 0.1250000000000004441 ) ) ;
#2278 = EDGE_CURVE ( 'NONE', #1791, #1121, #2204, .T. ) ;
#2279 = VECTOR ( 'NONE', #1638, 1000.000000000000000 ) ;
#2280 = ORIENTED_EDGE ( 'NONE', *, *, #1566, .F. ) ;
#2281 = LINE ( 'NONE', #1426, #1911 ) ;
#2282 = LINE ( 'NONE', #1180, #2114 ) ;
#2283 = DIRECTION ( 'NONE',  ( 0.000000000000000000, -0.000000000000000000, -1.000000000000000000 ) ) ;
#2284 = EDGE_CURVE ( 'NONE', #2851, #2082, #1600, .T. ) ;
#2285 = ORIENTED_EDGE ( 'NONE', *, *, #1789, .F. ) ;
#2286 = DIRECTION ( 'NONE',  ( -0.1391731009600656876, -0.9902680687415703620, 0.000000000000000000 ) ) ;
#2287 = VECTOR ( 'NONE', #710, 1000.000000000000000 ) ;
#2288 = EDGE_LOOP ( 'NONE', ( #521, #1603, #1961, #913 ) ) ;
#2289 = DIRECTION ( 'NONE',  ( -0.1575036800439535145, -0.9875184002197689992, 0.000000000000000000 ) ) ;
#2290 = VECTOR ( 'NONE', #2558, 999.9999999999998863 ) ;
#2291 = ORIENTED_EDGE ( 'NONE', *, *, #498, .T. ) ;
#2292 = CARTESIAN_POINT ( 'NONE',  ( -0.9228157200384597969, 0.2275631440076917589, -0.7749999999999995781 ) ) ;
#2293 = DIRECTION ( 'NONE',  ( -0.000000000000000000, 1.000000000000000000, 0.000000000000000000 ) ) ;
#2294 = AXIS2_PLACEMENT_3D ( 'NONE', #559, #2327, #343 ) ;
#2295 = VECTOR ( 'NONE', #486, 1000.000000000000000 ) ;
#2296 = MECHANICAL_DESIGN_GEOMETRIC_PRESENTATION_REPRESENTATION (  '', ( #1229 ), #1739 ) ;
#2297 = EDGE_LOOP ( 'NONE', ( #647, #822, #715, #428 ) ) ;
#2298 = CARTESIAN_POINT ( 'NONE',  ( -0.3325082496721913916, 0.9999999999999995559, -0.6466298479675339772 ) ) ;
#2299 = LINE ( 'NONE', #558, #1096 ) ;
#2300 = DIRECTION ( 'NONE',  ( -1.000000000000000000, 0.000000000000000000, 0.000000000000000000 ) ) ;
#2301 = AXIS2_PLACEMENT_3D ( 'NONE', #1103, #2874, #698 ) ;
#2302 = EDGE_CURVE ( 'NONE', #2617, #172, #885, .T. ) ;
#2303 = EDGE_CURVE ( 'NONE', #1343, #691, #1189, .T. ) ;
#2304 = ORIENTED_EDGE ( 'NONE', *, *, #844, .T. ) ;
#2305 = CARTESIAN_POINT ( 'NONE',  ( 1.050000000000000044, 0.1749999999999999056, -0.5249999999999995781 ) ) ;
#2306 = EDGE_LOOP ( 'NONE', ( #1053, #1620, #319, #1578, #474, #331, #896, #2631, #1523, #1387, #1498 ) ) ;
#2307 = DIRECTION ( 'NONE',  ( -1.000000000000000000, 0.000000000000000000, 0.000000000000000000 ) ) ;
#2308 = VERTEX_POINT ( 'NONE', #488 ) ;
#2309 = FILL_AREA_STYLE ('',( #103 ) ) ;
#2310 = LINE ( 'NONE', #133, #1122 ) ;
#2311 = EDGE_CURVE ( 'NONE', #461, #465, #1370, .T. ) ;
#2312 = ORIENTED_EDGE ( 'NONE', *, *, #2611, .F. ) ;
#2313 = DIRECTION ( 'NONE',  ( 1.000000000000000000, 0.000000000000000000, 0.000000000000000000 ) ) ;
#2314 = DIRECTION ( 'NONE',  ( -0.000000000000000000, -0.000000000000000000, -1.000000000000000000 ) ) ;
#2315 = CARTESIAN_POINT ( 'NONE',  ( 1.050000000000000044, 0.1749999999999999056, 0.7750000000000003553 ) ) ;
#2316 = VERTEX_POINT ( 'NONE', #2716 ) ;
#2317 = CARTESIAN_POINT ( 'NONE',  ( 1.050000000000001377, -2.475995625340219932E-20, -0.7749999999999995781 ) ) ;
#2318 = VERTEX_POINT ( 'NONE', #1397 ) ;
#2319 = DIRECTION ( 'NONE',  ( 0.000000000000000000, -0.000000000000000000, -1.000000000000000000 ) ) ;
#2320 = EDGE_CURVE ( 'NONE', #1176, #2141, #2282, .T. ) ;
#2321 = DIRECTION ( 'NONE',  ( -0.000000000000000000, -0.000000000000000000, -1.000000000000000000 ) ) ;
#2322 = DIRECTION ( 'NONE',  ( 0.000000000000000000, -0.000000000000000000, -1.000000000000000000 ) ) ;
#2323 = VERTEX_POINT ( 'NONE', #1453 ) ;
#2324 = CARTESIAN_POINT ( 'NONE',  ( 0.9844267569670331897, -4.878909776184769953E-16, 0.7750000000000003553 ) ) ;
#2325 = AXIS2_PLACEMENT_3D ( 'NONE', #17, #706, #1787 ) ;
#2326 = DIRECTION ( 'NONE',  ( 7.440397257356628543E-15, -1.000000000000000000, 0.000000000000000000 ) ) ;
#2327 = DIRECTION ( 'NONE',  ( 0.000000000000000000, -0.000000000000000000, -1.000000000000000000 ) ) ;
#2328 = EDGE_LOOP ( 'NONE', ( #2783, #732, #2577, #1526 ) ) ;
#2329 = LINE ( 'NONE', #2095, #2244 ) ;
#2330 = ORIENTED_EDGE ( 'NONE', *, *, #1318, .T. ) ;
#2331 = EDGE_CURVE ( 'NONE', #2617, #727, #1859, .T. ) ;
#2332 = CARTESIAN_POINT ( 'NONE',  ( -0.9844267569670331897, -4.878909776184769953E-16, -0.5249999999999995781 ) ) ;
#2333 = ADVANCED_FACE ( 'NONE', ( #2542 ), #1023, .F. ) ;
#2334 = ADVANCED_FACE ( 'NONE', ( #316 ), #776, .F. ) ;
#2335 = AXIS2_PLACEMENT_3D ( 'NONE', #395, #2827, #2340 ) ;
#2336 = CARTESIAN_POINT ( 'NONE',  ( 0.5617566243839240414, 1.099999999999999645, -0.9999999999999995559 ) ) ;
#2337 = DIRECTION ( 'NONE',  ( -1.000000000000000000, 0.000000000000000000, 0.000000000000000000 ) ) ;
#2338 = VECTOR ( 'NONE', #2376, 1000.000000000000114 ) ;
#2339 = ORIENTED_EDGE ( 'NONE', *, *, #1099, .F. ) ;
#2340 = DIRECTION ( 'NONE',  ( -1.000000000000000000, 7.440019664986507137E-15, 0.000000000000000000 ) ) ;
#2341 = AXIS2_PLACEMENT_3D ( 'NONE', #200, #2875, #2861 ) ;
#2342 = VECTOR ( 'NONE', #2715, 999.9999999999998863 ) ;
#2343 = DIRECTION ( 'NONE',  ( 0.000000000000000000, 0.000000000000000000, 1.000000000000000000 ) ) ;
#2344 = FACE_OUTER_BOUND ( 'NONE', #1692, .T. ) ;
#2345 = CIRCLE ( 'NONE', #355, 0.06238976095519885301 ) ;
#2346 = ORIENTED_EDGE ( 'NONE', *, *, #356, .F. ) ;
#2347 = PLANE ( 'NONE',  #2154 ) ;
#2348 = CIRCLE ( 'NONE', #1234, 0.1191403028739743825 ) ;
#2349 = EDGE_LOOP ( 'NONE', ( #1864, #252, #1899, #2404 ) ) ;
#2350 = DIRECTION ( 'NONE',  ( -0.000000000000000000, -0.000000000000000000, -1.000000000000000000 ) ) ;
#2351 = FACE_OUTER_BOUND ( 'NONE', #1912, .T. ) ;
#2352 =( LENGTH_UNIT ( ) NAMED_UNIT ( * ) SI_UNIT ( .MILLI., .METRE. ) );
#2353 = EDGE_CURVE ( 'NONE', #2410, #1268, #1553, .T. ) ;
#2354 = ORIENTED_EDGE ( 'NONE', *, *, #2845, .T. ) ;
#2355 = FACE_OUTER_BOUND ( 'NONE', #1861, .T. ) ;
#2356 = DIRECTION ( 'NONE',  ( 1.000000000000000000, 7.440397257356628543E-15, 0.000000000000000000 ) ) ;
#2357 = DIRECTION ( 'NONE',  ( -0.000000000000000000, -0.000000000000000000, -1.000000000000000000 ) ) ;
#2358 = VERTEX_POINT ( 'NONE', #1011 ) ;
#2359 = FACE_OUTER_BOUND ( 'NONE', #820, .T. ) ;
#2360 = ORIENTED_EDGE ( 'NONE', *, *, #2303, .F. ) ;
#2361 = ORIENTED_EDGE ( 'NONE', *, *, #2736, .F. ) ;
#2362 = CARTESIAN_POINT ( 'NONE',  ( -0.3325082496721913916, 1.099999999999999645, -0.8849104537154827144 ) ) ;
#2363 = DIRECTION ( 'NONE',  ( 1.000000000000000000, 0.000000000000000000, 0.000000000000000000 ) ) ;
#2364 = VERTEX_POINT ( 'NONE', #1845 ) ;
#2365 = EDGE_CURVE ( 'NONE', #2193, #1650, #2299, .T. ) ;
#2366 = CARTESIAN_POINT ( 'NONE',  ( -0.9844267569670314133, 0.2373897609551982868, 0.1250000000000004441 ) ) ;
#2367 = CARTESIAN_POINT ( 'NONE',  ( -0.6004053539270811646, 0.8249999999999998446, 0.1250000000000004441 ) ) ;
#2368 = LINE ( 'NONE', #192, #2243 ) ;
#2369 = ORIENTED_EDGE ( 'NONE', *, *, #2611, .T. ) ;
#2370 = ADVANCED_FACE ( 'NONE', ( #2064 ), #2078, .F. ) ;
#2371 = LINE ( 'NONE', #592, #1589 ) ;
#2372 = CIRCLE ( 'NONE', #2325, 0.2373897609551987586 ) ;
#2373 = ORIENTED_EDGE ( 'NONE', *, *, #1267, .F. ) ;
#2374 = ORIENTED_EDGE ( 'NONE', *, *, #844, .F. ) ;
#2375 = LINE ( 'NONE', #389, #1923 ) ;
#2376 = DIRECTION ( 'NONE',  ( -0.1575036800439534590, -0.9875184002197689992, 0.000000000000000000 ) ) ;
#2377 = PRESENTATION_STYLE_ASSIGNMENT (( #202 ) ) ;
#2378 = VECTOR ( 'NONE', #2073, 1000.000000000000000 ) ;
#2379 = ORIENTED_EDGE ( 'NONE', *, *, #1285, .T. ) ;
#2380 = CARTESIAN_POINT ( 'NONE',  ( 0.6249999999999996669, 0.5876102390448011414, 0.7750000000000003553 ) ) ;
#2381 = DIRECTION ( 'NONE',  ( -1.000000000000000000, 4.408285320598016267E-15, -0.000000000000000000 ) ) ;
#2382 = DIRECTION ( 'NONE',  ( -0.1575036800439534590, -0.9875184002197689992, 0.000000000000000000 ) ) ;
#2383 = CIRCLE ( 'NONE', #2104, 0.06238976095519885301 ) ;
#2384 = CIRCLE ( 'NONE', #1690, 0.2373897609551987586 ) ;
#2385 = ORIENTED_EDGE ( 'NONE', *, *, #1574, .T. ) ;
#2386 = DIRECTION ( 'NONE',  ( 1.000000000000000000, -7.434529182757748747E-15, 0.000000000000000000 ) ) ;
#2387 = MECHANICAL_DESIGN_GEOMETRIC_PRESENTATION_REPRESENTATION (  '', ( #25 ), #2474 ) ;
#2388 = AXIS2_PLACEMENT_3D ( 'NONE', #7, #2256, #2455 ) ;
#2389 = EDGE_CURVE ( 'NONE', #217, #2410, #1659, .T. ) ;
#2390 = EDGE_CURVE ( 'NONE', #536, #1260, #1439, .T. ) ;
#2391 = ORIENTED_EDGE ( 'NONE', *, *, #514, .T. ) ;
#2392 = EDGE_LOOP ( 'NONE', ( #272, #1381, #130, #2369 ) ) ;
#2393 = VECTOR ( 'NONE', #1383, 1000.000000000000000 ) ;
#2394 = CARTESIAN_POINT ( 'NONE',  ( 0.6249999999999996669, 0.8249999999999999556, 0.1250000000000004441 ) ) ;
#2395 = LINE ( 'NONE', #408, #2013 ) ;
#2396 = ORIENTED_EDGE ( 'NONE', *, *, #1870, .F. ) ;
#2397 = SURFACE_SIDE_STYLE ('',( #135 ) ) ;
#2398 = DIRECTION ( 'NONE',  ( 0.1575036800439535145, 0.9875184002197689992, -0.000000000000000000 ) ) ;
#2399 = EDGE_CURVE ( 'NONE', #1650, #1980, #1328, .T. ) ;
#2400 = UNCERTAINTY_MEASURE_WITH_UNIT (LENGTH_MEASURE( 1.000000000000000082E-05 ), #2041, 'distance_accuracy_value', 'NONE');
#2401 = ORIENTED_EDGE ( 'NONE', *, *, #2644, .F. ) ;
#2402 = CARTESIAN_POINT ( 'NONE',  ( -0.9228157200384597969, 0.2275631440076917589, 0.1250000000000004441 ) ) ;
#2403 = EDGE_LOOP ( 'NONE', ( #410, #1955, #1573, #634 ) ) ;
#2404 = ORIENTED_EDGE ( 'NONE', *, *, #1724, .T. ) ;
#2405 = ADVANCED_FACE ( 'NONE', ( #342 ), #2744, .F. ) ;
#2406 = CARTESIAN_POINT ( 'NONE',  ( 0.6866110369285715054, 0.5974368559923075583, 0.7750000000000003553 ) ) ;
#2407 = PLANE ( 'NONE',  #713 ) ;
#2408 = ADVANCED_FACE ( 'NONE', ( #2784 ), #1876, .F. ) ;
#2409 = FACE_OUTER_BOUND ( 'NONE', #658, .T. ) ;
#2410 = VERTEX_POINT ( 'NONE', #1468 ) ;
#2411 = CARTESIAN_POINT ( 'NONE',  ( 0.9228157200384597969, 0.2275631440076917589, 0.1250000000000004441 ) ) ;
#2412 = LINE ( 'NONE', #653, #1371 ) ;
#2413 = CARTESIAN_POINT ( 'NONE',  ( -0.6249999999999996669, 0.5876102390448011414, -0.7749999999999995781 ) ) ;
#2414 = VERTEX_POINT ( 'NONE', #801 ) ;
#2415 = DIRECTION ( 'NONE',  ( 0.000000000000000000, -0.000000000000000000, -1.000000000000000000 ) ) ;
#2416 = VERTEX_POINT ( 'NONE', #759 ) ;
#2417 = CARTESIAN_POINT ( 'NONE',  ( -0.9844267569670314133, 0.2373897609551982868, 0.5250000000000003553 ) ) ;
#2418 = DIRECTION ( 'NONE',  ( 0.1575036800439535145, 0.9875184002197689992, -0.000000000000000000 ) ) ;
#2419 = CARTESIAN_POINT ( 'NONE',  ( 0.6249999999999996669, 0.8249999999999999556, -0.5249999999999995781 ) ) ;
#2420 = DIRECTION ( 'NONE',  ( -0.000000000000000000, 0.000000000000000000, 1.000000000000000000 ) ) ;
#2421 = EDGE_CURVE ( 'NONE', #790, #177, #968, .T. ) ;
#2422 = ADVANCED_FACE ( 'NONE', ( #2729 ), #1627, .F. ) ;
#2423 = EDGE_LOOP ( 'NONE', ( #734, #478, #1709, #1677, #2001, #1042, #1281, #2760, #375, #1421, #259 ) ) ;
#2424 = CARTESIAN_POINT ( 'NONE',  ( -0.6249999999999996669, 0.8249999999999999556, 0.7750000000000003553 ) ) ;
#2425 = LINE ( 'NONE', #818, #1742 ) ;
#2426 = DIRECTION ( 'NONE',  ( -0.000000000000000000, -0.000000000000000000, -1.000000000000000000 ) ) ;
#2427 = VERTEX_POINT ( 'NONE', #1427 ) ;
#2428 = CARTESIAN_POINT ( 'NONE',  ( -0.6004053539270811646, 0.8249999999999998446, -0.5249999999999995781 ) ) ;
#2429 = VECTOR ( 'NONE', #2113, 1000.000000000000000 ) ;
#2430 = ORIENTED_EDGE ( 'NONE', *, *, #2673, .T. ) ;
#2431 = CARTESIAN_POINT ( 'NONE',  ( 0.8594267569670310802, 0.6249999999999994449, 0.1250000000000004441 ) ) ;
#2432 = LINE ( 'NONE', #618, #579 ) ;
#2433 = VECTOR ( 'NONE', #518, 1000.000000000000000 ) ;
#2434 = AXIS2_PLACEMENT_3D ( 'NONE', #1612, #107, #2484 ) ;
#2435 = EDGE_CURVE ( 'NONE', #1186, #2535, #219, .T. ) ;
#2436 = VECTOR ( 'NONE', #2641, 1000.000000000000114 ) ;
#2437 = DIRECTION ( 'NONE',  ( -1.000000000000000000, 0.000000000000000000, 0.000000000000000000 ) ) ;
#2438 = VECTOR ( 'NONE', #1832, 1000.000000000000000 ) ;
#2439 = ORIENTED_EDGE ( 'NONE', *, *, #63, .F. ) ;
#2440 =( LENGTH_UNIT ( ) NAMED_UNIT ( * ) SI_UNIT ( .MILLI., .METRE. ) );
#2441 = LINE ( 'NONE', #2212, #1463 ) ;
#2442 = FACE_OUTER_BOUND ( 'NONE', #373, .T. ) ;
#2443 = EDGE_CURVE ( 'NONE', #1213, #1231, #1211, .T. ) ;
#2444 = ORIENTED_EDGE ( 'NONE', *, *, #2099, .T. ) ;
#2445 = CARTESIAN_POINT ( 'NONE',  ( -0.3325082496721913916, 1.099999999999999645, -0.7657701508415083458 ) ) ;
#2446 = EDGE_CURVE ( 'NONE', #266, #2851, #2135, .T. ) ;
#2447 = ORIENTED_EDGE ( 'NONE', *, *, #1357, .T. ) ;
#2448 = CARTESIAN_POINT ( 'NONE',  ( -1.050000000000000044, 0.1749999999999999056, -0.5249999999999995781 ) ) ;
#2449 = DIRECTION ( 'NONE',  ( 1.000000000000000000, 0.000000000000000000, 0.000000000000000000 ) ) ;
#2450 = ORIENTED_EDGE ( 'NONE', *, *, #1871, .F. ) ;
#2451 = CARTESIAN_POINT ( 'NONE',  ( -0.6249999999999996669, 0.6500000000000000222, 0.1250000000000004441 ) ) ;
#2452 = DIRECTION ( 'NONE',  ( -1.000000000000000000, 0.000000000000000000, 0.000000000000000000 ) ) ;
#2453 = EDGE_CURVE ( 'NONE', #2171, #794, #1790, .T. ) ;
#2454 = ORIENTED_EDGE ( 'NONE', *, *, #215, .T. ) ;
#2455 = DIRECTION ( 'NONE',  ( -1.000000000000000000, 0.000000000000000000, 0.000000000000000000 ) ) ;
#2456 = EDGE_CURVE ( 'NONE', #2358, #38, #398, .T. ) ;
#2457 = ORIENTED_EDGE ( 'NONE', *, *, #825, .T. ) ;
#2458 = CARTESIAN_POINT ( 'NONE',  ( -0.6004053539270811646, 0.8249999999999998446, -0.5249999999999995781 ) ) ;
#2459 = LINE ( 'NONE', #477, #2242 ) ;
#2460 = ORIENTED_EDGE ( 'NONE', *, *, #153, .F. ) ;
#2461 = DIRECTION ( 'NONE',  ( 0.1391731009600656876, -0.9902680687415703620, 0.000000000000000000 ) ) ;
#2462 = LINE ( 'NONE', #480, #1443 ) ;
#2463 = CARTESIAN_POINT ( 'NONE',  ( 0.5477025409136848655, 0.1000000000000003664, -0.9999999999999995559 ) ) ;
#2464 = ORIENTED_EDGE ( 'NONE', *, *, #228, .F. ) ;
#2465 = CARTESIAN_POINT ( 'NONE',  ( -0.6004053539270811646, 0.8249999999999998446, 0.7750000000000003553 ) ) ;
#2466 = DIRECTION ( 'NONE',  ( -0.000000000000000000, -0.000000000000000000, -1.000000000000000000 ) ) ;
#2467 = AXIS2_PLACEMENT_3D ( 'NONE', #1785, #1520, #1533 ) ;
#2468 = ORIENTED_EDGE ( 'NONE', *, *, #2284, .F. ) ;
#2469 = CYLINDRICAL_SURFACE ( 'NONE', #69, 0.06238976095519885301 ) ;
#2470 = ADVANCED_FACE ( 'NONE', ( #179 ), #1292, .F. ) ;
#2471 = EDGE_CURVE ( 'NONE', #2364, #358, #1507, .T. ) ;
#2472 = AXIS2_PLACEMENT_3D ( 'NONE', #837, #2651, #2449 ) ;
#2473 = AXIS2_PLACEMENT_3D ( 'NONE', #2515, #1401, #2286 ) ;
#2474 =( GEOMETRIC_REPRESENTATION_CONTEXT ( 3 ) GLOBAL_UNCERTAINTY_ASSIGNED_CONTEXT ( ( #484 ) ) GLOBAL_UNIT_ASSIGNED_CONTEXT ( ( #572, #2570, #399 ) ) REPRESENTATION_CONTEXT ( 'NONE', 'WORKASPACE' ) );
#2475 = DIRECTION ( 'NONE',  ( -7.440397257356628543E-15, -1.000000000000000000, 0.000000000000000000 ) ) ;
#2476 = ADVANCED_FACE ( 'NONE', ( #1309 ), #829, .F. ) ;
#2477 = VECTOR ( 'NONE', #965, 1000.000000000000114 ) ;
#2478 = ORIENTED_EDGE ( 'NONE', *, *, #2126, .T. ) ;
#2479 =( LENGTH_UNIT ( ) NAMED_UNIT ( * ) SI_UNIT ( .MILLI., .METRE. ) );
#2480 = VECTOR ( 'NONE', #1250, 1000.000000000000000 ) ;
#2481 = CARTESIAN_POINT ( 'NONE',  ( -0.7500000000000001110, 0.2000000000000000389, -0.5249999999999995781 ) ) ;
#2482 = CARTESIAN_POINT ( 'NONE',  ( 1.050000000000000044, 0.1749999999999999056, -0.5249999999999995781 ) ) ;
#2483 = ORIENTED_EDGE ( 'NONE', *, *, #845, .T. ) ;
#2484 = DIRECTION ( 'NONE',  ( 1.000000000000000000, 0.000000000000000000, 0.000000000000000000 ) ) ;
#2485 = DIRECTION ( 'NONE',  ( 0.1391731009600657432, 0.9902680687415703620, 0.000000000000000000 ) ) ;
#2486 = DIRECTION ( 'NONE',  ( -0.9902680687415703620, 0.1391731009600656876, 0.000000000000000000 ) ) ;
#2487 = ORIENTED_EDGE ( 'NONE', *, *, #888, .F. ) ;
#2488 = DIRECTION ( 'NONE',  ( -1.000000000000000000, 0.000000000000000000, 0.000000000000000000 ) ) ;
#2489 = VERTEX_POINT ( 'NONE', #2169 ) ;
#2490 = EDGE_CURVE ( 'NONE', #2654, #2528, #191, .T. ) ;
#2491 = CARTESIAN_POINT ( 'NONE',  ( -0.9228157200384597969, 0.2275631440076917589, -0.5249999999999995781 ) ) ;
#2492 = ORIENTED_EDGE ( 'NONE', *, *, #459, .T. ) ;
#2493 = SURFACE_STYLE_USAGE ( .BOTH. , #2119 ) ;
#2494 = DIRECTION ( 'NONE',  ( -0.000000000000000000, 0.000000000000000000, 1.000000000000000000 ) ) ;
#2495 = VERTEX_POINT ( 'NONE', #1755 ) ;
#2496 = DIRECTION ( 'NONE',  ( -0.000000000000000000, -0.000000000000000000, -1.000000000000000000 ) ) ;
#2497 = DIRECTION ( 'NONE',  ( 7.434529182757748747E-15, -1.000000000000000000, 0.000000000000000000 ) ) ;
#2498 = PLANE ( 'NONE',  #489 ) ;
#2499 = ORIENTED_EDGE ( 'NONE', *, *, #1410, .T. ) ;
#2500 = CARTESIAN_POINT ( 'NONE',  ( 0.9844267569670331897, -4.878909776184769953E-16, 0.7750000000000003553 ) ) ;
#2501 = EDGE_LOOP ( 'NONE', ( #2549, #1759, #413, #2057 ) ) ;
#2502 = DIRECTION ( 'NONE',  ( -0.000000000000000000, -0.000000000000000000, -1.000000000000000000 ) ) ;
#2503 = ORIENTED_EDGE ( 'NONE', *, *, #685, .T. ) ;
#2504 = PLANE ( 'NONE',  #1495 ) ;
#2505 = LINE ( 'NONE', #1869, #2279 ) ;
#2506 = DIRECTION ( 'NONE',  ( -1.000000000000000000, 0.000000000000000000, 0.000000000000000000 ) ) ;
#2507 = COLOUR_RGB ( '',0.7921568627450980005, 0.8196078431372548767, 0.9333333333333333481 ) ;
#2508 = ADVANCED_FACE ( 'NONE', ( #2181 ), #383, .F. ) ;
#2509 = EDGE_CURVE ( 'NONE', #2705, #1260, #2412, .T. ) ;
#2510 = EDGE_LOOP ( 'NONE', ( #88, #2731, #110, #633 ) ) ;
#2511 = CARTESIAN_POINT ( 'NONE',  ( 0.6004053539270811646, 0.8249999999999998446, -0.5249999999999995781 ) ) ;
#2512 = DIRECTION ( 'NONE',  ( -1.000000000000000000, 0.000000000000000000, 0.000000000000000000 ) ) ;
#2513 = DIRECTION ( 'NONE',  ( 1.000000000000000000, 0.000000000000000000, 0.000000000000000000 ) ) ;
#2514 = VERTEX_POINT ( 'NONE', #627 ) ;
#2515 = CARTESIAN_POINT ( 'NONE',  ( -0.6004053539270811646, 0.8249999999999998446, 0.7750000000000003553 ) ) ;
#2516 = PRODUCT ( '74LVC1G157GV,125', '74LVC1G157GV,125', '', ( #499 ) ) ;
#2517 = VECTOR ( 'NONE', #2228, 1000.000000000000000 ) ;
#2518 = ORIENTED_EDGE ( 'NONE', *, *, #152, .F. ) ;
#2519 = FACE_OUTER_BOUND ( 'NONE', #1106, .T. ) ;
#2520 = STYLED_ITEM ( 'NONE', ( #1562 ), #868 ) ;
#2521 = VECTOR ( 'NONE', #1778, 1000.000000000000000 ) ;
#2522 = VECTOR ( 'NONE', #1264, 1000.000000000000000 ) ;
#2523 = ORIENTED_EDGE ( 'NONE', *, *, #1529, .T. ) ;
#2524 = DIRECTION ( 'NONE',  ( 0.1391731009600656876, 0.9902680687415702510, -0.000000000000000000 ) ) ;
#2525 = LINE ( 'NONE', #2059, #53 ) ;
#2526 = VECTOR ( 'NONE', #544, 1000.000000000000000 ) ;
#2527 = AXIS2_PLACEMENT_3D ( 'NONE', #910, #1991, #669 ) ;
#2528 = VERTEX_POINT ( 'NONE', #2814 ) ;
#2529 = FACE_OUTER_BOUND ( 'NONE', #276, .T. ) ;
#2530 = CARTESIAN_POINT ( 'NONE',  ( -1.050000000000000044, 0.1749999999999999056, 0.1250000000000004441 ) ) ;
#2531 = DIRECTION ( 'NONE',  ( -1.000000000000000000, 0.000000000000000000, 0.000000000000000000 ) ) ;
#2532 = ORIENTED_EDGE ( 'NONE', *, *, #988, .F. ) ;
#2533 = ADVANCED_FACE ( 'NONE', ( #165 ), #2867, .T. ) ;
#2534 = LINE ( 'NONE', #520, #1921 ) ;
#2535 = VERTEX_POINT ( 'NONE', #1534 ) ;
#2536 = DIRECTION ( 'NONE',  ( -0.1575036800439534590, 0.9875184002197689992, 0.000000000000000000 ) ) ;
#2537 = DIRECTION ( 'NONE',  ( 0.000000000000000000, 0.000000000000000000, 1.000000000000000000 ) ) ;
#2538 = PLANE ( 'NONE',  #337 ) ;
#2539 = PRODUCT_DEFINITION_SHAPE ( 'NONE', 'NONE',  #96 ) ;
#2540 = ORIENTED_EDGE ( 'NONE', *, *, #372, .F. ) ;
#2541 = PLANE ( 'NONE',  #1183 ) ;
#2542 = FACE_OUTER_BOUND ( 'NONE', #569, .T. ) ;
#2543 = CYLINDRICAL_SURFACE ( 'NONE', #2294, 0.2373897609551987586 ) ;
#2544 = EDGE_CURVE ( 'NONE', #870, #1190, #2425, .T. ) ;
#2545 = ORIENTED_EDGE ( 'NONE', *, *, #848, .T. ) ;
#2546 = CARTESIAN_POINT ( 'NONE',  ( -0.6866110369285715054, 0.5974368559923075583, 0.7750000000000003553 ) ) ;
#2547 = EDGE_CURVE ( 'NONE', #2308, #1847, #2593, .T. ) ;
#2548 = EDGE_CURVE ( 'NONE', #2258, #1206, #2348, .T. ) ;
#2549 = ORIENTED_EDGE ( 'NONE', *, *, #228, .T. ) ;
#2550 = PLANE ( 'NONE',  #808 ) ;
#2551 = DIRECTION ( 'NONE',  ( 0.000000000000000000, -0.000000000000000000, -1.000000000000000000 ) ) ;
#2552 = CARTESIAN_POINT ( 'NONE',  ( 0.6004053539270811646, 0.8249999999999998446, 0.1250000000000004441 ) ) ;
#2553 = ORIENTED_EDGE ( 'NONE', *, *, #937, .T. ) ;
#2554 = LINE ( 'NONE', #2107, #1924 ) ;
#2555 = DIRECTION ( 'NONE',  ( -0.000000000000000000, -0.000000000000000000, -1.000000000000000000 ) ) ;
#2556 = DIRECTION ( 'NONE',  ( 0.1575036800439534590, -0.9875184002197689992, 0.000000000000000000 ) ) ;
#2557 = VERTEX_POINT ( 'NONE', #2583 ) ;
#2558 = DIRECTION ( 'NONE',  ( -0.1391731009600657987, 0.9902680687415703620, 0.000000000000000000 ) ) ;
#2559 = EDGE_LOOP ( 'NONE', ( #591, #765, #2062, #2499 ) ) ;
#2560 = DIRECTION ( 'NONE',  ( 0.000000000000000000, -0.000000000000000000, -1.000000000000000000 ) ) ;
#2561 = EDGE_CURVE ( 'NONE', #2807, #543, #2859, .T. ) ;
#2562 = PLANE ( 'NONE',  #1271 ) ;
#2563 = PLANE ( 'NONE',  #2003 ) ;
#2564 = AXIS2_PLACEMENT_3D ( 'NONE', #378, #2811, #2363 ) ;
#2565 = ORIENTED_EDGE ( 'NONE', *, *, #49, .F. ) ;
#2566 = FACE_OUTER_BOUND ( 'NONE', #2392, .T. ) ;
#2567 = VECTOR ( 'NONE', #1398, 1000.000000000000000 ) ;
#2568 = CIRCLE ( 'NONE', #2434, 0.06238976095519874199 ) ;
#2569 = DIRECTION ( 'NONE',  ( -1.000000000000000000, -7.434529182757748747E-15, 0.000000000000000000 ) ) ;
#2570 =( NAMED_UNIT ( * ) PLANE_ANGLE_UNIT ( ) SI_UNIT ( $, .RADIAN. ) );
#2571 = VECTOR ( 'NONE', #2556, 1000.000000000000114 ) ;
#2572 = VERTEX_POINT ( 'NONE', #613 ) ;
#2573 = LINE ( 'NONE', #1509, #2849 ) ;
#2574 = EDGE_CURVE ( 'NONE', #2572, #38, #1726, .T. ) ;
#2575 = VECTOR ( 'NONE', #2497, 1000.000000000000000 ) ;
#2576 = ORIENTED_EDGE ( 'NONE', *, *, #275, .F. ) ;
#2577 = ORIENTED_EDGE ( 'NONE', *, *, #2216, .T. ) ;
#2578 = LINE ( 'NONE', #131, #766 ) ;
#2579 = EDGE_CURVE ( 'NONE', #1925, #1460, #841, .T. ) ;
#2580 = CARTESIAN_POINT ( 'NONE',  ( -0.8594267569670310802, 0.6249999999999994449, 0.7750000000000003553 ) ) ;
#2581 = ORIENTED_EDGE ( 'NONE', *, *, #2547, .T. ) ;
#2582 = SURFACE_STYLE_USAGE ( .BOTH. , #2397 ) ;
#2583 = CARTESIAN_POINT ( 'NONE',  ( -0.9844267569670318574, 0.1749999999999994893, 0.5250000000000003553 ) ) ;
#2584 = VERTEX_POINT ( 'NONE', #725 ) ;
#2585 = CARTESIAN_POINT ( 'NONE',  ( -0.3325082496721913916, 1.099999999999999645, -0.6466298479675339772 ) ) ;
#2586 = ORIENTED_EDGE ( 'NONE', *, *, #2574, .T. ) ;
#2587 = ORIENTED_EDGE ( 'NONE', *, *, #735, .T. ) ;
#2588 = CARTESIAN_POINT ( 'NONE',  ( 0.8594267569670310802, 0.6249999999999994449, 0.5250000000000003553 ) ) ;
#2589 = DIRECTION ( 'NONE',  ( -0.000000000000000000, -0.000000000000000000, -1.000000000000000000 ) ) ;
#2590 = SURFACE_STYLE_FILL_AREA ( #1712 ) ;
#2591 = EDGE_LOOP ( 'NONE', ( #2173, #1713, #1607, #2447 ) ) ;
#2592 = DIRECTION ( 'NONE',  ( 0.000000000000000000, -0.000000000000000000, -1.000000000000000000 ) ) ;
#2593 = LINE ( 'NONE', #1914, #2480 ) ;
#2594 = SURFACE_STYLE_USAGE ( .BOTH. , #361 ) ;
#2595 = EDGE_CURVE ( 'NONE', #645, #536, #2441, .T. ) ;
#2596 = ADVANCED_FACE ( 'NONE', ( #2684 ), #1990, .F. ) ;
#2597 = ORIENTED_EDGE ( 'NONE', *, *, #100, .T. ) ;
#2598 = DIRECTION ( 'NONE',  ( -1.000000000000000000, 4.408285320598016267E-15, -0.000000000000000000 ) ) ;
#2599 = EDGE_CURVE ( 'NONE', #266, #1925, #1148, .T. ) ;
#2600 = VECTOR ( 'NONE', #1910, 1000.000000000000000 ) ;
#2601 = ORIENTED_EDGE ( 'NONE', *, *, #1515, .T. ) ;
#2602 = PLANE ( 'NONE',  #255 ) ;
#2603 = DIRECTION ( 'NONE',  ( -1.000000000000000000, -7.440019664986507137E-15, 0.000000000000000000 ) ) ;
#2604 = CARTESIAN_POINT ( 'NONE',  ( 0.9844267569670318574, 0.1749999999999994893, -0.5249999999999995781 ) ) ;
#2605 = MECHANICAL_DESIGN_GEOMETRIC_PRESENTATION_REPRESENTATION (  '', ( #203 ), #2100 ) ;
#2606 = ORIENTED_EDGE ( 'NONE', *, *, #2067, .T. ) ;
#2607 = CARTESIAN_POINT ( 'NONE',  ( -0.6249999999999996669, 0.8249999999999999556, 0.5250000000000003553 ) ) ;
#2608 = CARTESIAN_POINT ( 'NONE',  ( -0.6866110369285715054, 0.5974368559923075583, -0.7749999999999995781 ) ) ;
#2609 = CARTESIAN_POINT ( 'NONE',  ( 0.9844267569670331897, -4.878909776184769953E-16, 0.7750000000000003553 ) ) ;
#2610 = VECTOR ( 'NONE', #2260, 1000.000000000000114 ) ;
#2611 = EDGE_CURVE ( 'NONE', #1313, #154, #1326, .T. ) ;
#2612 = VECTOR ( 'NONE', #2136, 1000.000000000000000 ) ;
#2613 = EDGE_LOOP ( 'NONE', ( #380, #1085, #1077, #2070 ) ) ;
#2614 = VECTOR ( 'NONE', #39, 1000.000000000000114 ) ;
#2615 = CARTESIAN_POINT ( 'NONE',  ( 0.9844267569670331897, -4.878909776184769953E-16, 0.1250000000000004441 ) ) ;
#2616 = VECTOR ( 'NONE', #1817, 1000.000000000000114 ) ;
#2617 = VERTEX_POINT ( 'NONE', #2263 ) ;
#2618 = VERTEX_POINT ( 'NONE', #2004 ) ;
#2619 = VECTOR ( 'NONE', #206, 1000.000000000000114 ) ;
#2620 = LINE ( 'NONE', #2647, #1881 ) ;
#2621 = DIRECTION ( 'NONE',  ( 0.000000000000000000, -0.000000000000000000, -1.000000000000000000 ) ) ;
#2622 = CARTESIAN_POINT ( 'NONE',  ( 0.7500000000000001110, 0.2000000000000000389, -0.7749999999999995781 ) ) ;
#2623 = ORIENTED_EDGE ( 'NONE', *, *, #2509, .T. ) ;
#2624 =( LENGTH_UNIT ( ) NAMED_UNIT ( * ) SI_UNIT ( .MILLI., .METRE. ) );
#2625 = DIRECTION ( 'NONE',  ( 0.000000000000000000, -0.000000000000000000, -1.000000000000000000 ) ) ;
#2626 = DIRECTION ( 'NONE',  ( -0.000000000000000000, -0.000000000000000000, -1.000000000000000000 ) ) ;
#2627 = ORIENTED_EDGE ( 'NONE', *, *, #2399, .F. ) ;
#2628 = CARTESIAN_POINT ( 'NONE',  ( 0.7500000000000001110, 0.2000000000000000389, 0.7750000000000003553 ) ) ;
#2629 = EDGE_CURVE ( 'NONE', #945, #2495, #501, .T. ) ;
#2630 = EDGE_LOOP ( 'NONE', ( #999, #1043 ) ) ;
#2631 = ORIENTED_EDGE ( 'NONE', *, *, #1266, .T. ) ;
#2632 = CARTESIAN_POINT ( 'NONE',  ( -0.3325082496721913916, 1.099999999999999645, -0.7657701508415083458 ) ) ;
#2633 = FACE_OUTER_BOUND ( 'NONE', #1284, .T. ) ;
#2634 = ADVANCED_FACE ( 'NONE', ( #456 ), #44, .F. ) ;
#2635 = EDGE_CURVE ( 'NONE', #1395, #140, #947, .T. ) ;
#2636 = CARTESIAN_POINT ( 'NONE',  ( 0.9844267569670314133, 0.2373897609551982868, -0.7749999999999995781 ) ) ;
#2637 = PRESENTATION_STYLE_ASSIGNMENT (( #2671 ) ) ;
#2638 = ORIENTED_EDGE ( 'NONE', *, *, #899, .F. ) ;
#2639 =( NAMED_UNIT ( * ) SI_UNIT ( $, .STERADIAN. ) SOLID_ANGLE_UNIT ( ) );
#2640 = DIRECTION ( 'NONE',  ( -0.1575036800439535145, -0.9875184002197689992, 0.000000000000000000 ) ) ;
#2641 = DIRECTION ( 'NONE',  ( 0.1575036800439535145, 0.9875184002197689992, -0.000000000000000000 ) ) ;
#2642 = ORIENTED_EDGE ( 'NONE', *, *, #718, .F. ) ;
#2643 = DIRECTION ( 'NONE',  ( 0.000000000000000000, 0.000000000000000000, 1.000000000000000000 ) ) ;
#2644 = EDGE_CURVE ( 'NONE', #1156, #1873, #1258, .T. ) ;
#2645 = VERTEX_POINT ( 'NONE', #934 ) ;
#2646 = CARTESIAN_POINT ( 'NONE',  ( -0.9844267569670331897, -4.878909776184769953E-16, 0.1250000000000004441 ) ) ;
#2647 = CARTESIAN_POINT ( 'NONE',  ( -0.6866110369285715054, 0.5974368559923075583, 0.7750000000000003553 ) ) ;
#2648 = CARTESIAN_POINT ( 'NONE',  ( -0.5617566243839233753, 1.099999999999999645, -0.9999999999999995559 ) ) ;
#2649 = AXIS2_PLACEMENT_3D ( 'NONE', #2712, #1609, #439 ) ;
#2650 = EDGE_CURVE ( 'NONE', #1109, #2617, #382, .T. ) ;
#2651 = DIRECTION ( 'NONE',  ( 0.000000000000000000, -0.000000000000000000, -1.000000000000000000 ) ) ;
#2652 = SHAPE_DEFINITION_REPRESENTATION ( #2539, #223 ) ;
#2653 = EDGE_CURVE ( 'NONE', #1072, #1856, #267, .T. ) ;
#2654 = VERTEX_POINT ( 'NONE', #2451 ) ;
#2655 =( NAMED_UNIT ( * ) PLANE_ANGLE_UNIT ( ) SI_UNIT ( $, .RADIAN. ) );
#2656 = CARTESIAN_POINT ( 'NONE',  ( 0.9844267569670314133, 0.2373897609551982868, 0.7750000000000003553 ) ) ;
#2657 = CARTESIAN_POINT ( 'NONE',  ( -0.7500000000000001110, 0.2000000000000000389, -0.7749999999999995781 ) ) ;
#2658 = CIRCLE ( 'NONE', #1772, 0.2373897609551988697 ) ;
#2659 = UNCERTAINTY_MEASURE_WITH_UNIT (LENGTH_MEASURE( 1.000000000000000082E-05 ), #2624, 'distance_accuracy_value', 'NONE');
#2660 = ORIENTED_EDGE ( 'NONE', *, *, #275, .T. ) ;
#2661 = DIRECTION ( 'NONE',  ( -1.000000000000000000, 7.440019664986507137E-15, 0.000000000000000000 ) ) ;
#2662 = VECTOR ( 'NONE', #1093, 1000.000000000000000 ) ;
#2663 = AXIS2_PLACEMENT_3D ( 'NONE', #1362, #583, #554 ) ;
#2664 = VERTEX_POINT ( 'NONE', #1592 ) ;
#2665 = DIRECTION ( 'NONE',  ( 0.000000000000000000, -0.000000000000000000, -1.000000000000000000 ) ) ;
#2666 = PLANE ( 'NONE',  #2341 ) ;
#2667 = VECTOR ( 'NONE', #650, 1000.000000000000000 ) ;
#2668 = CIRCLE ( 'NONE', #1595, 0.2373897609551988697 ) ;
#2669 = AXIS2_PLACEMENT_3D ( 'NONE', #2413, #2626, #643 ) ;
#2670 = CYLINDRICAL_SURFACE ( 'NONE', #764, 0.1191403028739743825 ) ;
#2671 = SURFACE_STYLE_USAGE ( .BOTH. , #1999 ) ;
#2672 = AXIS2_PLACEMENT_3D ( 'NONE', #2110, #136, #1413 ) ;
#2673 = EDGE_CURVE ( 'NONE', #1847, #266, #2372, .T. ) ;
#2674 = ORIENTED_EDGE ( 'NONE', *, *, #1218, .T. ) ;
#2675 = DIRECTION ( 'NONE',  ( -0.000000000000000000, -0.000000000000000000, -1.000000000000000000 ) ) ;
#2676 = DIRECTION ( 'NONE',  ( 1.000000000000000000, 0.000000000000000000, 0.000000000000000000 ) ) ;
#2677 = VERTEX_POINT ( 'NONE', #468 ) ;
#2678 = CARTESIAN_POINT ( 'NONE',  ( 1.050000000000000044, 0.1749999999999999056, 0.5250000000000003553 ) ) ;
#2679 = EDGE_LOOP ( 'NONE', ( #2450, #1252, #155, #921 ) ) ;
#2680 = DIRECTION ( 'NONE',  ( 0.9902680687415703620, 0.1391731009600656876, 0.000000000000000000 ) ) ;
#2681 = CARTESIAN_POINT ( 'NONE',  ( -0.6866110369285715054, 0.5974368559923075583, -0.1249999999999995698 ) ) ;
#2682 = VERTEX_POINT ( 'NONE', #1160 ) ;
#2683 = PRESENTATION_STYLE_ASSIGNMENT (( #908 ) ) ;
#2684 = FACE_OUTER_BOUND ( 'NONE', #83, .T. ) ;
#2685 = CARTESIAN_POINT ( 'NONE',  ( 0.6866110369285715054, 0.5974368559923075583, -0.5249999999999995781 ) ) ;
#2686 = ORIENTED_EDGE ( 'NONE', *, *, #1184, .T. ) ;
#2687 = ADVANCED_FACE ( 'NONE', ( #1379 ), #1826, .T. ) ;
#2688 = ADVANCED_FACE ( 'NONE', ( #1119 ), #1107, .T. ) ;
#2689 = CARTESIAN_POINT ( 'NONE',  ( -0.5477025409136841994, 0.1000000000000003664, -0.9999999999999995559 ) ) ;
#2690 = ORIENTED_EDGE ( 'NONE', *, *, #1126, .F. ) ;
#2691 = FACE_OUTER_BOUND ( 'NONE', #1843, .T. ) ;
#2692 = DIRECTION ( 'NONE',  ( -0.9875184002197689992, 0.1575036800439535145, 0.000000000000000000 ) ) ;
#2693 = VERTEX_POINT ( 'NONE', #249 ) ;
#2694 = EDGE_CURVE ( 'NONE', #794, #1197, #1768, .T. ) ;
#2695 = FACE_OUTER_BOUND ( 'NONE', #2613, .T. ) ;
#2696 = DIRECTION ( 'NONE',  ( -4.408285320598016267E-15, -1.000000000000000000, 0.000000000000000000 ) ) ;
#2697 = DIRECTION ( 'NONE',  ( 0.000000000000000000, -0.000000000000000000, -1.000000000000000000 ) ) ;
#2698 = ORIENTED_EDGE ( 'NONE', *, *, #1394, .F. ) ;
#2699 = CARTESIAN_POINT ( 'NONE',  ( -1.050000000000000044, 0.1749999999999999056, -0.7749999999999995781 ) ) ;
#2700 = DIRECTION ( 'NONE',  ( 0.000000000000000000, 0.000000000000000000, 1.000000000000000000 ) ) ;
#2701 = ORIENTED_EDGE ( 'NONE', *, *, #644, .T. ) ;
#2702 = DIRECTION ( 'NONE',  ( -0.000000000000000000, -0.000000000000000000, -1.000000000000000000 ) ) ;
#2703 = VECTOR ( 'NONE', #1679, 1000.000000000000000 ) ;
#2704 = CIRCLE ( 'NONE', #911, 0.2373897609551987586 ) ;
#2705 = VERTEX_POINT ( 'NONE', #33 ) ;
#2706 = CIRCLE ( 'NONE', #1136, 0.2373897609551988697 ) ;
#2707 = CIRCLE ( 'NONE', #956, 0.1191403028739743825 ) ;
#2708 = DIRECTION ( 'NONE',  ( 1.000000000000000000, -7.440397257356628543E-15, 0.000000000000000000 ) ) ;
#2709 = AXIS2_PLACEMENT_3D ( 'NONE', #1293, #2182, #2847 ) ;
#2710 = ORIENTED_EDGE ( 'NONE', *, *, #581, .T. ) ;
#2711 = VECTOR ( 'NONE', #2398, 1000.000000000000114 ) ;
#2712 = CARTESIAN_POINT ( 'NONE',  ( -0.3325082496721913916, 1.099999999999999645, -0.7657701508415083458 ) ) ;
#2713 = FACE_OUTER_BOUND ( 'NONE', #1222, .T. ) ;
#2714 = EDGE_LOOP ( 'NONE', ( #549, #405 ) ) ;
#2715 = DIRECTION ( 'NONE',  ( -0.1391731009600657987, -0.9902680687415703620, 0.000000000000000000 ) ) ;
#2716 = CARTESIAN_POINT ( 'NONE',  ( -0.9228157200384597969, 0.2275631440076917589, 0.7750000000000003553 ) ) ;
#2717 = CARTESIAN_POINT ( 'NONE',  ( -0.8594267569670310802, 0.6249999999999994449, 0.1250000000000004441 ) ) ;
#2718 = ORIENTED_EDGE ( 'NONE', *, *, #2224, .T. ) ;
#2719 = DIRECTION ( 'NONE',  ( -0.000000000000000000, -0.000000000000000000, -1.000000000000000000 ) ) ;
#2720 = VERTEX_POINT ( 'NONE', #923 ) ;
#2721 = EDGE_CURVE ( 'NONE', #2414, #217, #2462, .T. ) ;
#2722 = CARTESIAN_POINT ( 'NONE',  ( -1.050000000000000044, 0.1749999999999999056, 0.7750000000000003553 ) ) ;
#2723 = EDGE_CURVE ( 'NONE', #1926, #594, #1886, .T. ) ;
#2724 = ORIENTED_EDGE ( 'NONE', *, *, #2008, .T. ) ;
#2725 = FACE_OUTER_BOUND ( 'NONE', #314, .T. ) ;
#2726 = DIRECTION ( 'NONE',  ( 1.000000000000000000, 0.000000000000000000, 0.000000000000000000 ) ) ;
#2727 = VERTEX_POINT ( 'NONE', #1436 ) ;
#2728 = LINE ( 'NONE', #1658, #213 ) ;
#2729 = FACE_OUTER_BOUND ( 'NONE', #239, .T. ) ;
#2730 = LINE ( 'NONE', #95, #622 ) ;
#2731 = ORIENTED_EDGE ( 'NONE', *, *, #1818, .F. ) ;
#2732 = DIRECTION ( 'NONE',  ( -7.434529182757748747E-15, 1.000000000000000000, 0.000000000000000000 ) ) ;
#2733 = EDGE_CURVE ( 'NONE', #2857, #1002, #1221, .T. ) ;
#2734 = ORIENTED_EDGE ( 'NONE', *, *, #899, .T. ) ;
#2735 = DIRECTION ( 'NONE',  ( 7.434529182757748747E-15, -1.000000000000000000, 0.000000000000000000 ) ) ;
#2736 = EDGE_CURVE ( 'NONE', #422, #2249, #525, .T. ) ;
#2737 = VERTEX_POINT ( 'NONE', #1854 ) ;
#2738 = DIRECTION ( 'NONE',  ( -0.9902680687415703620, 0.1391731009600656876, 0.000000000000000000 ) ) ;
#2739 = DIRECTION ( 'NONE',  ( 0.000000000000000000, 0.000000000000000000, 1.000000000000000000 ) ) ;
#2740 = LINE ( 'NONE', #58, #1232 ) ;
#2741 = PRESENTATION_LAYER_ASSIGNMENT (  '', '', ( #1399 ) ) ;
#2742 = ORIENTED_EDGE ( 'NONE', *, *, #2125, .F. ) ;
#2743 = DIRECTION ( 'NONE',  ( -0.1575036800439535145, 0.9875184002197689992, 0.000000000000000000 ) ) ;
#2744 = PLANE ( 'NONE',  #263 ) ;
#2745 = DIRECTION ( 'NONE',  ( 1.000000000000000000, 4.408285320598016267E-15, 0.000000000000000000 ) ) ;
#2746 = ORIENTED_EDGE ( 'NONE', *, *, #1662, .T. ) ;
#2747 = CARTESIAN_POINT ( 'NONE',  ( 0.6866110369285715054, 0.5974368559923075583, 0.7750000000000003553 ) ) ;
#2748 = AXIS2_PLACEMENT_3D ( 'NONE', #1810, #739, #705 ) ;
#2749 = ORIENTED_EDGE ( 'NONE', *, *, #2579, .T. ) ;
#2750 = FACE_OUTER_BOUND ( 'NONE', #2167, .T. ) ;
#2751 = VECTOR ( 'NONE', #2745, 1000.000000000000000 ) ;
#2752 = AXIS2_PLACEMENT_3D ( 'NONE', #475, #884, #1356 ) ;
#2753 = ORIENTED_EDGE ( 'NONE', *, *, #1850, .T. ) ;
#2754 = LINE ( 'NONE', #1172, #1128 ) ;
#2755 = DIRECTION ( 'NONE',  ( 0.1575036800439534590, -0.9875184002197689992, 0.000000000000000000 ) ) ;
#2756 = EDGE_CURVE ( 'NONE', #197, #2584, #2505, .T. ) ;
#2757 = AXIS2_PLACEMENT_3D ( 'NONE', #1120, #5, #684 ) ;
#2758 = AXIS2_PLACEMENT_3D ( 'NONE', #981, #2496, #951 ) ;
#2759 = VECTOR ( 'NONE', #1161, 1000.000000000000000 ) ;
#2760 = ORIENTED_EDGE ( 'NONE', *, *, #685, .F. ) ;
#2761 = DIRECTION ( 'NONE',  ( -7.440397257356628543E-15, -1.000000000000000000, 0.000000000000000000 ) ) ;
#2762 = DIRECTION ( 'NONE',  ( -7.440019664986507137E-15, 1.000000000000000000, 0.000000000000000000 ) ) ;
#2763 = LINE ( 'NONE', #299, #2751 ) ;
#2764 = EDGE_CURVE ( 'NONE', #957, #128, #2310, .T. ) ;
#2765 = EDGE_CURVE ( 'NONE', #2584, #966, #2833, .T. ) ;
#2766 = VERTEX_POINT ( 'NONE', #2292 ) ;
#2767 = PLANE ( 'NONE',  #2796 ) ;
#2768 = VERTEX_POINT ( 'NONE', #354 ) ;
#2769 = LINE ( 'NONE', #2588, #1178 ) ;
#2770 = FACE_OUTER_BOUND ( 'NONE', #2559, .T. ) ;
#2771 = FACE_OUTER_BOUND ( 'NONE', #1674, .T. ) ;
#2772 = VERTEX_POINT ( 'NONE', #991 ) ;
#2773 = CARTESIAN_POINT ( 'NONE',  ( -1.050000000000000044, 0.1749999999999999056, 0.5250000000000003553 ) ) ;
#2774 = CARTESIAN_POINT ( 'NONE',  ( 0.9844267569670331897, -4.878909776184769953E-16, -0.7749999999999995781 ) ) ;
#2775 = SURFACE_STYLE_USAGE ( .BOTH. , #126 ) ;
#2776 = ORIENTED_EDGE ( 'NONE', *, *, #1959, .T. ) ;
#2777 = DIRECTION ( 'NONE',  ( 0.9875184002197689992, 0.1575036800439535145, 0.000000000000000000 ) ) ;
#2778 = ADVANCED_FACE ( 'NONE', ( #1898 ), #1020, .F. ) ;
#2779 = EDGE_LOOP ( 'NONE', ( #50, #1590, #184, #1994 ) ) ;
#2780 = LINE ( 'NONE', #2808, #441 ) ;
#2781 = CARTESIAN_POINT ( 'NONE',  ( 0.8594267569670310802, 0.6249999999999994449, 0.7750000000000003553 ) ) ;
#2782 = CARTESIAN_POINT ( 'NONE',  ( 0.8594267569670310802, 0.6249999999999994449, -0.5249999999999995781 ) ) ;
#2783 = ORIENTED_EDGE ( 'NONE', *, *, #779, .F. ) ;
#2784 = FACE_OUTER_BOUND ( 'NONE', #2870, .T. ) ;
#2785 = VECTOR ( 'NONE', #1973, 1000.000000000000114 ) ;
#2786 = ORIENTED_EDGE ( 'NONE', *, *, #243, .F. ) ;
#2787 = DIRECTION ( 'NONE',  ( -0.000000000000000000, -1.000000000000000000, -0.000000000000000000 ) ) ;
#2788 = EDGE_CURVE ( 'NONE', #2535, #746, #2525, .T. ) ;
#2789 = ORIENTED_EDGE ( 'NONE', *, *, #2032, .T. ) ;
#2790 = CARTESIAN_POINT ( 'NONE',  ( 0.9844267569670314133, 0.2373897609551982868, 0.1250000000000004441 ) ) ;
#2791 = ADVANCED_FACE ( 'NONE', ( #2771 ), #104, .F. ) ;
#2792 = CIRCLE ( 'NONE', #2467, 0.06238976095519885301 ) ;
#2793 = DIRECTION ( 'NONE',  ( 0.1575036800439534590, 0.9875184002197689992, 0.000000000000000000 ) ) ;
#2794 = CYLINDRICAL_SURFACE ( 'NONE', #1166, 0.1191403028739743825 ) ;
#2795 = CIRCLE ( 'NONE', #1828, 0.2373897609551988697 ) ;
#2796 = AXIS2_PLACEMENT_3D ( 'NONE', #1442, #1431, #550 ) ;
#2797 = VERTEX_POINT ( 'NONE', #1208 ) ;
#2798 = FILL_AREA_STYLE_COLOUR ( '', #949 ) ;
#2799 = AXIS2_PLACEMENT_3D ( 'NONE', #1877, #777, #1660 ) ;
#2800 = AXIS2_PLACEMENT_3D ( 'NONE', #2147, #2168, #1932 ) ;
#2801 = DIRECTION ( 'NONE',  ( 0.000000000000000000, 1.000000000000000000, 0.000000000000000000 ) ) ;
#2802 = CIRCLE ( 'NONE', #216, 0.06238976095519874199 ) ;
#2803 = ORIENTED_EDGE ( 'NONE', *, *, #858, .F. ) ;
#2804 = DIRECTION ( 'NONE',  ( 7.440397257356628543E-15, -1.000000000000000000, 0.000000000000000000 ) ) ;
#2805 = VECTOR ( 'NONE', #2048, 1000.000000000000000 ) ;
#2806 = VERTEX_POINT ( 'NONE', #2088 ) ;
#2807 = VERTEX_POINT ( 'NONE', #784 ) ;
#2808 = CARTESIAN_POINT ( 'NONE',  ( -0.6249999999999996669, 0.8249999999999999556, 0.1250000000000004441 ) ) ;
#2809 = ADVANCED_FACE ( 'NONE', ( #2074 ), #2538, .T. ) ;
#2810 = EDGE_CURVE ( 'NONE', #2654, #691, #1391, .T. ) ;
#2811 = DIRECTION ( 'NONE',  ( 0.000000000000000000, -0.000000000000000000, -1.000000000000000000 ) ) ;
#2812 = ORIENTED_EDGE ( 'NONE', *, *, #2561, .F. ) ;
#2813 = CARTESIAN_POINT ( 'NONE',  ( -0.3325082496721913916, 0.9999999999999995559, -0.7657701508415083458 ) ) ;
#2814 = CARTESIAN_POINT ( 'NONE',  ( -0.6004053539270811646, 0.8249999999999998446, 0.1250000000000004441 ) ) ;
#2815 = CARTESIAN_POINT ( 'NONE',  ( 0.9844267569670314133, 0.2373897609551982868, 0.5250000000000003553 ) ) ;
#2816 = EDGE_LOOP ( 'NONE', ( #2734, #52, #1728, #1307 ) ) ;
#2817 = DIRECTION ( 'NONE',  ( -0.000000000000000000, -0.000000000000000000, -1.000000000000000000 ) ) ;
#2818 = ORIENTED_EDGE ( 'NONE', *, *, #2311, .F. ) ;
#2819 = ADVANCED_FACE ( 'NONE', ( #1450 ), #312, .T. ) ;
#2820 = CARTESIAN_POINT ( 'NONE',  ( 0.6249999999999996669, 0.8249999999999999556, -0.5249999999999995781 ) ) ;
#2821 = MANIFOLD_SOLID_BREP ( 'LPattern1[4]', #2101 ) ;
#2822 = LINE ( 'NONE', #1316, #211 ) ;
#2823 = CARTESIAN_POINT ( 'NONE',  ( 0.9844267569670314133, 0.2373897609551982868, 0.7750000000000003553 ) ) ;
#2824 = CARTESIAN_POINT ( 'NONE',  ( -0.3325082496721913916, 0.9999999999999995559, -0.7657701508415083458 ) ) ;
#2825 = EDGE_CURVE ( 'NONE', #543, #1213, #1303, .T. ) ;
#2826 = ORIENTED_EDGE ( 'NONE', *, *, #2733, .F. ) ;
#2827 = DIRECTION ( 'NONE',  ( 7.440019664986507137E-15, 1.000000000000000000, -0.000000000000000000 ) ) ;
#2828 = DIRECTION ( 'NONE',  ( 1.000000000000000000, 0.000000000000000000, 0.000000000000000000 ) ) ;
#2829 = LINE ( 'NONE', #1684, #1875 ) ;
#2830 = ADVANCED_FACE ( 'NONE', ( #2103 ), #2794, .F. ) ;
#2831 = UNCERTAINTY_MEASURE_WITH_UNIT (LENGTH_MEASURE( 1.000000000000000082E-05 ), #2440, 'distance_accuracy_value', 'NONE');
#2832 = ORIENTED_EDGE ( 'NONE', *, *, #2456, .T. ) ;
#2833 = CIRCLE ( 'NONE', #194, 0.2373897609551987586 ) ;
#2834 = LINE ( 'NONE', #847, #1829 ) ;
#2835 = MECHANICAL_DESIGN_GEOMETRIC_PRESENTATION_REPRESENTATION (  '', ( #105 ), #1952 ) ;
#2836 = EDGE_LOOP ( 'NONE', ( #59, #36, #932, #805 ) ) ;
#2837 = ORIENTED_EDGE ( 'NONE', *, *, #1997, .T. ) ;
#2838 = MANIFOLD_SOLID_BREP ( 'LPattern1[2]', #1041 ) ;
#2839 = DIRECTION ( 'NONE',  ( 0.000000000000000000, 1.000000000000000000, 0.000000000000000000 ) ) ;
#2840 = LINE ( 'NONE', #1968, #116 ) ;
#2841 = DIRECTION ( 'NONE',  ( -0.1391731009600656876, 0.9902680687415702510, 0.000000000000000000 ) ) ;
#2842 = CARTESIAN_POINT ( 'NONE',  ( 0.6249999999999996669, 0.6500000000000000222, -0.5249999999999995781 ) ) ;
#2843 = PRESENTATION_LAYER_ASSIGNMENT (  '', '', ( #2520 ) ) ;
#2844 = VERTEX_POINT ( 'NONE', #639 ) ;
#2845 = EDGE_CURVE ( 'NONE', #1192, #2807, #608, .T. ) ;
#2846 = DIRECTION ( 'NONE',  ( -0.000000000000000000, 0.000000000000000000, 1.000000000000000000 ) ) ;
#2847 = DIRECTION ( 'NONE',  ( 1.000000000000000000, 0.000000000000000000, 0.000000000000000000 ) ) ;
#2848 = AXIS2_PLACEMENT_3D ( 'NONE', #1422, #1839, #2307 ) ;
#2849 = VECTOR ( 'NONE', #2598, 1000.000000000000000 ) ;
#2850 = VECTOR ( 'NONE', #2621, 1000.000000000000000 ) ;
#2851 = VERTEX_POINT ( 'NONE', #1741 ) ;
#2852 = VECTOR ( 'NONE', #828, 1000.000000000000000 ) ;
#2853 = ADVANCED_FACE ( 'NONE', ( #1680 ), #1289, .T. ) ;
#2854 = ADVANCED_FACE ( 'NONE', ( #1518 ), #2563, .T. ) ;
#2855 = PLANE ( 'NONE',  #26 ) ;
#2856 = AXIS2_PLACEMENT_3D ( 'NONE', #2815, #2170, #1067 ) ;
#2857 = VERTEX_POINT ( 'NONE', #1930 ) ;
#2858 = ORIENTED_EDGE ( 'NONE', *, *, #1761, .F. ) ;
#2859 = CIRCLE ( 'NONE', #357, 0.06238976095519885301 ) ;
#2860 = FACE_OUTER_BOUND ( 'NONE', #552, .T. ) ;
#2861 = DIRECTION ( 'NONE',  ( -1.000000000000000000, 0.000000000000000000, 0.000000000000000000 ) ) ;
#2862 = FACE_OUTER_BOUND ( 'NONE', #984, .T. ) ;
#2863 = DIRECTION ( 'NONE',  ( -0.000000000000000000, 1.000000000000000000, -0.000000000000000000 ) ) ;
#2864 = EDGE_LOOP ( 'NONE', ( #682, #2229, #269, #823 ) ) ;
#2865 = EDGE_CURVE ( 'NONE', #1156, #1735, #1031, .T. ) ;
#2866 = SURFACE_STYLE_FILL_AREA ( #1339 ) ;
#2867 = CYLINDRICAL_SURFACE ( 'NONE', #1834, 0.2373897609551988697 ) ;
#2868 = CARTESIAN_POINT ( 'NONE',  ( 0.9844267569670318574, 0.1749999999999994893, 0.5250000000000003553 ) ) ;
#2869 = UNCERTAINTY_MEASURE_WITH_UNIT (LENGTH_MEASURE( 1.000000000000000082E-05 ), #819, 'distance_accuracy_value', 'NONE');
#2870 = EDGE_LOOP ( 'NONE', ( #1353, #437, #2185, #1657, #99, #2674, #23, #2239, #1746, #614, #1770 ) ) ;
#2871 = LINE ( 'NONE', #446, #445 ) ;
#2872 = ORIENTED_EDGE ( 'NONE', *, *, #1708, .F. ) ;
#2873 = PLANE ( 'NONE',  #1137 ) ;
#2874 = DIRECTION ( 'NONE',  ( -0.000000000000000000, -0.000000000000000000, -1.000000000000000000 ) ) ;
#2875 = DIRECTION ( 'NONE',  ( 0.000000000000000000, 0.000000000000000000, 1.000000000000000000 ) ) ;
ENDSEC;
END-ISO-10303-21;
