ISO-10303-21;
HEADER;
FILE_DESCRIPTION (( 'STEP AP214' ),
    '1' );
FILE_NAME ('CSD15380F3T.STEP',
    '2019-04-16T07:41:03',
    ( '' ),
    ( '' ),
    'SwSTEP 2.0',
    'SolidWorks 2017',
    '' );
FILE_SCHEMA (( 'AUTOMOTIVE_DESIGN' ));
ENDSEC;

DATA;
#1 = EDGE_CURVE ( 'NONE', #1773, #1233, #1711, .T. ) ;
#2 = ORIENTED_EDGE ( 'NONE', *, *, #1689, .T. ) ;
#3 = DIRECTION ( 'NONE',  ( -3.365411318786679200E-015, 0.0000000000000000000, -1.000000000000000000 ) ) ;
#4 = AXIS2_PLACEMENT_3D ( 'NONE', #1201, #894, #1959 ) ;
#5 = DIRECTION ( 'NONE',  ( 0.0000000000000000000, -1.000000000000000000, 0.0000000000000000000 ) ) ;
#6 = ORIENTED_EDGE ( 'NONE', *, *, #1589, .T. ) ;
#7 = ORIENTED_EDGE ( 'NONE', *, *, #257, .T. ) ;
#8 = DIRECTION ( 'NONE',  ( 3.152668159941413200E-015, 0.0000000000000000000, 1.000000000000000000 ) ) ;
#9 = DIRECTION ( 'NONE',  ( 1.000000000000000000, 0.0000000000000000000, -3.872150616019666900E-015 ) ) ;
#10 = ORIENTED_EDGE ( 'NONE', *, *, #933, .F. ) ;
#11 = VERTEX_POINT ( 'NONE', #1913 ) ;
#12 = EDGE_CURVE ( 'NONE', #1061, #138, #482, .T. ) ;
#13 = CARTESIAN_POINT ( 'NONE',  ( 0.2650000000000007900, 0.0000000000000000000, 0.2149999999999989100 ) ) ;
#14 = ADVANCED_FACE ( 'NONE', ( #1345 ), #1908, .F. ) ;
#15 = LINE ( 'NONE', #1137, #442 ) ;
#16 = EDGE_CURVE ( 'NONE', #1430, #148, #702, .T. ) ;
#17 = CARTESIAN_POINT ( 'NONE',  ( -0.08500000000000078300, 0.0000000000000000000, -0.2149999999999996900 ) ) ;
#18 = CARTESIAN_POINT ( 'NONE',  ( -0.08499999999999953400, 0.1000000000000000100, 0.1350000000000002900 ) ) ;
#19 = CIRCLE ( 'NONE', #1497, 0.03500000000000003800 ) ;
#20 = CARTESIAN_POINT ( 'NONE',  ( 0.1849999999999991900, 0.1000000000000000100, -0.2500000000000008900 ) ) ;
#21 = CARTESIAN_POINT ( 'NONE',  ( -0.3000000000000007100, 0.1000000000000000100, -0.2149999999999989400 ) ) ;
#22 = FACE_OUTER_BOUND ( 'NONE', #992, .T. ) ;
#23 = DIRECTION ( 'NONE',  ( -0.0000000000000000000, -1.000000000000000000, 0.0000000000000000000 ) ) ;
#24 = LINE ( 'NONE', #203, #645 ) ;
#25 = LINE ( 'NONE', #804, #1139 ) ;
#26 = CARTESIAN_POINT ( 'NONE',  ( -0.05000000000000048200, 0.0000000000000000000, -0.1349999999999998400 ) ) ;
#27 = ORIENTED_EDGE ( 'NONE', *, *, #1330, .F. ) ;
#28 = EDGE_CURVE ( 'NONE', #1861, #1760, #1204, .T. ) ;
#29 = ORIENTED_EDGE ( 'NONE', *, *, #580, .F. ) ;
#30 = CARTESIAN_POINT ( 'NONE',  ( -0.08499999999999953400, 0.1000000000000000100, 0.1350000000000002900 ) ) ;
#31 =( LENGTH_UNIT ( ) NAMED_UNIT ( * ) SI_UNIT ( .MILLI., .METRE. ) );
#32 = PRODUCT_DEFINITION ( 'UNKNOWN', '', #1457, #353 ) ;
#33 = ORIENTED_EDGE ( 'NONE', *, *, #1175, .T. ) ;
#34 = DIRECTION ( 'NONE',  ( 0.0000000000000000000, 1.000000000000000000, 0.0000000000000000000 ) ) ;
#35 = ORIENTED_EDGE ( 'NONE', *, *, #12, .T. ) ;
#36 = ORIENTED_EDGE ( 'NONE', *, *, #1419, .T. ) ;
#37 = CARTESIAN_POINT ( 'NONE',  ( 0.1850000000000008600, 0.0000000000000000000, 0.2499999999999992000 ) ) ;
#38 = CARTESIAN_POINT ( 'NONE',  ( -0.3449999999999989200, 0.0000000000000000000, 0.3000000000000011000 ) ) ;
#39 = CARTESIAN_POINT ( 'NONE',  ( -0.2650000000000002900, 0.0000000000000000000, -0.09999999999999909000 ) ) ;
#40 = VECTOR ( 'NONE', #678, 1000.000000000000000 ) ;
#41 = CARTESIAN_POINT ( 'NONE',  ( 0.3450000000000010800, 0.3499999999999999800, 0.2999999999999987100 ) ) ;
#42 = LINE ( 'NONE', #739, #1601 ) ;
#43 = EDGE_CURVE ( 'NONE', #1430, #1066, #1088, .T. ) ;
#44 = CARTESIAN_POINT ( 'NONE',  ( -0.08500000000000088000, 0.0000000000000000000, -0.2499999999999996700 ) ) ;
#45 = DIRECTION ( 'NONE',  ( 0.0000000000000000000, -1.000000000000000000, 0.0000000000000000000 ) ) ;
#46 = CARTESIAN_POINT ( 'NONE',  ( -0.2649999999999996800, 0.1000000000000000100, 0.1000000000000009200 ) ) ;
#47 = AXIS2_PLACEMENT_3D ( 'NONE', #734, #589, #423 ) ;
#48 = CYLINDRICAL_SURFACE ( 'NONE', #1602, 0.03499999999999996900 ) ;
#49 = PLANE ( 'NONE',  #1444 ) ;
#50 = CARTESIAN_POINT ( 'NONE',  ( -0.05000000000000048800, 0.1000000000000000100, -0.1349999999999998400 ) ) ;
#51 = LINE ( 'NONE', #799, #1678 ) ;
#52 = LINE ( 'NONE', #728, #615 ) ;
#53 = DIRECTION ( 'NONE',  ( -1.000000000000000000, 0.0000000000000000000, 3.872150616019654300E-015 ) ) ;
#54 = EDGE_CURVE ( 'NONE', #1164, #1286, #1256, .T. ) ;
#55 = ORIENTED_EDGE ( 'NONE', *, *, #549, .T. ) ;
#56 = APPLICATION_CONTEXT ( 'automotive_design' ) ;
#57 = CARTESIAN_POINT ( 'NONE',  ( -0.05000000000000080100, 0.1000000000000000100, -0.2149999999999998300 ) ) ;
#58 = ORIENTED_EDGE ( 'NONE', *, *, #1849, .F. ) ;
#59 = AXIS2_PLACEMENT_3D ( 'NONE', #295, #1649, #432 ) ;
#60 = ORIENTED_EDGE ( 'NONE', *, *, #408, .T. ) ;
#61 = CARTESIAN_POINT ( 'NONE',  ( -0.08500000000000035300, 0.0000000000000000000, -0.09999999999999970000 ) ) ;
#62 = ORIENTED_EDGE ( 'NONE', *, *, #1130, .F. ) ;
#63 = ORIENTED_EDGE ( 'NONE', *, *, #1172, .F. ) ;
#64 = ORIENTED_EDGE ( 'NONE', *, *, #236, .F. ) ;
#65 = CYLINDRICAL_SURFACE ( 'NONE', #1785, 0.03500000000000003800 ) ;
#66 = CARTESIAN_POINT ( 'NONE',  ( -0.05000000000000048800, 0.0000000000000000000, -0.1349999999999998400 ) ) ;
#67 = EDGE_CURVE ( 'NONE', #920, #1663, #1755, .T. ) ;
#68 = AXIS2_PLACEMENT_3D ( 'NONE', #1187, #892, #1846 ) ;
#69 = FACE_OUTER_BOUND ( 'NONE', #975, .T. ) ;
#70 = DIRECTION ( 'NONE',  ( 1.000000000000000000, 0.0000000000000000000, -3.491481338843133400E-015 ) ) ;
#71 = CIRCLE ( 'NONE', #1607, 0.03500000000000003800 ) ;
#72 = CARTESIAN_POINT ( 'NONE',  ( 0.2649999999999992400, 0.1000000000000000100, -0.2500000000000011700 ) ) ;
#73 = VECTOR ( 'NONE', #466, 1000.000000000000000 ) ;
#74 = ADVANCED_FACE ( 'NONE', ( #1796 ), #852, .F. ) ;
#75 = ORIENTED_EDGE ( 'NONE', *, *, #76, .F. ) ;
#76 = EDGE_CURVE ( 'NONE', #148, #1213, #944, .T. ) ;
#77 = ORIENTED_EDGE ( 'NONE', *, *, #1363, .F. ) ;
#78 =( NAMED_UNIT ( * ) SI_UNIT ( $, .STERADIAN. ) SOLID_ANGLE_UNIT ( ) );
#79 = AXIS2_PLACEMENT_3D ( 'NONE', #1008, #104, #258 ) ;
#80 = EDGE_LOOP ( 'NONE', ( #1040, #628, #1904, #1572 ) ) ;
#81 = ORIENTED_EDGE ( 'NONE', *, *, #676, .T. ) ;
#82 = CARTESIAN_POINT ( 'NONE',  ( 0.1850000000000008600, 0.1000000000000000100, 0.2499999999999992000 ) ) ;
#83 = LINE ( 'NONE', #1210, #888 ) ;
#84 = SURFACE_STYLE_FILL_AREA ( #602 ) ;
#85 = AXIS2_PLACEMENT_3D ( 'NONE', #1331, #560, #1923 ) ;
#86 = LINE ( 'NONE', #159, #352 ) ;
#87 = FACE_OUTER_BOUND ( 'NONE', #531, .T. ) ;
#88 = CIRCLE ( 'NONE', #1854, 0.03499999999999998300 ) ;
#89 = CARTESIAN_POINT ( 'NONE',  ( 0.1500000000000007400, 0.0000000000000000000, 0.2149999999999993300 ) ) ;
#90 = ORIENTED_EDGE ( 'NONE', *, *, #559, .T. ) ;
#91 = ORIENTED_EDGE ( 'NONE', *, *, #420, .T. ) ;
#92 = PLANE ( 'NONE',  #1932 ) ;
#93 = ORIENTED_EDGE ( 'NONE', *, *, #1642, .T. ) ;
#94 = ORIENTED_EDGE ( 'NONE', *, *, #296, .T. ) ;
#95 = VERTEX_POINT ( 'NONE', #1359 ) ;
#96 = EDGE_CURVE ( 'NONE', #686, #1492, #1301, .T. ) ;
#97 = DIRECTION ( 'NONE',  ( 0.0000000000000000000, -1.000000000000000000, -0.0000000000000000000 ) ) ;
#98 = ORIENTED_EDGE ( 'NONE', *, *, #559, .F. ) ;
#99 = ORIENTED_EDGE ( 'NONE', *, *, #1699, .F. ) ;
#100 = ORIENTED_EDGE ( 'NONE', *, *, #1768, .F. ) ;
#101 = PRESENTATION_STYLE_ASSIGNMENT (( #1397 ) ) ;
#102 = DIRECTION ( 'NONE',  ( -1.000000000000000000, 0.0000000000000000000, 3.491481338843133400E-015 ) ) ;
#103 = LINE ( 'NONE', #1867, #581 ) ;
#104 = DIRECTION ( 'NONE',  ( 0.0000000000000000000, -1.000000000000000000, 0.0000000000000000000 ) ) ;
#105 = LINE ( 'NONE', #1101, #129 ) ;
#106 = EDGE_CURVE ( 'NONE', #1428, #1798, #650, .T. ) ;
#107 = DIRECTION ( 'NONE',  ( 4.169107696646573600E-015, 0.0000000000000000000, 1.000000000000000000 ) ) ;
#108 = LINE ( 'NONE', #1700, #1154 ) ;
#109 = AXIS2_PLACEMENT_3D ( 'NONE', #1157, #732, #871 ) ;
#110 = LINE ( 'NONE', #601, #564 ) ;
#111 = MANIFOLD_SOLID_BREP ( 'Body-Move/Copy1[2]', #1351 ) ;
#112 = CIRCLE ( 'NONE', #400, 0.03500000000000003800 ) ;
#113 = PLANE ( 'NONE',  #984 ) ;
#114 = ORIENTED_EDGE ( 'NONE', *, *, #160, .F. ) ;
#115 = CARTESIAN_POINT ( 'NONE',  ( -0.2649999999999992400, -0.0000000000000000000, 0.2150000000000009100 ) ) ;
#116 = ORIENTED_EDGE ( 'NONE', *, *, #1353, .F. ) ;
#117 = DIRECTION ( 'NONE',  ( 1.000000000000000000, 0.0000000000000000000, -3.672181700924050500E-015 ) ) ;
#118 = VERTEX_POINT ( 'NONE', #1344 ) ;
#119 = DIRECTION ( 'NONE',  ( 1.000000000000000000, 0.0000000000000000000, -3.872150616019660600E-015 ) ) ;
#120 = ORIENTED_EDGE ( 'NONE', *, *, #516, .F. ) ;
#121 = ORIENTED_EDGE ( 'NONE', *, *, #1652, .T. ) ;
#122 = EDGE_CURVE ( 'NONE', #1308, #1468, #792, .T. ) ;
#123 = CYLINDRICAL_SURFACE ( 'NONE', #541, 0.03499999999999992700 ) ;
#124 = PRESENTATION_LAYER_ASSIGNMENT (  '', '', ( #1645 ) ) ;
#125 = CARTESIAN_POINT ( 'NONE',  ( 0.1850000000000007500, 0.0000000000000000000, 0.2149999999999991900 ) ) ;
#126 = VECTOR ( 'NONE', #1910, 1000.000000000000000 ) ;
#127 = ADVANCED_FACE ( 'NONE', ( #1007 ), #291, .F. ) ;
#128 = DIRECTION ( 'NONE',  ( 1.000000000000000000, 0.0000000000000000000, -3.365411318786679200E-015 ) ) ;
#129 = VECTOR ( 'NONE', #227, 1000.000000000000000 ) ;
#130 = FACE_OUTER_BOUND ( 'NONE', #1530, .T. ) ;
#131 = DIRECTION ( 'NONE',  ( -0.0000000000000000000, -1.000000000000000000, 0.0000000000000000000 ) ) ;
#132 = EDGE_CURVE ( 'NONE', #237, #345, #182, .T. ) ;
#133 = LINE ( 'NONE', #985, #1676 ) ;
#134 = DIRECTION ( 'NONE',  ( 0.0000000000000000000, -1.000000000000000000, -0.0000000000000000000 ) ) ;
#135 = LINE ( 'NONE', #1680, #838 ) ;
#136 = DIRECTION ( 'NONE',  ( -1.000000000000000000, 0.0000000000000000000, 3.872150616019654300E-015 ) ) ;
#137 = ORIENTED_EDGE ( 'NONE', *, *, #1380, .F. ) ;
#138 = VERTEX_POINT ( 'NONE', #1493 ) ;
#139 = EDGE_LOOP ( 'NONE', ( #165, #1426, #121, #437, #730, #1568, #1095, #1329 ) ) ;
#140 = CARTESIAN_POINT ( 'NONE',  ( 0.2649999999999993500, 0.0000000000000000000, -0.2150000000000010800 ) ) ;
#141 = DIRECTION ( 'NONE',  ( -1.000000000000000000, 0.0000000000000000000, 3.872150616019660600E-015 ) ) ;
#142 = ORIENTED_EDGE ( 'NONE', *, *, #296, .F. ) ;
#143 = ORIENTED_EDGE ( 'NONE', *, *, #1642, .F. ) ;
#144 = EDGE_LOOP ( 'NONE', ( #1159, #1953, #338, #259 ) ) ;
#145 = EDGE_CURVE ( 'NONE', #721, #95, #529, .T. ) ;
#146 = DIRECTION ( 'NONE',  ( 0.0000000000000000000, 1.000000000000000000, 0.0000000000000000000 ) ) ;
#147 = CARTESIAN_POINT ( 'NONE',  ( -0.05000000000000080100, 0.0000000000000000000, -0.2149999999999998300 ) ) ;
#148 = VERTEX_POINT ( 'NONE', #1662 ) ;
#149 =( GEOMETRIC_REPRESENTATION_CONTEXT ( 3 ) GLOBAL_UNCERTAINTY_ASSIGNED_CONTEXT ( ( #746 ) ) GLOBAL_UNIT_ASSIGNED_CONTEXT ( ( #1638, #605, #1952 ) ) REPRESENTATION_CONTEXT ( 'NONE', 'WORKASPACE' ) );
#150 = CARTESIAN_POINT ( 'NONE',  ( 0.1849999999999993000, 0.1000000000000000100, -0.2150000000000008000 ) ) ;
#151 = CIRCLE ( 'NONE', #465, 0.03499999999999998300 ) ;
#152 =( GEOMETRIC_REPRESENTATION_CONTEXT ( 3 ) GLOBAL_UNCERTAINTY_ASSIGNED_CONTEXT ( ( #1295 ) ) GLOBAL_UNIT_ASSIGNED_CONTEXT ( ( #170, #1222, #154 ) ) REPRESENTATION_CONTEXT ( 'NONE', 'WORKASPACE' ) );
#153 = CARTESIAN_POINT ( 'NONE',  ( 0.3000000000000008200, 0.0000000000000000000, 0.2149999999999987800 ) ) ;
#154 =( NAMED_UNIT ( * ) SI_UNIT ( $, .STERADIAN. ) SOLID_ANGLE_UNIT ( ) );
#155 = FACE_OUTER_BOUND ( 'NONE', #1447, .T. ) ;
#156 = ADVANCED_FACE ( 'NONE', ( #209 ), #1084, .F. ) ;
#157 = CARTESIAN_POINT ( 'NONE',  ( 0.0000000000000000000, 0.0000000000000000000, 0.0000000000000000000 ) ) ;
#158 = VECTOR ( 'NONE', #738, 1000.000000000000000 ) ;
#159 = CARTESIAN_POINT ( 'NONE',  ( -0.2650000000000008500, 0.0000000000000000000, -0.2499999999999990800 ) ) ;
#160 = EDGE_CURVE ( 'NONE', #1663, #802, #112, .T. ) ;
#161 = VECTOR ( 'NONE', #1165, 1000.000000000000000 ) ;
#162 = CARTESIAN_POINT ( 'NONE',  ( -0.3000000000000004900, 0.0000000000000000000, -0.1349999999999989500 ) ) ;
#163 = FILL_AREA_STYLE_COLOUR ( '', #1747 ) ;
#164 = VERTEX_POINT ( 'NONE', #1844 ) ;
#165 = ORIENTED_EDGE ( 'NONE', *, *, #946, .T. ) ;
#166 = CARTESIAN_POINT ( 'NONE',  ( -0.2999999999999991600, 0.1000000000000000100, 0.2150000000000010500 ) ) ;
#167 = DIRECTION ( 'NONE',  ( 0.0000000000000000000, -1.000000000000000000, -0.0000000000000000000 ) ) ;
#168 = DIRECTION ( 'NONE',  ( 0.0000000000000000000, 1.000000000000000000, 0.0000000000000000000 ) ) ;
#169 = EDGE_LOOP ( 'NONE', ( #1900, #455, #77, #876 ) ) ;
#170 =( LENGTH_UNIT ( ) NAMED_UNIT ( * ) SI_UNIT ( .MILLI., .METRE. ) );
#171 = ORIENTED_EDGE ( 'NONE', *, *, #527, .T. ) ;
#172 = EDGE_LOOP ( 'NONE', ( #1142, #279, #842, #898, #1720, #1376, #1146, #972 ) ) ;
#173 = EDGE_CURVE ( 'NONE', #1160, #1164, #1325, .T. ) ;
#174 = CARTESIAN_POINT ( 'NONE',  ( -0.2650000000000007300, 0.0000000000000000000, -0.2149999999999990800 ) ) ;
#175 = LINE ( 'NONE', #399, #126 ) ;
#176 = DIRECTION ( 'NONE',  ( -1.000000000000000000, 0.0000000000000000000, 3.491481338843133400E-015 ) ) ;
#177 = DIRECTION ( 'NONE',  ( -1.000000000000000000, 0.0000000000000000000, 3.491481338843133700E-015 ) ) ;
#178 = CARTESIAN_POINT ( 'NONE',  ( 0.2649999999999993500, 0.0000000000000000000, -0.2150000000000010800 ) ) ;
#179 = DIRECTION ( 'NONE',  ( 0.0000000000000000000, -1.000000000000000000, -0.0000000000000000000 ) ) ;
#180 = DIRECTION ( 'NONE',  ( 0.0000000000000000000, 1.000000000000000000, 0.0000000000000000000 ) ) ;
#181 = FACE_OUTER_BOUND ( 'NONE', #1125, .T. ) ;
#182 = CIRCLE ( 'NONE', #462, 0.03499999999999996900 ) ;
#183 = DIRECTION ( 'NONE',  ( 0.0000000000000000000, -1.000000000000000000, 0.0000000000000000000 ) ) ;
#184 = EDGE_LOOP ( 'NONE', ( #1944, #415, #1774, #1011 ) ) ;
#185 = ORIENTED_EDGE ( 'NONE', *, *, #974, .F. ) ;
#186 = DIRECTION ( 'NONE',  ( 0.0000000000000000000, -1.000000000000000000, -0.0000000000000000000 ) ) ;
#187 = AXIS2_PLACEMENT_3D ( 'NONE', #1203, #1194, #1375 ) ;
#188 = VERTEX_POINT ( 'NONE', #1687 ) ;
#189 = VERTEX_POINT ( 'NONE', #38 ) ;
#190 = DIRECTION ( 'NONE',  ( 1.000000000000000000, 0.0000000000000000000, -3.491481338843133400E-015 ) ) ;
#191 = DIRECTION ( 'NONE',  ( 1.000000000000000000, 0.0000000000000000000, -3.190314068708271500E-015 ) ) ;
#192 = CARTESIAN_POINT ( 'NONE',  ( -0.2999999999999994900, 0.0000000000000000000, 0.1350000000000010600 ) ) ;
#193 = ORIENTED_EDGE ( 'NONE', *, *, #1600, .T. ) ;
#194 = PRODUCT ( 'CSD15380F3T', 'CSD15380F3T', '', ( #1412 ) ) ;
#195 = DIRECTION ( 'NONE',  ( 0.0000000000000000000, -1.000000000000000000, 0.0000000000000000000 ) ) ;
#196 = EDGE_LOOP ( 'NONE', ( #1504, #359, #823, #1033, #567, #413, #1037, #954 ) ) ;
#197 = CARTESIAN_POINT ( 'NONE',  ( 0.1849999999999991900, 0.0000000000000000000, -0.2500000000000008900 ) ) ;
#198 = COLOUR_RGB ( '',0.9686274509803921600, 0.8784313725490196000, 0.5999999999999999800 ) ;
#199 = EDGE_CURVE ( 'NONE', #794, #1216, #1230, .T. ) ;
#200 =( LENGTH_UNIT ( ) NAMED_UNIT ( * ) SI_UNIT ( .MILLI., .METRE. ) );
#201 = DIRECTION ( 'NONE',  ( 0.0000000000000000000, -1.000000000000000000, -0.0000000000000000000 ) ) ;
#202 =( GEOMETRIC_REPRESENTATION_CONTEXT ( 3 ) GLOBAL_UNCERTAINTY_ASSIGNED_CONTEXT ( ( #1019 ) ) GLOBAL_UNIT_ASSIGNED_CONTEXT ( ( #1435, #1135, #406 ) ) REPRESENTATION_CONTEXT ( 'NONE', 'WORKASPACE' ) );
#203 = CARTESIAN_POINT ( 'NONE',  ( -0.05000000000000048200, 0.1000000000000000100, -0.1349999999999998400 ) ) ;
#204 = CARTESIAN_POINT ( 'NONE',  ( -0.08500000000000035300, 0.1000000000000000100, -0.09999999999999970000 ) ) ;
#205 = CIRCLE ( 'NONE', #1733, 0.03499999999999999600 ) ;
#206 = DIRECTION ( 'NONE',  ( -1.000000000000000000, 0.0000000000000000000, 3.872150616019660600E-015 ) ) ;
#207 = CARTESIAN_POINT ( 'NONE',  ( 0.1849999999999993000, 0.0000000000000000000, -0.2150000000000008000 ) ) ;
#208 = CYLINDRICAL_SURFACE ( 'NONE', #1454, 0.03499999999999998300 ) ;
#209 = FACE_OUTER_BOUND ( 'NONE', #1764, .T. ) ;
#210 = DIRECTION ( 'NONE',  ( 0.0000000000000000000, 1.000000000000000000, 0.0000000000000000000 ) ) ;
#211 = EDGE_CURVE ( 'NONE', #827, #802, #942, .T. ) ;
#212 = ORIENTED_EDGE ( 'NONE', *, *, #1153, .F. ) ;
#213 = CARTESIAN_POINT ( 'NONE',  ( -0.2650000000000008500, 0.0000000000000000000, -0.2499999999999990300 ) ) ;
#214 = ORIENTED_EDGE ( 'NONE', *, *, #1085, .F. ) ;
#215 = EDGE_CURVE ( 'NONE', #148, #287, #547, .T. ) ;
#216 = PLANE ( 'NONE',  #1799 ) ;
#217 = ORIENTED_EDGE ( 'NONE', *, *, #1744, .F. ) ;
#218 = DIRECTION ( 'NONE',  ( 0.0000000000000000000, -1.000000000000000000, -0.0000000000000000000 ) ) ;
#219 = EDGE_LOOP ( 'NONE', ( #260, #595, #825, #1149, #664, #430, #1723, #193 ) ) ;
#220 = ORIENTED_EDGE ( 'NONE', *, *, #458, .T. ) ;
#221 = VERTEX_POINT ( 'NONE', #1531 ) ;
#222 = ORIENTED_EDGE ( 'NONE', *, *, #1026, .F. ) ;
#223 = CIRCLE ( 'NONE', #897, 0.03499999999999998300 ) ;
#224 = CARTESIAN_POINT ( 'NONE',  ( 0.2649999999999992400, 0.0000000000000000000, -0.2500000000000011700 ) ) ;
#225 = VECTOR ( 'NONE', #436, 1000.000000000000000 ) ;
#226 = EDGE_CURVE ( 'NONE', #341, #1061, #1280, .T. ) ;
#227 = DIRECTION ( 'NONE',  ( 0.0000000000000000000, 1.000000000000000000, 0.0000000000000000000 ) ) ;
#228 = MECHANICAL_DESIGN_GEOMETRIC_PRESENTATION_REPRESENTATION (  '', ( #1645 ), #1955 ) ;
#229 = SURFACE_SIDE_STYLE ('',( #1767 ) ) ;
#230 = VECTOR ( 'NONE', #1661, 1000.000000000000000 ) ;
#231 = DIRECTION ( 'NONE',  ( -2.813854981039693100E-015, 0.0000000000000000000, -1.000000000000000000 ) ) ;
#232 = VECTOR ( 'NONE', #542, 1000.000000000000000 ) ;
#233 = VECTOR ( 'NONE', #491, 1000.000000000000000 ) ;
#234 = VERTEX_POINT ( 'NONE', #919 ) ;
#235 = EDGE_LOOP ( 'NONE', ( #392, #783, #463, #114, #1464, #687, #222, #655 ) ) ;
#236 = EDGE_CURVE ( 'NONE', #794, #1591, #1878, .T. ) ;
#237 = VERTEX_POINT ( 'NONE', #1079 ) ;
#238 = AXIS2_PLACEMENT_3D ( 'NONE', #537, #1593, #1746 ) ;
#239 = VERTEX_POINT ( 'NONE', #1229 ) ;
#240 = FILL_AREA_STYLE ('',( #1151 ) ) ;
#241 = CARTESIAN_POINT ( 'NONE',  ( -0.08499999999999913200, 0.0000000000000000000, 0.2500000000000002200 ) ) ;
#242 = ORIENTED_EDGE ( 'NONE', *, *, #1768, .T. ) ;
#243 = ORIENTED_EDGE ( 'NONE', *, *, #1575, .F. ) ;
#244 = DIRECTION ( 'NONE',  ( 1.000000000000000000, 0.0000000000000000000, -3.872150616019660600E-015 ) ) ;
#245 = EDGE_LOOP ( 'NONE', ( #629, #688, #1357, #598 ) ) ;
#246 = DIRECTION ( 'NONE',  ( -1.000000000000000000, 0.0000000000000000000, 3.872150616019659000E-015 ) ) ;
#247 = DIRECTION ( 'NONE',  ( 0.0000000000000000000, -1.000000000000000000, -0.0000000000000000000 ) ) ;
#248 = LINE ( 'NONE', #448, #1728 ) ;
#249 = EDGE_CURVE ( 'NONE', #1260, #189, #1818, .T. ) ;
#250 = DIRECTION ( 'NONE',  ( 0.0000000000000000000, -1.000000000000000000, -0.0000000000000000000 ) ) ;
#251 = CIRCLE ( 'NONE', #266, 0.03499999999999999600 ) ;
#252 = AXIS2_PLACEMENT_3D ( 'NONE', #480, #621, #1078 ) ;
#253 = LINE ( 'NONE', #403, #299 ) ;
#254 = CIRCLE ( 'NONE', #1671, 0.03500000000000003800 ) ;
#255 = CARTESIAN_POINT ( 'NONE',  ( -0.2999999999999991600, 0.1000000000000000100, 0.2150000000000010500 ) ) ;
#256 = ORIENTED_EDGE ( 'NONE', *, *, #1689, .F. ) ;
#257 = EDGE_CURVE ( 'NONE', #286, #11, #300, .T. ) ;
#258 = DIRECTION ( 'NONE',  ( -1.000000000000000000, 0.0000000000000000000, 3.872150616019657500E-015 ) ) ;
#259 = ORIENTED_EDGE ( 'NONE', *, *, #580, .T. ) ;
#260 = ORIENTED_EDGE ( 'NONE', *, *, #1085, .T. ) ;
#261 = EDGE_CURVE ( 'NONE', #1263, #1881, #875, .T. ) ;
#262 = CARTESIAN_POINT ( 'NONE',  ( -0.04999999999999955200, 0.1000000000000000100, 0.1350000000000001800 ) ) ;
#263 = EDGE_LOOP ( 'NONE', ( #857, #1518, #301, #1776 ) ) ;
#264 = CARTESIAN_POINT ( 'NONE',  ( -0.3450000000000010800, 0.3499999999999999800, -0.2999999999999988200 ) ) ;
#265 = EDGE_LOOP ( 'NONE', ( #171, #1634, #75, #1828 ) ) ;
#266 = AXIS2_PLACEMENT_3D ( 'NONE', #1291, #697, #246 ) ;
#267 = ORIENTED_EDGE ( 'NONE', *, *, #328, .T. ) ;
#268 = FACE_OUTER_BOUND ( 'NONE', #196, .T. ) ;
#269 = DIRECTION ( 'NONE',  ( -1.000000000000000000, 0.0000000000000000000, 3.872150616019660600E-015 ) ) ;
#270 = DIRECTION ( 'NONE',  ( 0.0000000000000000000, -1.000000000000000000, -0.0000000000000000000 ) ) ;
#271 = LINE ( 'NONE', #918, #610 ) ;
#272 = EDGE_CURVE ( 'NONE', #1950, #533, #1515, .T. ) ;
#273 = PLANE ( 'NONE',  #4 ) ;
#274 = CARTESIAN_POINT ( 'NONE',  ( -0.08499999999999927100, 0.1000000000000000100, 0.2150000000000003000 ) ) ;
#275 = VECTOR ( 'NONE', #324, 1000.000000000000000 ) ;
#276 = AXIS2_PLACEMENT_3D ( 'NONE', #1050, #290, #1189 ) ;
#277 = VECTOR ( 'NONE', #1740, 1000.000000000000000 ) ;
#278 = SURFACE_STYLE_USAGE ( .BOTH. , #764 ) ;
#279 = ORIENTED_EDGE ( 'NONE', *, *, #848, .F. ) ;
#280 = ORIENTED_EDGE ( 'NONE', *, *, #1795, .F. ) ;
#281 = ORIENTED_EDGE ( 'NONE', *, *, #770, .F. ) ;
#282 = CARTESIAN_POINT ( 'NONE',  ( 0.3449999999999989200, 0.3499999999999999800, -0.3000000000000012100 ) ) ;
#283 = DIRECTION ( 'NONE',  ( -1.000000000000000000, 0.0000000000000000000, 3.491481338843133400E-015 ) ) ;
#284 = ORIENTED_EDGE ( 'NONE', *, *, #1730, .F. ) ;
#285 = EDGE_CURVE ( 'NONE', #308, #1260, #1489, .T. ) ;
#286 = VERTEX_POINT ( 'NONE', #1394 ) ;
#287 = VERTEX_POINT ( 'NONE', #498 ) ;
#288 = ORIENTED_EDGE ( 'NONE', *, *, #672, .F. ) ;
#289 = AXIS2_PLACEMENT_3D ( 'NONE', #1440, #1599, #1587 ) ;
#290 = DIRECTION ( 'NONE',  ( -1.000000000000000000, 0.0000000000000000000, 3.152668159941413200E-015 ) ) ;
#291 = PLANE ( 'NONE',  #1917 ) ;
#292 = LINE ( 'NONE', #680, #1410 ) ;
#293 = DIRECTION ( 'NONE',  ( -1.000000000000000000, 0.0000000000000000000, 3.872150616019666900E-015 ) ) ;
#294 = CARTESIAN_POINT ( 'NONE',  ( 0.1850000000000008600, 0.0000000000000000000, 0.2499999999999992000 ) ) ;
#295 = CARTESIAN_POINT ( 'NONE',  ( -0.08499999999999927100, 0.1000000000000000100, 0.2150000000000003000 ) ) ;
#296 = EDGE_CURVE ( 'NONE', #461, #138, #135, .T. ) ;
#297 = FACE_OUTER_BOUND ( 'NONE', #139, .T. ) ;
#298 = DIRECTION ( 'NONE',  ( 1.000000000000000000, 0.0000000000000000000, -3.872150616019659000E-015 ) ) ;
#299 = VECTOR ( 'NONE', #1001, 1000.000000000000000 ) ;
#300 = CIRCLE ( 'NONE', #1166, 0.03499999999999998300 ) ;
#301 = ORIENTED_EDGE ( 'NONE', *, *, #1822, .F. ) ;
#302 = ADVANCED_FACE ( 'NONE', ( #1059 ), #1268, .F. ) ;
#303 = ORIENTED_EDGE ( 'NONE', *, *, #28, .F. ) ;
#304 = CARTESIAN_POINT ( 'NONE',  ( -0.04999999999999953800, 0.1000000000000000100, 0.1350000000000001800 ) ) ;
#305 = CARTESIAN_POINT ( 'NONE',  ( -0.2650000000000008500, 0.1000000000000000100, -0.2499999999999990800 ) ) ;
#306 = ORIENTED_EDGE ( 'NONE', *, *, #1586, .T. ) ;
#307 = ORIENTED_EDGE ( 'NONE', *, *, #638, .F. ) ;
#308 = VERTEX_POINT ( 'NONE', #830 ) ;
#309 = EDGE_CURVE ( 'NONE', #1241, #662, #1938, .T. ) ;
#310 = ORIENTED_EDGE ( 'NONE', *, *, #873, .T. ) ;
#311 = EDGE_LOOP ( 'NONE', ( #7, #243, #1064, #1355 ) ) ;
#312 = AXIS2_PLACEMENT_3D ( 'NONE', #213, #818, #683 ) ;
#313 = DIRECTION ( 'NONE',  ( -1.000000000000000000, 0.0000000000000000000, 3.491481338843133400E-015 ) ) ;
#314 = DIRECTION ( 'NONE',  ( 0.0000000000000000000, -1.000000000000000000, 0.0000000000000000000 ) ) ;
#315 = CYLINDRICAL_SURFACE ( 'NONE', #571, 0.03500000000000003800 ) ;
#316 = DIRECTION ( 'NONE',  ( -1.000000000000000000, 0.0000000000000000000, 3.872150616019654300E-015 ) ) ;
#317 = LINE ( 'NONE', #587, #225 ) ;
#318 = CARTESIAN_POINT ( 'NONE',  ( -0.08499999999999928400, 0.1000000000000000100, 0.2150000000000003000 ) ) ;
#319 = DIRECTION ( 'NONE',  ( -1.000000000000000000, 0.0000000000000000000, 3.872150616019660600E-015 ) ) ;
#320 = CARTESIAN_POINT ( 'NONE',  ( -0.2649999999999992400, 0.0000000000000000000, 0.2150000000000009100 ) ) ;
#321 = PRESENTATION_STYLE_ASSIGNMENT (( #1563 ) ) ;
#322 = VECTOR ( 'NONE', #1951, 1000.000000000000000 ) ;
#323 = CARTESIAN_POINT ( 'NONE',  ( -0.2650000000000007300, 0.0000000000000000000, -0.2149999999999990800 ) ) ;
#324 = DIRECTION ( 'NONE',  ( 0.0000000000000000000, 1.000000000000000000, 0.0000000000000000000 ) ) ;
#325 = VECTOR ( 'NONE', #882, 1000.000000000000000 ) ;
#326 = CARTESIAN_POINT ( 'NONE',  ( -0.2649999999999996800, 0.0000000000000000000, 0.1000000000000009200 ) ) ;
#327 = ADVANCED_FACE ( 'NONE', ( #329 ), #1460, .F. ) ;
#328 = EDGE_CURVE ( 'NONE', #1398, #1241, #679, .T. ) ;
#329 = FACE_OUTER_BOUND ( 'NONE', #311, .T. ) ;
#330 = CARTESIAN_POINT ( 'NONE',  ( -0.2649999999999996800, 0.0000000000000000000, 0.1000000000000009200 ) ) ;
#331 = DIRECTION ( 'NONE',  ( -4.169107696646573600E-015, 0.0000000000000000000, -1.000000000000000000 ) ) ;
#332 = VECTOR ( 'NONE', #1003, 1000.000000000000000 ) ;
#333 = AXIS2_PLACEMENT_3D ( 'NONE', #1550, #787, #1836 ) ;
#334 = EDGE_LOOP ( 'NONE', ( #1657, #651, #1035, #1714 ) ) ;
#335 = PLANE ( 'NONE',  #252 ) ;
#336 = DIRECTION ( 'NONE',  ( 0.0000000000000000000, 1.000000000000000000, 0.0000000000000000000 ) ) ;
#337 = DIRECTION ( 'NONE',  ( -1.000000000000000000, 0.0000000000000000000, 3.872150616019660600E-015 ) ) ;
#338 = ORIENTED_EDGE ( 'NONE', *, *, #700, .F. ) ;
#339 = DIRECTION ( 'NONE',  ( -1.000000000000000000, 0.0000000000000000000, 3.872150616019659000E-015 ) ) ;
#340 = ORIENTED_EDGE ( 'NONE', *, *, #904, .T. ) ;
#341 = VERTEX_POINT ( 'NONE', #668 ) ;
#342 = EDGE_CURVE ( 'NONE', #221, #189, #25, .T. ) ;
#343 = CARTESIAN_POINT ( 'NONE',  ( -0.08500000000000078300, 0.0000000000000000000, -0.2149999999999996900 ) ) ;
#344 = CARTESIAN_POINT ( 'NONE',  ( 0.1849999999999993000, 0.0000000000000000000, -0.2150000000000008000 ) ) ;
#345 = VERTEX_POINT ( 'NONE', #57 ) ;
#346 = VECTOR ( 'NONE', #70, 1000.000000000000000 ) ;
#347 = AXIS2_PLACEMENT_3D ( 'NONE', #1664, #1541, #905 ) ;
#348 = DIRECTION ( 'NONE',  ( 1.000000000000000000, 0.0000000000000000000, -2.813854981039693100E-015 ) ) ;
#349 = PRODUCT_RELATED_PRODUCT_CATEGORY ( 'part', '', ( #194 ) ) ;
#350 = DIRECTION ( 'NONE',  ( 0.0000000000000000000, -1.000000000000000000, -0.0000000000000000000 ) ) ;
#351 = FACE_OUTER_BOUND ( 'NONE', #1427, .T. ) ;
#352 = VECTOR ( 'NONE', #191, 1000.000000000000000 ) ;
#353 = PRODUCT_DEFINITION_CONTEXT ( 'detailed design', #1107, 'design' ) ;
#354 = CARTESIAN_POINT ( 'NONE',  ( -0.04999999999999955200, 0.0000000000000000000, 0.1350000000000001800 ) ) ;
#355 = EDGE_CURVE ( 'NONE', #188, #553, #254, .T. ) ;
#356 = VECTOR ( 'NONE', #923, 1000.000000000000000 ) ;
#357 = FILL_AREA_STYLE ('',( #1884 ) ) ;
#358 = DIRECTION ( 'NONE',  ( -1.000000000000000000, 0.0000000000000000000, 3.872150616019654300E-015 ) ) ;
#359 = ORIENTED_EDGE ( 'NONE', *, *, #1936, .T. ) ;
#360 = STYLED_ITEM ( 'NONE', ( #1109 ), #111 ) ;
#361 = AXIS2_PLACEMENT_3D ( 'NONE', #157, #1827, #1368 ) ;
#362 = ADVANCED_FACE ( 'NONE', ( #1770 ), #1278, .F. ) ;
#363 = EDGE_LOOP ( 'NONE', ( #409, #1015, #1333, #94 ) ) ;
#364 = CARTESIAN_POINT ( 'NONE',  ( -0.05000000000000077300, 0.1000000000000000100, -0.2149999999999998300 ) ) ;
#365 = ORIENTED_EDGE ( 'NONE', *, *, #211, .T. ) ;
#366 = ORIENTED_EDGE ( 'NONE', *, *, #1478, .T. ) ;
#367 = DIRECTION ( 'NONE',  ( -1.000000000000000000, -0.0000000000000000000, 3.566773156376849000E-015 ) ) ;
#368 = DIRECTION ( 'NONE',  ( -1.000000000000000000, 0.0000000000000000000, 3.872150616019666900E-015 ) ) ;
#369 = CARTESIAN_POINT ( 'NONE',  ( -0.2650000000000007300, 0.1000000000000000100, -0.2149999999999990800 ) ) ;
#370 = VERTEX_POINT ( 'NONE', #949 ) ;
#371 = CARTESIAN_POINT ( 'NONE',  ( -0.2649999999999991300, 0.1000000000000000100, 0.2500000000000009400 ) ) ;
#372 = EDGE_LOOP ( 'NONE', ( #90, #288, #1041, #1211 ) ) ;
#373 = FACE_OUTER_BOUND ( 'NONE', #407, .T. ) ;
#374 = EDGE_CURVE ( 'NONE', #1950, #239, #1369, .T. ) ;
#375 = DIRECTION ( 'NONE',  ( 0.0000000000000000000, -1.000000000000000000, 0.0000000000000000000 ) ) ;
#376 = DIRECTION ( 'NONE',  ( 0.0000000000000000000, -1.000000000000000000, -0.0000000000000000000 ) ) ;
#377 = ADVANCED_FACE ( 'NONE', ( #1898 ), #588, .T. ) ;
#378 = AXIS2_PLACEMENT_3D ( 'NONE', #1840, #1075, #141 ) ;
#379 = CARTESIAN_POINT ( 'NONE',  ( -0.05000000000000048200, 0.1000000000000000100, -0.1349999999999998400 ) ) ;
#380 = CARTESIAN_POINT ( 'NONE',  ( -0.2650000000000002900, 0.1000000000000000100, -0.09999999999999907600 ) ) ;
#381 = VECTOR ( 'NONE', #1274, 1000.000000000000000 ) ;
#382 = LINE ( 'NONE', #1781, #1893 ) ;
#383 = LINE ( 'NONE', #330, #356 ) ;
#384 = DIRECTION ( 'NONE',  ( -4.169107696646573600E-015, 0.0000000000000000000, -1.000000000000000000 ) ) ;
#385 = VECTOR ( 'NONE', #1820, 1000.000000000000000 ) ;
#386 = EDGE_CURVE ( 'NONE', #1494, #164, #1590, .T. ) ;
#387 = ORIENTED_EDGE ( 'NONE', *, *, #1906, .F. ) ;
#388 = CARTESIAN_POINT ( 'NONE',  ( -0.2649999999999995100, 0.1000000000000000100, 0.1350000000000009200 ) ) ;
#389 = CARTESIAN_POINT ( 'NONE',  ( -0.05000000000000077300, 0.0000000000000000000, -0.2149999999999998300 ) ) ;
#390 = ORIENTED_EDGE ( 'NONE', *, *, #607, .F. ) ;
#391 = AXIS2_PLACEMENT_3D ( 'NONE', #318, #1679, #810 ) ;
#392 = ORIENTED_EDGE ( 'NONE', *, *, #226, .F. ) ;
#393 = PLANE ( 'NONE',  #1610 ) ;
#394 = VERTEX_POINT ( 'NONE', #46 ) ;
#395 = VERTEX_POINT ( 'NONE', #192 ) ;
#396 = ORIENTED_EDGE ( 'NONE', *, *, #1652, .F. ) ;
#397 = VECTOR ( 'NONE', #195, 1000.000000000000000 ) ;
#398 = SURFACE_STYLE_USAGE ( .BOTH. , #229 ) ;
#399 = CARTESIAN_POINT ( 'NONE',  ( 0.1849999999999991900, 0.1000000000000000100, -0.2500000000000008900 ) ) ;
#400 = AXIS2_PLACEMENT_3D ( 'NONE', #1072, #649, #1830 ) ;
#401 = AXIS2_PLACEMENT_3D ( 'NONE', #323, #34, #1724 ) ;
#402 = CARTESIAN_POINT ( 'NONE',  ( 0.1500000000000007400, 0.0000000000000000000, 0.2149999999999993300 ) ) ;
#403 = CARTESIAN_POINT ( 'NONE',  ( 0.2650000000000009000, 0.1000000000000000100, 0.2499999999999989200 ) ) ;
#404 = FACE_OUTER_BOUND ( 'NONE', #756, .T. ) ;
#405 = VERTEX_POINT ( 'NONE', #503 ) ;
#406 =( NAMED_UNIT ( * ) SI_UNIT ( $, .STERADIAN. ) SOLID_ANGLE_UNIT ( ) );
#407 = EDGE_LOOP ( 'NONE', ( #1062, #1212, #661, #1240 ) ) ;
#408 = EDGE_CURVE ( 'NONE', #1650, #518, #429, .T. ) ;
#409 = ORIENTED_EDGE ( 'NONE', *, *, #1026, .T. ) ;
#410 = MECHANICAL_DESIGN_GEOMETRIC_PRESENTATION_REPRESENTATION (  '', ( #1319 ), #202 ) ;
#411 = ORIENTED_EDGE ( 'NONE', *, *, #933, .T. ) ;
#412 = ORIENTED_EDGE ( 'NONE', *, *, #1431, .T. ) ;
#413 = ORIENTED_EDGE ( 'NONE', *, *, #16, .T. ) ;
#414 = DIRECTION ( 'NONE',  ( 1.000000000000000000, 0.0000000000000000000, -3.491481338843133400E-015 ) ) ;
#415 = ORIENTED_EDGE ( 'NONE', *, *, #1620, .T. ) ;
#416 = FACE_OUTER_BOUND ( 'NONE', #265, .T. ) ;
#417 = CARTESIAN_POINT ( 'NONE',  ( -0.05000000000000080100, 0.1000000000000000100, -0.2149999999999998300 ) ) ;
#418 = CARTESIAN_POINT ( 'NONE',  ( 0.3449999999999989200, 0.0000000000000000000, -0.3000000000000012100 ) ) ;
#419 = VECTOR ( 'NONE', #3, 1000.000000000000000 ) ;
#420 = EDGE_CURVE ( 'NONE', #769, #1061, #565, .T. ) ;
#421 = CARTESIAN_POINT ( 'NONE',  ( -0.08499999999999913200, 0.0000000000000000000, 0.2500000000000002200 ) ) ;
#422 = LINE ( 'NONE', #648, #1317 ) ;
#423 = DIRECTION ( 'NONE',  ( -1.000000000000000000, 0.0000000000000000000, 3.872150616019654300E-015 ) ) ;
#424 = VECTOR ( 'NONE', #367, 1000.000000000000000 ) ;
#425 = DIRECTION ( 'NONE',  ( -4.169107696646573600E-015, 0.0000000000000000000, -1.000000000000000000 ) ) ;
#426 = DIRECTION ( 'NONE',  ( -1.000000000000000000, 0.0000000000000000000, 3.872150616019654300E-015 ) ) ;
#427 = VECTOR ( 'NONE', #1458, 1000.000000000000000 ) ;
#428 = DIRECTION ( 'NONE',  ( -1.000000000000000000, 0.0000000000000000000, 4.169107696646573600E-015 ) ) ;
#429 = LINE ( 'NONE', #575, #1439 ) ;
#430 = ORIENTED_EDGE ( 'NONE', *, *, #1283, .T. ) ;
#431 = DIRECTION ( 'NONE',  ( -1.000000000000000000, -0.0000000000000000000, 3.792648608977996000E-015 ) ) ;
#432 = DIRECTION ( 'NONE',  ( -1.000000000000000000, 0.0000000000000000000, 3.872150616019660600E-015 ) ) ;
#433 = ORIENTED_EDGE ( 'NONE', *, *, #657, .F. ) ;
#434 = VERTEX_POINT ( 'NONE', #1614 ) ;
#435 = EDGE_CURVE ( 'NONE', #896, #1760, #872, .T. ) ;
#436 = DIRECTION ( 'NONE',  ( -1.000000000000000000, -0.0000000000000000000, 3.566773156376849000E-015 ) ) ;
#437 = ORIENTED_EDGE ( 'NONE', *, *, #643, .T. ) ;
#438 = ORIENTED_EDGE ( 'NONE', *, *, #1419, .F. ) ;
#439 = AXIS2_PLACEMENT_3D ( 'NONE', #274, #134, #1783 ) ;
#440 = CIRCLE ( 'NONE', #1693, 0.03499999999999999600 ) ;
#441 = CARTESIAN_POINT ( 'NONE',  ( -0.3000000000000006600, 0.0000000000000000000, -0.2149999999999989400 ) ) ;
#442 = VECTOR ( 'NONE', #532, 1000.000000000000000 ) ;
#443 = ADVANCED_FACE ( 'NONE', ( #915 ), #1176, .F. ) ;
#444 = FACE_OUTER_BOUND ( 'NONE', #169, .T. ) ;
#445 = DIRECTION ( 'NONE',  ( -1.000000000000000000, 0.0000000000000000000, 3.872150616019666900E-015 ) ) ;
#446 = EDGE_CURVE ( 'NONE', #1286, #1398, #253, .T. ) ;
#447 = VECTOR ( 'NONE', #1669, 1000.000000000000000 ) ;
#448 = CARTESIAN_POINT ( 'NONE',  ( 0.2650000000000009000, 0.0000000000000000000, 0.2499999999999989200 ) ) ;
#449 = FACE_OUTER_BOUND ( 'NONE', #1926, .T. ) ;
#450 = FACE_OUTER_BOUND ( 'NONE', #1821, .T. ) ;
#451 = CARTESIAN_POINT ( 'NONE',  ( -0.2650000000000008500, 0.0000000000000000000, -0.2499999999999990300 ) ) ;
#452 = ADVANCED_FACE ( 'NONE', ( #1817 ), #994, .F. ) ;
#453 = ORIENTED_EDGE ( 'NONE', *, *, #1100, .T. ) ;
#454 = CARTESIAN_POINT ( 'NONE',  ( -0.3000000000000004900, 0.1000000000000000100, -0.1349999999999989500 ) ) ;
#455 = ORIENTED_EDGE ( 'NONE', *, *, #747, .F. ) ;
#456 = CARTESIAN_POINT ( 'NONE',  ( 0.2650000000000009000, 0.1000000000000000100, 0.2499999999999989200 ) ) ;
#457 = ORIENTED_EDGE ( 'NONE', *, *, #236, .T. ) ;
#458 = EDGE_CURVE ( 'NONE', #518, #1467, #88, .T. ) ;
#459 = FILL_AREA_STYLE ('',( #1943 ) ) ;
#460 = VERTEX_POINT ( 'NONE', #1472 ) ;
#461 = VERTEX_POINT ( 'NONE', #862 ) ;
#462 = AXIS2_PLACEMENT_3D ( 'NONE', #1957, #1051, #1350 ) ;
#463 = ORIENTED_EDGE ( 'NONE', *, *, #474, .F. ) ;
#464 = ORIENTED_EDGE ( 'NONE', *, *, #1779, .F. ) ;
#465 = AXIS2_PLACEMENT_3D ( 'NONE', #1415, #186, #514 ) ;
#466 = DIRECTION ( 'NONE',  ( 0.0000000000000000000, -1.000000000000000000, 0.0000000000000000000 ) ) ;
#467 = PLANE ( 'NONE',  #663 ) ;
#468 = DIRECTION ( 'NONE',  ( 1.000000000000000000, 0.0000000000000000000, -3.190314068708271500E-015 ) ) ;
#469 = DIRECTION ( 'NONE',  ( -1.000000000000000000, 0.0000000000000000000, 3.872150616019659000E-015 ) ) ;
#470 = LINE ( 'NONE', #939, #1338 ) ;
#471 = DIRECTION ( 'NONE',  ( 0.0000000000000000000, -1.000000000000000000, -0.0000000000000000000 ) ) ;
#472 = CARTESIAN_POINT ( 'NONE',  ( -0.3450000000000010800, 0.3499999999999999800, -0.2999999999999988200 ) ) ;
#473 = UNCERTAINTY_MEASURE_WITH_UNIT (LENGTH_MEASURE( 1.000000000000000100E-005 ), #673, 'distance_accuracy_value', 'NONE');
#474 = EDGE_CURVE ( 'NONE', #802, #533, #1138, .T. ) ;
#475 = DIRECTION ( 'NONE',  ( 1.000000000000000000, 0.0000000000000000000, -3.872150616019662200E-015 ) ) ;
#476 = DIRECTION ( 'NONE',  ( 0.0000000000000000000, -1.000000000000000000, -0.0000000000000000000 ) ) ;
#477 = FACE_OUTER_BOUND ( 'NONE', #858, .T. ) ;
#478 = STYLED_ITEM ( 'NONE', ( #695 ), #1617 ) ;
#479 = VECTOR ( 'NONE', #642, 1000.000000000000000 ) ;
#480 = CARTESIAN_POINT ( 'NONE',  ( 0.3449999999999989200, 0.3499999999999999800, -0.3000000000000012100 ) ) ;
#481 = DIRECTION ( 'NONE',  ( -1.000000000000000000, 0.0000000000000000000, 3.872150616019654300E-015 ) ) ;
#482 = CIRCLE ( 'NONE', #530, 0.03500000000000003800 ) ;
#483 = ORIENTED_EDGE ( 'NONE', *, *, #132, .F. ) ;
#484 = CARTESIAN_POINT ( 'NONE',  ( -0.2649999999999995100, 0.0000000000000000000, 0.1350000000000009200 ) ) ;
#485 = DIRECTION ( 'NONE',  ( -1.000000000000000000, 0.0000000000000000000, 3.566773156376849000E-015 ) ) ;
#486 = ADVANCED_FACE ( 'NONE', ( #477 ), #1769, .T. ) ;
#487 = ORIENTED_EDGE ( 'NONE', *, *, #1004, .T. ) ;
#488 = EDGE_CURVE ( 'NONE', #1924, #1613, #1254, .T. ) ;
#489 = DIRECTION ( 'NONE',  ( -1.000000000000000000, 0.0000000000000000000, 3.491481338843133400E-015 ) ) ;
#490 = DIRECTION ( 'NONE',  ( 0.0000000000000000000, -1.000000000000000000, 0.0000000000000000000 ) ) ;
#491 = DIRECTION ( 'NONE',  ( 0.0000000000000000000, -1.000000000000000000, 0.0000000000000000000 ) ) ;
#492 = AXIS2_PLACEMENT_3D ( 'NONE', #1370, #471, #1829 ) ;
#493 = DIRECTION ( 'NONE',  ( 0.0000000000000000000, 1.000000000000000000, 0.0000000000000000000 ) ) ;
#494 = FACE_OUTER_BOUND ( 'NONE', #684, .T. ) ;
#495 = FACE_OUTER_BOUND ( 'NONE', #1150, .T. ) ;
#496 = DIRECTION ( 'NONE',  ( 0.0000000000000000000, -1.000000000000000000, 0.0000000000000000000 ) ) ;
#497 = CARTESIAN_POINT ( 'NONE',  ( 0.2999999999999993800, 0.0000000000000000000, -0.2150000000000012200 ) ) ;
#498 = CARTESIAN_POINT ( 'NONE',  ( -0.2649999999999991300, 0.1000000000000000100, 0.2500000000000008900 ) ) ;
#499 = ADVANCED_FACE ( 'NONE', ( #1648 ), #1765, .F. ) ;
#500 = CARTESIAN_POINT ( 'NONE',  ( -0.3450000000000010800, 0.3499999999999999800, -0.2999999999999988200 ) ) ;
#501 = FACE_OUTER_BOUND ( 'NONE', #1715, .T. ) ;
#502 = DIRECTION ( 'NONE',  ( 0.0000000000000000000, -1.000000000000000000, -0.0000000000000000000 ) ) ;
#503 = CARTESIAN_POINT ( 'NONE',  ( 0.2999999999999993800, 0.0000000000000000000, -0.2150000000000012200 ) ) ;
#504 = AXIS2_PLACEMENT_3D ( 'NONE', #1237, #614, #1243 ) ;
#505 = LINE ( 'NONE', #1044, #718 ) ;
#506 = DIRECTION ( 'NONE',  ( 0.0000000000000000000, -1.000000000000000000, -0.0000000000000000000 ) ) ;
#507 = CARTESIAN_POINT ( 'NONE',  ( 0.3449999999999989200, 0.0000000000000000000, -0.3000000000000012100 ) ) ;
#508 = ORIENTED_EDGE ( 'NONE', *, *, #1073, .F. ) ;
#509 = AXIS2_PLACEMENT_3D ( 'NONE', #1526, #1218, #777 ) ;
#510 = ORIENTED_EDGE ( 'NONE', *, *, #931, .F. ) ;
#511 = SURFACE_SIDE_STYLE ('',( #1250 ) ) ;
#512 = VERTEX_POINT ( 'NONE', #720 ) ;
#513 = ORIENTED_EDGE ( 'NONE', *, *, #1462, .F. ) ;
#514 = DIRECTION ( 'NONE',  ( -1.000000000000000000, 0.0000000000000000000, 3.872150616019660600E-015 ) ) ;
#515 = CLOSED_SHELL ( 'NONE', ( #660, #1837, #1058, #1245, #1490, #1262, #1948, #519, #971, #767, #74, #443, #1252, #1272, #907, #1643, #1886, #1727, #362, #963, #606, #1234, #525, #1522, #156, #1284, #1703, #941, #327, #617, #1958, #1874, #594 ) ) ;
#516 = EDGE_CURVE ( 'NONE', #1928, #1831, #1875, .T. ) ;
#517 = DIRECTION ( 'NONE',  ( 0.0000000000000000000, 1.000000000000000000, 0.0000000000000000000 ) ) ;
#518 = VERTEX_POINT ( 'NONE', #1930 ) ;
#519 = ADVANCED_FACE ( 'NONE', ( #1418 ), #874, .F. ) ;
#520 = LINE ( 'NONE', #1866, #397 ) ;
#521 = AXIS2_PLACEMENT_3D ( 'NONE', #178, #336, #788 ) ;
#522 = CIRCLE ( 'NONE', #1482, 0.03500000000000003800 ) ;
#523 = CARTESIAN_POINT ( 'NONE',  ( -0.08499999999999913200, 0.0000000000000000000, 0.2500000000000002200 ) ) ;
#524 = CARTESIAN_POINT ( 'NONE',  ( 0.1499999999999992700, 0.1000000000000000100, -0.2150000000000006600 ) ) ;
#525 = ADVANCED_FACE ( 'NONE', ( #816 ), #1516, .F. ) ;
#526 = PLANE ( 'NONE',  #1205 ) ;
#527 = EDGE_CURVE ( 'NONE', #287, #691, #528, .T. ) ;
#528 = CIRCLE ( 'NONE', #1553, 0.03499999999999992700 ) ;
#529 = LINE ( 'NONE', #451, #1395 ) ;
#530 = AXIS2_PLACEMENT_3D ( 'NONE', #717, #247, #426 ) ;
#531 = EDGE_LOOP ( 'NONE', ( #899, #843, #1115, #1688 ) ) ;
#532 = DIRECTION ( 'NONE',  ( 0.0000000000000000000, -1.000000000000000000, 0.0000000000000000000 ) ) ;
#533 = VERTEX_POINT ( 'NONE', #869 ) ;
#534 = DIRECTION ( 'NONE',  ( 1.000000000000000000, 0.0000000000000000000, -3.491481338843133700E-015 ) ) ;
#535 = VERTEX_POINT ( 'NONE', #262 ) ;
#536 = VERTEX_POINT ( 'NONE', #454 ) ;
#537 = CARTESIAN_POINT ( 'NONE',  ( -0.2650000000000007300, 0.1000000000000000100, -0.2149999999999990800 ) ) ;
#538 = EDGE_CURVE ( 'NONE', #1570, #1013, #110, .T. ) ;
#539 = EDGE_CURVE ( 'NONE', #1347, #856, #791, .T. ) ;
#540 = LINE ( 'NONE', #543, #346 ) ;
#541 = AXIS2_PLACEMENT_3D ( 'NONE', #320, #1532, #9 ) ;
#542 = DIRECTION ( 'NONE',  ( -1.000000000000000000, 0.0000000000000000000, 2.813854981039693500E-015 ) ) ;
#543 = CARTESIAN_POINT ( 'NONE',  ( 0.3450000000000010800, 0.3499999999999999800, 0.2999999999999987100 ) ) ;
#544 = LINE ( 'NONE', #1123, #1077 ) ;
#545 = LINE ( 'NONE', #1559, #1873 ) ;
#546 = DIRECTION ( 'NONE',  ( 0.0000000000000000000, 1.000000000000000000, 0.0000000000000000000 ) ) ;
#547 = LINE ( 'NONE', #1087, #1919 ) ;
#548 = DIRECTION ( 'NONE',  ( -1.000000000000000000, 0.0000000000000000000, 3.491481338843133400E-015 ) ) ;
#549 = EDGE_CURVE ( 'NONE', #533, #341, #71, .T. ) ;
#550 = ORIENTED_EDGE ( 'NONE', *, *, #1225, .T. ) ;
#551 = ORIENTED_EDGE ( 'NONE', *, *, #538, .F. ) ;
#552 = AXIS2_PLACEMENT_3D ( 'NONE', #1384, #502, #368 ) ;
#553 = VERTEX_POINT ( 'NONE', #1487 ) ;
#554 = VERTEX_POINT ( 'NONE', #1789 ) ;
#555 = ORIENTED_EDGE ( 'NONE', *, *, #446, .F. ) ;
#556 = EDGE_LOOP ( 'NONE', ( #1527, #1804, #1801, #1595, #990, #860, #510, #1403 ) ) ;
#557 = ORIENTED_EDGE ( 'NONE', *, *, #1215, .T. ) ;
#558 = DIRECTION ( 'NONE',  ( 3.322074749392273300E-015, 0.0000000000000000000, 1.000000000000000000 ) ) ;
#559 = EDGE_CURVE ( 'NONE', #536, #554, #1108, .T. ) ;
#560 = DIRECTION ( 'NONE',  ( -1.000000000000000000, 0.0000000000000000000, 3.239341298730225500E-015 ) ) ;
#561 = AXIS2_PLACEMENT_3D ( 'NONE', #13, #932, #633 ) ;
#562 = AXIS2_PLACEMENT_3D ( 'NONE', #826, #808, #1722 ) ;
#563 = FACE_BOUND ( 'NONE', #235, .T. ) ;
#564 = VECTOR ( 'NONE', #765, 1000.000000000000000 ) ;
#565 = LINE ( 'NONE', #1005, #161 ) ;
#566 = CARTESIAN_POINT ( 'NONE',  ( 0.1500000000000007400, 0.0000000000000000000, 0.2149999999999993300 ) ) ;
#567 = ORIENTED_EDGE ( 'NONE', *, *, #1782, .T. ) ;
#568 = EDGE_CURVE ( 'NONE', #1712, #920, #1300, .T. ) ;
#569 = CARTESIAN_POINT ( 'NONE',  ( 0.1849999999999991900, 0.0000000000000000000, -0.2500000000000008900 ) ) ;
#570 = EDGE_LOOP ( 'NONE', ( #1145, #212, #64, #1038 ) ) ;
#571 = AXIS2_PLACEMENT_3D ( 'NONE', #1816, #314, #1232 ) ;
#572 = ORIENTED_EDGE ( 'NONE', *, *, #173, .F. ) ;
#573 = EDGE_LOOP ( 'NONE', ( #81, #29, #1615, #1285 ) ) ;
#574 = ORIENTED_EDGE ( 'NONE', *, *, #733, .T. ) ;
#575 = CARTESIAN_POINT ( 'NONE',  ( -0.2649999999999991300, -0.0000000000000000000, 0.2500000000000009400 ) ) ;
#576 = ORIENTED_EDGE ( 'NONE', *, *, #1042, .F. ) ;
#577 = CYLINDRICAL_SURFACE ( 'NONE', #1105, 0.03499999999999998300 ) ;
#578 = DIRECTION ( 'NONE',  ( 1.000000000000000000, 0.0000000000000000000, -3.872150616019657500E-015 ) ) ;
#579 = CIRCLE ( 'NONE', #289, 0.03499999999999998300 ) ;
#580 = EDGE_CURVE ( 'NONE', #1307, #535, #1732, .T. ) ;
#581 = VECTOR ( 'NONE', #1708, 1000.000000000000000 ) ;
#582 = CARTESIAN_POINT ( 'NONE',  ( -0.04999999999999955200, 0.0000000000000000000, 0.1350000000000001800 ) ) ;
#583 = AXIS2_PLACEMENT_3D ( 'NONE', #1695, #632, #1086 ) ;
#584 = LINE ( 'NONE', #1956, #1390 ) ;
#585 = CARTESIAN_POINT ( 'NONE',  ( 0.2999999999999993800, 0.1000000000000000100, -0.2150000000000012200 ) ) ;
#586 = LINE ( 'NONE', #82, #232 ) ;
#587 = CARTESIAN_POINT ( 'NONE',  ( -0.2650000000000002900, 0.0000000000000000000, -0.09999999999999907600 ) ) ;
#588 = CYLINDRICAL_SURFACE ( 'NONE', #1246, 0.03500000000000003800 ) ;
#589 = DIRECTION ( 'NONE',  ( 0.0000000000000000000, -1.000000000000000000, 0.0000000000000000000 ) ) ;
#590 = VERTEX_POINT ( 'NONE', #441 ) ;
#591 = PLANE ( 'NONE',  #276 ) ;
#592 = EDGE_LOOP ( 'NONE', ( #1405, #27, #10, #366 ) ) ;
#593 = EDGE_LOOP ( 'NONE', ( #487, #63, #390, #1802 ) ) ;
#594 = ADVANCED_FACE ( 'NONE', ( #1055 ), #1335, .F. ) ;
#595 = ORIENTED_EDGE ( 'NONE', *, *, #539, .T. ) ;
#596 = ORIENTED_EDGE ( 'NONE', *, *, #1849, .T. ) ;
#597 = AXIS2_PLACEMENT_3D ( 'NONE', #18, #476, #1366 ) ;
#598 = ORIENTED_EDGE ( 'NONE', *, *, #43, .T. ) ;
#599 = DIRECTION ( 'NONE',  ( 1.000000000000000000, 0.0000000000000000000, -3.491481338843133700E-015 ) ) ;
#600 = CLOSED_SHELL ( 'NONE', ( #1735, #1361, #1337, #302, #694, #1110, #1557, #14, #646, #127 ) ) ;
#601 = CARTESIAN_POINT ( 'NONE',  ( -0.3000000000000004900, 0.1000000000000000100, -0.1349999999999989500 ) ) ;
#602 = FILL_AREA_STYLE ('',( #163 ) ) ;
#603 = CYLINDRICAL_SURFACE ( 'NONE', #866, 0.03499999999999998900 ) ;
#604 = DIRECTION ( 'NONE',  ( -3.660887928293993400E-015, 0.0000000000000000000, -1.000000000000000000 ) ) ;
#605 =( NAMED_UNIT ( * ) PLANE_ANGLE_UNIT ( ) SI_UNIT ( $, .RADIAN. ) );
#606 = ADVANCED_FACE ( 'NONE', ( #1918 ), #273, .F. ) ;
#607 = EDGE_CURVE ( 'NONE', #405, #1160, #505, .T. ) ;
#608 = CARTESIAN_POINT ( 'NONE',  ( 0.3450000000000010800, 0.3499999999999999800, 0.2999999999999987100 ) ) ;
#609 = CARTESIAN_POINT ( 'NONE',  ( -0.08499999999999914600, -0.0000000000000000000, 0.2500000000000002200 ) ) ;
#610 = VECTOR ( 'NONE', #45, 1000.000000000000000 ) ;
#611 = AXIS2_PLACEMENT_3D ( 'NONE', #1474, #889, #1341 ) ;
#612 = LINE ( 'NONE', #1585, #277 ) ;
#613 = VECTOR ( 'NONE', #1839, 1000.000000000000000 ) ;
#614 = DIRECTION ( 'NONE',  ( 0.0000000000000000000, -1.000000000000000000, -0.0000000000000000000 ) ) ;
#615 = VECTOR ( 'NONE', #1036, 1000.000000000000000 ) ;
#616 = ORIENTED_EDGE ( 'NONE', *, *, #374, .F. ) ;
#617 = ADVANCED_FACE ( 'NONE', ( #851 ), #748, .F. ) ;
#618 = CARTESIAN_POINT ( 'NONE',  ( -0.08499999999999965900, 0.0000000000000000000, 0.1000000000000003000 ) ) ;
#619 = ORIENTED_EDGE ( 'NONE', *, *, #1186, .T. ) ;
#620 = EDGE_CURVE ( 'NONE', #308, #221, #1459, .T. ) ;
#621 = DIRECTION ( 'NONE',  ( -1.000000000000000000, 0.0000000000000000000, 3.672181700924050500E-015 ) ) ;
#622 = CARTESIAN_POINT ( 'NONE',  ( -0.08499999999999913200, 0.1000000000000000100, 0.2500000000000002200 ) ) ;
#623 = CARTESIAN_POINT ( 'NONE',  ( -0.2650000000000004600, 0.0000000000000000000, -0.1349999999999990900 ) ) ;
#624 = VERTEX_POINT ( 'NONE', #1682 ) ;
#625 = AXIS2_PLACEMENT_3D ( 'NONE', #1114, #350, #1885 ) ;
#626 = DIRECTION ( 'NONE',  ( -1.000000000000000000, 0.0000000000000000000, 3.491481338843133400E-015 ) ) ;
#627 = EDGE_LOOP ( 'NONE', ( #863, #957, #1639, #1094 ) ) ;
#628 = ORIENTED_EDGE ( 'NONE', *, *, #1162, .F. ) ;
#629 = ORIENTED_EDGE ( 'NONE', *, *, #1771, .T. ) ;
#630 = ADVANCED_BREP_SHAPE_REPRESENTATION ( 'CSD15380F3T', ( #809, #111, #1786, #1617, #751 ), #877 ) ;
#631 = DIRECTION ( 'NONE',  ( 0.0000000000000000000, 1.000000000000000000, 0.0000000000000000000 ) ) ;
#632 = DIRECTION ( 'NONE',  ( -1.000000000000000000, -0.0000000000000000000, 3.830294517744853500E-015 ) ) ;
#633 = DIRECTION ( 'NONE',  ( -1.000000000000000000, 0.0000000000000000000, 3.872150616019660600E-015 ) ) ;
#634 = LINE ( 'NONE', #1082, #40 ) ;
#635 = LINE ( 'NONE', #1899, #1000 ) ;
#636 = DIRECTION ( 'NONE',  ( -3.491481338843133400E-015, 0.0000000000000000000, -1.000000000000000000 ) ) ;
#637 = CARTESIAN_POINT ( 'NONE',  ( -0.2649999999999996800, 0.1000000000000000100, 0.1000000000000009200 ) ) ;
#638 = EDGE_CURVE ( 'NONE', #1304, #1613, #1279, .T. ) ;
#639 = FACE_OUTER_BOUND ( 'NONE', #1043, .T. ) ;
#640 = PLANE ( 'NONE',  #1896 ) ;
#641 = PLANE ( 'NONE',  #583 ) ;
#642 = DIRECTION ( 'NONE',  ( 3.672181700924050500E-015, 0.0000000000000000000, 1.000000000000000000 ) ) ;
#643 = EDGE_CURVE ( 'NONE', #1778, #1741, #1006, .T. ) ;
#644 = LINE ( 'NONE', #282, #230 ) ;
#645 = VECTOR ( 'NONE', #1264, 1000.000000000000000 ) ;
#646 = ADVANCED_FACE ( 'NONE', ( #1604 ), #1248, .T. ) ;
#647 = CARTESIAN_POINT ( 'NONE',  ( 0.2650000000000007900, 0.1000000000000000100, 0.2149999999999989100 ) ) ;
#648 = CARTESIAN_POINT ( 'NONE',  ( 0.1499999999999992700, 0.0000000000000000000, -0.2150000000000006600 ) ) ;
#649 = DIRECTION ( 'NONE',  ( 0.0000000000000000000, -1.000000000000000000, -0.0000000000000000000 ) ) ;
#650 = LINE ( 'NONE', #1793, #969 ) ;
#651 = ORIENTED_EDGE ( 'NONE', *, *, #1835, .F. ) ;
#652 = CARTESIAN_POINT ( 'NONE',  ( -0.08500000000000047800, 0.1000000000000000100, -0.1349999999999997000 ) ) ;
#653 = CARTESIAN_POINT ( 'NONE',  ( -0.04999999999999953800, 0.1000000000000000100, 0.1350000000000001800 ) ) ;
#654 = ORIENTED_EDGE ( 'NONE', *, *, #1330, .T. ) ;
#655 = ORIENTED_EDGE ( 'NONE', *, *, #12, .F. ) ;
#656 = ORIENTED_EDGE ( 'NONE', *, *, #1536, .F. ) ;
#657 = EDGE_CURVE ( 'NONE', #1117, #394, #383, .T. ) ;
#658 = CARTESIAN_POINT ( 'NONE',  ( -0.08499999999999953400, 0.0000000000000000000, 0.1350000000000002900 ) ) ;
#659 = DIRECTION ( 'NONE',  ( 0.0000000000000000000, 1.000000000000000000, 0.0000000000000000000 ) ) ;
#660 = ADVANCED_FACE ( 'NONE', ( #966 ), #467, .F. ) ;
#661 = ORIENTED_EDGE ( 'NONE', *, *, #1215, .F. ) ;
#662 = VERTEX_POINT ( 'NONE', #1231 ) ;
#663 = AXIS2_PLACEMENT_3D ( 'NONE', #608, #636, #176 ) ;
#664 = ORIENTED_EDGE ( 'NONE', *, *, #173, .T. ) ;
#665 = CARTESIAN_POINT ( 'NONE',  ( -0.05000000000000080100, 0.0000000000000000000, -0.2149999999999998300 ) ) ;
#666 = CIRCLE ( 'NONE', #998, 0.03499999999999997600 ) ;
#667 =( NAMED_UNIT ( * ) SI_UNIT ( $, .STERADIAN. ) SOLID_ANGLE_UNIT ( ) );
#668 = CARTESIAN_POINT ( 'NONE',  ( 0.2999999999999993200, 0.0000000000000000000, -0.2150000000000012200 ) ) ;
#669 = DIRECTION ( 'NONE',  ( -1.000000000000000000, 0.0000000000000000000, 3.491481338843133400E-015 ) ) ;
#670 = ADVANCED_FACE ( 'NONE', ( #450 ), #208, .T. ) ;
#671 = CIRCLE ( 'NONE', #391, 0.03499999999999996900 ) ;
#672 = EDGE_CURVE ( 'NONE', #590, #554, #51, .T. ) ;
#673 =( LENGTH_UNIT ( ) NAMED_UNIT ( * ) SI_UNIT ( .MILLI., .METRE. ) );
#674 = COLOUR_RGB ( '',0.9686274509803921600, 0.8784313725490196000, 0.5999999999999999800 ) ;
#675 = DIRECTION ( 'NONE',  ( 0.0000000000000000000, -1.000000000000000000, -0.0000000000000000000 ) ) ;
#676 = EDGE_CURVE ( 'NONE', #512, #535, #1629, .T. ) ;
#677 = VECTOR ( 'NONE', #927, 1000.000000000000000 ) ;
#678 = DIRECTION ( 'NONE',  ( 0.0000000000000000000, -1.000000000000000000, 0.0000000000000000000 ) ) ;
#679 = CIRCLE ( 'NONE', #1434, 0.03500000000000001000 ) ;
#680 = CARTESIAN_POINT ( 'NONE',  ( -0.08500000000000035300, 0.0000000000000000000, -0.09999999999999970000 ) ) ;
#681 = ORIENTED_EDGE ( 'NONE', *, *, #386, .T. ) ;
#682 = DIRECTION ( 'NONE',  ( 0.0000000000000000000, 1.000000000000000000, 0.0000000000000000000 ) ) ;
#683 = DIRECTION ( 'NONE',  ( 1.000000000000000000, 0.0000000000000000000, -3.491481338843133400E-015 ) ) ;
#684 = EDGE_LOOP ( 'NONE', ( #1093, #1257, #1925, #619 ) ) ;
#685 = DIRECTION ( 'NONE',  ( -3.491481338843133400E-015, 0.0000000000000000000, -1.000000000000000000 ) ) ;
#686 = VERTEX_POINT ( 'NONE', #39 ) ;
#687 = ORIENTED_EDGE ( 'NONE', *, *, #568, .F. ) ;
#688 = ORIENTED_EDGE ( 'NONE', *, *, #215, .F. ) ;
#689 = EDGE_CURVE ( 'NONE', #395, #1117, #1937, .T. ) ;
#690 = CARTESIAN_POINT ( 'NONE',  ( 0.2650000000000007900, 0.1000000000000000100, 0.2149999999999989100 ) ) ;
#691 = VERTEX_POINT ( 'NONE', #1217 ) ;
#692 = AXIS2_PLACEMENT_3D ( 'NONE', #658, #631, #1408 ) ;
#693 = DIRECTION ( 'NONE',  ( 1.000000000000000000, 0.0000000000000000000, -3.365411318786679200E-015 ) ) ;
#694 = ADVANCED_FACE ( 'NONE', ( #1227 ), #1202, .T. ) ;
#695 = PRESENTATION_STYLE_ASSIGNMENT (( #1683 ) ) ;
#696 = CARTESIAN_POINT ( 'NONE',  ( 0.0000000000000000000, 0.0000000000000000000, 0.0000000000000000000 ) ) ;
#697 = DIRECTION ( 'NONE',  ( 0.0000000000000000000, -1.000000000000000000, -0.0000000000000000000 ) ) ;
#698 = LINE ( 'NONE', #1725, #1389 ) ;
#699 = CARTESIAN_POINT ( 'NONE',  ( -0.08500000000000088000, 0.1000000000000000100, -0.2499999999999996700 ) ) ;
#700 = EDGE_CURVE ( 'NONE', #1307, #1494, #1588, .T. ) ;
#701 = LINE ( 'NONE', #1184, #1647 ) ;
#702 = LINE ( 'NONE', #859, #332 ) ;
#703 = VERTEX_POINT ( 'NONE', #784 ) ;
#704 = DIRECTION ( 'NONE',  ( 0.0000000000000000000, 1.000000000000000000, 0.0000000000000000000 ) ) ;
#705 = ORIENTED_EDGE ( 'NONE', *, *, #916, .T. ) ;
#706 = ORIENTED_EDGE ( 'NONE', *, *, #309, .F. ) ;
#707 = ORIENTED_EDGE ( 'NONE', *, *, #272, .T. ) ;
#708 = CARTESIAN_POINT ( 'NONE',  ( -0.3000000000000004900, 0.1000000000000000100, -0.1349999999999989500 ) ) ;
#709 = CARTESIAN_POINT ( 'NONE',  ( 0.3449999999999989200, 0.3499999999999999800, -0.3000000000000012100 ) ) ;
#710 = VERTEX_POINT ( 'NONE', #1091 ) ;
#711 = FACE_OUTER_BOUND ( 'NONE', #184, .T. ) ;
#712 = MECHANICAL_DESIGN_GEOMETRIC_PRESENTATION_REPRESENTATION (  '', ( #1859 ), #1031 ) ;
#713 = CARTESIAN_POINT ( 'NONE',  ( -0.2650000000000007300, 0.1000000000000000100, -0.2149999999999990800 ) ) ;
#714 = DIRECTION ( 'NONE',  ( 0.0000000000000000000, -1.000000000000000000, -0.0000000000000000000 ) ) ;
#715 = VECTOR ( 'NONE', #970, 1000.000000000000000 ) ;
#716 = DIRECTION ( 'NONE',  ( 1.000000000000000000, 0.0000000000000000000, -3.872150616019657500E-015 ) ) ;
#717 = CARTESIAN_POINT ( 'NONE',  ( 0.2650000000000007900, 0.0000000000000000000, 0.2149999999999989100 ) ) ;
#718 = VECTOR ( 'NONE', #755, 1000.000000000000000 ) ;
#719 = EDGE_CURVE ( 'NONE', #239, #769, #1565, .T. ) ;
#720 = CARTESIAN_POINT ( 'NONE',  ( -0.08499999999999965900, 0.1000000000000000100, 0.1000000000000003100 ) ) ;
#721 = VERTEX_POINT ( 'NONE', #1386 ) ;
#722 = AXIS2_PLACEMENT_3D ( 'NONE', #1777, #1644, #136 ) ;
#723 = ORIENTED_EDGE ( 'NONE', *, *, #1630, .F. ) ;
#724 = ORIENTED_EDGE ( 'NONE', *, *, #1868, .F. ) ;
#725 = ORIENTED_EDGE ( 'NONE', *, *, #1752, .F. ) ;
#726 = DIRECTION ( 'NONE',  ( -3.365411318786679200E-015, 0.0000000000000000000, -1.000000000000000000 ) ) ;
#727 = ORIENTED_EDGE ( 'NONE', *, *, #1100, .F. ) ;
#728 = CARTESIAN_POINT ( 'NONE',  ( 0.1849999999999991900, 0.1000000000000000100, -0.2500000000000008900 ) ) ;
#729 = ORIENTED_EDGE ( 'NONE', *, *, #931, .T. ) ;
#730 = ORIENTED_EDGE ( 'NONE', *, *, #1536, .T. ) ;
#731 = DIRECTION ( 'NONE',  ( 0.0000000000000000000, 1.000000000000000000, 0.0000000000000000000 ) ) ;
#732 = DIRECTION ( 'NONE',  ( -3.566773156376849000E-015, 0.0000000000000000000, -1.000000000000000000 ) ) ;
#733 = EDGE_CURVE ( 'NONE', #1591, #590, #1158, .T. ) ;
#734 = CARTESIAN_POINT ( 'NONE',  ( 0.2650000000000007900, 0.1000000000000000100, 0.2149999999999989100 ) ) ;
#735 = CARTESIAN_POINT ( 'NONE',  ( 0.3450000000000010800, 0.0000000000000000000, 0.2999999999999987100 ) ) ;
#736 = DIRECTION ( 'NONE',  ( 1.000000000000000000, 0.0000000000000000000, -3.872150616019660600E-015 ) ) ;
#737 = LINE ( 'NONE', #1466, #322 ) ;
#738 = DIRECTION ( 'NONE',  ( -2.813854981039693100E-015, 0.0000000000000000000, -1.000000000000000000 ) ) ;
#739 = CARTESIAN_POINT ( 'NONE',  ( -0.2650000000000008500, 0.1000000000000000100, -0.2499999999999990800 ) ) ;
#740 = FACE_OUTER_BOUND ( 'NONE', #592, .T. ) ;
#741 = VECTOR ( 'NONE', #1382, 1000.000000000000000 ) ;
#742 = PRODUCT_DEFINITION_SHAPE ( 'NONE', 'NONE',  #32 ) ;
#743 = EDGE_CURVE ( 'NONE', #1409, #1520, #1962, .T. ) ;
#744 = PLANE ( 'NONE',  #1422 ) ;
#745 = ORIENTED_EDGE ( 'NONE', *, *, #1186, .F. ) ;
#746 = UNCERTAINTY_MEASURE_WITH_UNIT (LENGTH_MEASURE( 1.000000000000000100E-005 ), #1638, 'distance_accuracy_value', 'NONE');
#747 = EDGE_CURVE ( 'NONE', #1409, #1288, #24, .T. ) ;
#748 = PLANE ( 'NONE',  #68 ) ;
#749 = ORIENTED_EDGE ( 'NONE', *, *, #960, .T. ) ;
#750 = ADVANCED_FACE ( 'NONE', ( #766 ), #1116, .F. ) ;
#751 = AXIS2_PLACEMENT_3D ( 'NONE', #696, #1717, #834 ) ;
#752 = ORIENTED_EDGE ( 'NONE', *, *, #374, .T. ) ;
#753 = ORIENTED_EDGE ( 'NONE', *, *, #96, .T. ) ;
#754 = ORIENTED_EDGE ( 'NONE', *, *, #1175, .F. ) ;
#755 = DIRECTION ( 'NONE',  ( 3.239341298730225500E-015, 0.0000000000000000000, 1.000000000000000000 ) ) ;
#756 = EDGE_LOOP ( 'NONE', ( #60, #100, #1737, #1161 ) ) ;
#757 = ORIENTED_EDGE ( 'NONE', *, *, #1144, .T. ) ;
#758 = CYLINDRICAL_SURFACE ( 'NONE', #401, 0.03499999999999992700 ) ;
#759 = EDGE_CURVE ( 'NONE', #1304, #370, #545, .T. ) ;
#760 = DIRECTION ( 'NONE',  ( 0.0000000000000000000, 1.000000000000000000, 0.0000000000000000000 ) ) ;
#761 = AXIS2_PLACEMENT_3D ( 'NONE', #1014, #1476, #1637 ) ;
#762 = VECTOR ( 'NONE', #1792, 1000.000000000000000 ) ;
#763 = CARTESIAN_POINT ( 'NONE',  ( -0.3000000000000007100, 0.1000000000000000100, -0.2149999999999989400 ) ) ;
#764 = SURFACE_SIDE_STYLE ('',( #1343 ) ) ;
#765 = DIRECTION ( 'NONE',  ( -2.813854981039693100E-015, 0.0000000000000000000, -1.000000000000000000 ) ) ;
#766 = FACE_OUTER_BOUND ( 'NONE', #334, .T. ) ;
#767 = ADVANCED_FACE ( 'NONE', ( #404 ), #1404, .F. ) ;
#768 = CARTESIAN_POINT ( 'NONE',  ( -0.2650000000000002900, 0.1000000000000000100, -0.09999999999999909000 ) ) ;
#769 = VERTEX_POINT ( 'NONE', #1423 ) ;
#770 = EDGE_CURVE ( 'NONE', #1778, #1881, #1393, .T. ) ;
#771 = DIRECTION ( 'NONE',  ( -1.000000000000000000, 0.0000000000000000000, 3.491481338843133400E-015 ) ) ;
#772 = DIRECTION ( 'NONE',  ( -1.000000000000000000, 0.0000000000000000000, 3.872150616019659000E-015 ) ) ;
#773 = ORIENTED_EDGE ( 'NONE', *, *, #43, .F. ) ;
#774 = EDGE_LOOP ( 'NONE', ( #412, #1326, #1089, #993 ) ) ;
#775 = EDGE_CURVE ( 'NONE', #554, #434, #1513, .T. ) ;
#776 = DIRECTION ( 'NONE',  ( -2.813854981039693100E-015, 0.0000000000000000000, -1.000000000000000000 ) ) ;
#777 = DIRECTION ( 'NONE',  ( 1.000000000000000000, 0.0000000000000000000, -3.872150616019660600E-015 ) ) ;
#778 = ORIENTED_EDGE ( 'NONE', *, *, #1882, .T. ) ;
#779 = ORIENTED_EDGE ( 'NONE', *, *, #719, .T. ) ;
#780 = CARTESIAN_POINT ( 'NONE',  ( -0.3450000000000010800, 0.0000000000000000000, -0.2999999999999988200 ) ) ;
#781 = ORIENTED_EDGE ( 'NONE', *, *, #1562, .T. ) ;
#782 = ADVANCED_FACE ( 'NONE', ( #912 ), #216, .F. ) ;
#783 = ORIENTED_EDGE ( 'NONE', *, *, #549, .F. ) ;
#784 = CARTESIAN_POINT ( 'NONE',  ( -0.2999999999999994900, 0.1000000000000000100, 0.1350000000000010600 ) ) ;
#785 = VECTOR ( 'NONE', #177, 1000.000000000000000 ) ;
#786 = FACE_OUTER_BOUND ( 'NONE', #1807, .T. ) ;
#787 = DIRECTION ( 'NONE',  ( 3.566773156376849000E-015, 0.0000000000000000000, 1.000000000000000000 ) ) ;
#788 = DIRECTION ( 'NONE',  ( 1.000000000000000000, 0.0000000000000000000, -3.872150616019654300E-015 ) ) ;
#789 = EDGE_CURVE ( 'NONE', #370, #1263, #1028, .T. ) ;
#790 = CYLINDRICAL_SURFACE ( 'NONE', #1566, 0.03500000000000001000 ) ;
#791 = LINE ( 'NONE', #1654, #325 ) ;
#792 = LINE ( 'NONE', #147, #1734 ) ;
#793 = DIRECTION ( 'NONE',  ( 1.000000000000000000, 0.0000000000000000000, -3.872150616019660600E-015 ) ) ;
#794 = VERTEX_POINT ( 'NONE', #1581 ) ;
#795 = EDGE_CURVE ( 'NONE', #461, #1238, #586, .T. ) ;
#796 = DIRECTION ( 'NONE',  ( 0.0000000000000000000, -1.000000000000000000, -0.0000000000000000000 ) ) ;
#797 = ADVANCED_FACE ( 'NONE', ( #181 ), #92, .F. ) ;
#798 = EDGE_LOOP ( 'NONE', ( #1528, #143, #1548, #1889, #1372, #1163, #438, #1070 ) ) ;
#799 = CARTESIAN_POINT ( 'NONE',  ( -0.3000000000000006600, 0.0000000000000000000, -0.2149999999999989400 ) ) ;
#800 = ORIENTED_EDGE ( 'NONE', *, *, #309, .T. ) ;
#801 = FILL_AREA_STYLE ('',( #1880 ) ) ;
#802 = VERTEX_POINT ( 'NONE', #1156 ) ;
#803 = CARTESIAN_POINT ( 'NONE',  ( 0.3450000000000010800, 0.0000000000000000000, 0.2999999999999987100 ) ) ;
#804 = CARTESIAN_POINT ( 'NONE',  ( -0.3449999999999989200, 0.3499999999999999800, 0.3000000000000011000 ) ) ;
#805 = LINE ( 'NONE', #1259, #903 ) ;
#806 = VECTOR ( 'NONE', #231, 1000.000000000000000 ) ;
#807 = DIRECTION ( 'NONE',  ( 1.000000000000000000, 0.0000000000000000000, -3.872150616019659000E-015 ) ) ;
#808 = DIRECTION ( 'NONE',  ( 0.0000000000000000000, -1.000000000000000000, -0.0000000000000000000 ) ) ;
#809 = MANIFOLD_SOLID_BREP ( 'Body-Move/Copy1[1]', #973 ) ;
#810 = DIRECTION ( 'NONE',  ( -1.000000000000000000, 0.0000000000000000000, 3.872150616019662200E-015 ) ) ;
#811 = DIRECTION ( 'NONE',  ( -1.000000000000000000, 0.0000000000000000000, 3.872150616019660600E-015 ) ) ;
#812 = AXIS2_PLACEMENT_3D ( 'NONE', #1946, #128, #1181 ) ;
#813 = CARTESIAN_POINT ( 'NONE',  ( 0.3449999999999989200, 0.0000000000000000000, -0.3000000000000012100 ) ) ;
#814 = VECTOR ( 'NONE', #1438, 1000.000000000000000 ) ;
#815 = AXIS2_PLACEMENT_3D ( 'NONE', #343, #796, #947 ) ;
#816 = FACE_OUTER_BOUND ( 'NONE', #1463, .T. ) ;
#817 = CARTESIAN_POINT ( 'NONE',  ( -0.05000000000000048800, 0.0000000000000000000, -0.1349999999999998400 ) ) ;
#818 = DIRECTION ( 'NONE',  ( 3.491481338843133400E-015, 0.0000000000000000000, 1.000000000000000000 ) ) ;
#819 = ORIENTED_EDGE ( 'NONE', *, *, #342, .F. ) ;
#820 = EDGE_LOOP ( 'NONE', ( #1450, #217, #1858, #550 ) ) ;
#821 = EDGE_LOOP ( 'NONE', ( #1606, #706, #1282, #555, #58, #1208, #1890, #280 ) ) ;
#822 = VERTEX_POINT ( 'NONE', #1445 ) ;
#823 = ORIENTED_EDGE ( 'NONE', *, *, #845, .T. ) ;
#824 = EDGE_CURVE ( 'NONE', #710, #1241, #1731, .T. ) ;
#825 = ORIENTED_EDGE ( 'NONE', *, *, #1255, .T. ) ;
#826 = CARTESIAN_POINT ( 'NONE',  ( -0.08499999999999928400, 0.0000000000000000000, 0.2150000000000003000 ) ) ;
#827 = VERTEX_POINT ( 'NONE', #1912 ) ;
#828 = CARTESIAN_POINT ( 'NONE',  ( -0.05000000000000048200, 0.1000000000000000100, -0.1349999999999998400 ) ) ;
#829 = DIRECTION ( 'NONE',  ( 0.0000000000000000000, -1.000000000000000000, 0.0000000000000000000 ) ) ;
#830 = CARTESIAN_POINT ( 'NONE',  ( -0.3450000000000010800, 0.3499999999999999800, -0.2999999999999988200 ) ) ;
#831 = CARTESIAN_POINT ( 'NONE',  ( -0.3000000000000004900, 0.0000000000000000000, -0.1349999999999989500 ) ) ;
#832 = VECTOR ( 'NONE', #1228, 1000.000000000000000 ) ;
#833 = EDGE_CURVE ( 'NONE', #1308, #345, #133, .T. ) ;
#834 = DIRECTION ( 'NONE',  ( 1.000000000000000000, 0.0000000000000000000, 0.0000000000000000000 ) ) ;
#835 = LINE ( 'NONE', #817, #1960 ) ;
#836 = AXIS2_PLACEMENT_3D ( 'NONE', #369, #1102, #811 ) ;
#837 = CARTESIAN_POINT ( 'NONE',  ( 0.3000000000000007700, 0.1000000000000000100, 0.2149999999999987800 ) ) ;
#838 = VECTOR ( 'NONE', #183, 1000.000000000000000 ) ;
#839 = VECTOR ( 'NONE', #1152, 1000.000000000000000 ) ;
#840 = ORIENTED_EDGE ( 'NONE', *, *, #1353, .T. ) ;
#841 = CARTESIAN_POINT ( 'NONE',  ( 0.1849999999999991900, 0.0000000000000000000, -0.2500000000000008900 ) ) ;
#842 = ORIENTED_EDGE ( 'NONE', *, *, #527, .F. ) ;
#843 = ORIENTED_EDGE ( 'NONE', *, *, #916, .F. ) ;
#844 = ORIENTED_EDGE ( 'NONE', *, *, #1363, .T. ) ;
#845 = EDGE_CURVE ( 'NONE', #1140, #1307, #251, .T. ) ;
#846 = DIRECTION ( 'NONE',  ( 1.000000000000000000, 0.0000000000000000000, -3.491481338843133400E-015 ) ) ;
#847 = LINE ( 'NONE', #637, #1784 ) ;
#848 = EDGE_CURVE ( 'NONE', #691, #703, #1707, .T. ) ;
#849 = DIRECTION ( 'NONE',  ( 1.000000000000000000, 0.0000000000000000000, -3.872150616019660600E-015 ) ) ;
#850 = LINE ( 'NONE', #417, #1916 ) ;
#851 = FACE_OUTER_BOUND ( 'NONE', #1716, .T. ) ;
#852 = CYLINDRICAL_SURFACE ( 'NONE', #59, 0.03499999999999998300 ) ;
#853 = DIRECTION ( 'NONE',  ( -4.169107696646573600E-015, 0.0000000000000000000, -1.000000000000000000 ) ) ;
#854 = EDGE_LOOP ( 'NONE', ( #997, #281, #396, #1311 ) ) ;
#855 = CARTESIAN_POINT ( 'NONE',  ( 0.1499999999999992700, 0.1000000000000000100, -0.2150000000000006600 ) ) ;
#856 = VERTEX_POINT ( 'NONE', #224 ) ;
#857 = ORIENTED_EDGE ( 'NONE', *, *, #132, .T. ) ;
#858 = EDGE_LOOP ( 'NONE', ( #596, #1743, #572, #1862 ) ) ;
#859 = CARTESIAN_POINT ( 'NONE',  ( -0.08499999999999913200, 0.0000000000000000000, 0.2500000000000002200 ) ) ;
#860 = ORIENTED_EDGE ( 'NONE', *, *, #1200, .F. ) ;
#861 = EDGE_CURVE ( 'NONE', #624, #1216, #612, .T. ) ;
#862 = CARTESIAN_POINT ( 'NONE',  ( 0.2650000000000009000, 0.1000000000000000100, 0.2499999999999989700 ) ) ;
#863 = ORIENTED_EDGE ( 'NONE', *, *, #1763, .T. ) ;
#864 = AXIS2_PLACEMENT_3D ( 'NONE', #1485, #885, #445 ) ;
#865 = FACE_OUTER_BOUND ( 'NONE', #1684, .T. ) ;
#866 = AXIS2_PLACEMENT_3D ( 'NONE', #1488, #1340, #991 ) ;
#867 = DIRECTION ( 'NONE',  ( -1.000000000000000000, 0.0000000000000000000, 3.872150616019660600E-015 ) ) ;
#868 = FACE_OUTER_BOUND ( 'NONE', #80, .T. ) ;
#869 = CARTESIAN_POINT ( 'NONE',  ( 0.2649999999999992400, 0.0000000000000000000, -0.2500000000000011700 ) ) ;
#870 = LINE ( 'NONE', #1173, #1628 ) ;
#871 = DIRECTION ( 'NONE',  ( -1.000000000000000000, 0.0000000000000000000, 3.566773156376849000E-015 ) ) ;
#872 = LINE ( 'NONE', #709, #427 ) ;
#873 = EDGE_CURVE ( 'NONE', #1013, #1658, #1299, .T. ) ;
#874 = PLANE ( 'NONE',  #1508 ) ;
#875 = CIRCLE ( 'NONE', #504, 0.03499999999999999600 ) ;
#876 = ORIENTED_EDGE ( 'NONE', *, *, #106, .T. ) ;
#877 =( GEOMETRIC_REPRESENTATION_CONTEXT ( 3 ) GLOBAL_UNCERTAINTY_ASSIGNED_CONTEXT ( ( #473 ) ) GLOBAL_UNIT_ASSIGNED_CONTEXT ( ( #673, #1576, #78 ) ) REPRESENTATION_CONTEXT ( 'NONE', 'WORKASPACE' ) );
#878 = DIRECTION ( 'NONE',  ( 0.0000000000000000000, 1.000000000000000000, 0.0000000000000000000 ) ) ;
#879 = CARTESIAN_POINT ( 'NONE',  ( -0.2650000000000004600, 0.1000000000000000100, -0.1349999999999990900 ) ) ;
#880 = ORIENTED_EDGE ( 'NONE', *, *, #887, .T. ) ;
#881 = EDGE_LOOP ( 'NONE', ( #457, #574, #1901, #1448, #883, #1183, #1424, #2 ) ) ;
#882 = DIRECTION ( 'NONE',  ( 1.000000000000000000, 0.0000000000000000000, -3.491481338843133400E-015 ) ) ;
#883 = ORIENTED_EDGE ( 'NONE', *, *, #1822, .T. ) ;
#884 = VERTEX_POINT ( 'NONE', #837 ) ;
#885 = DIRECTION ( 'NONE',  ( 0.0000000000000000000, -1.000000000000000000, -0.0000000000000000000 ) ) ;
#886 = ADVANCED_FACE ( 'NONE', ( #87 ), #978, .F. ) ;
#887 = EDGE_CURVE ( 'NONE', #1613, #1263, #701, .T. ) ;
#888 = VECTOR ( 'NONE', #1832, 1000.000000000000000 ) ;
#889 = DIRECTION ( 'NONE',  ( -0.0000000000000000000, -1.000000000000000000, 0.0000000000000000000 ) ) ;
#890 = PLANE ( 'NONE',  #1623 ) ;
#891 = FACE_OUTER_BOUND ( 'NONE', #219, .T. ) ;
#892 = DIRECTION ( 'NONE',  ( -1.000000000000000000, 0.0000000000000000000, 2.813854981039693100E-015 ) ) ;
#893 = VECTOR ( 'NONE', #414, 1000.000000000000000 ) ;
#894 = DIRECTION ( 'NONE',  ( 2.813854981039693500E-015, 0.0000000000000000000, 1.000000000000000000 ) ) ;
#895 = DIRECTION ( 'NONE',  ( 0.0000000000000000000, -1.000000000000000000, 0.0000000000000000000 ) ) ;
#896 = VERTEX_POINT ( 'NONE', #1148 ) ;
#897 = AXIS2_PLACEMENT_3D ( 'NONE', #647, #1677, #1537 ) ;
#898 = ORIENTED_EDGE ( 'NONE', *, *, #1771, .F. ) ;
#899 = ORIENTED_EDGE ( 'NONE', *, *, #1795, .T. ) ;
#900 = DIRECTION ( 'NONE',  ( 1.000000000000000000, 0.0000000000000000000, -3.491481338843133700E-015 ) ) ;
#901 = ORIENTED_EDGE ( 'NONE', *, *, #861, .T. ) ;
#902 = ORIENTED_EDGE ( 'NONE', *, *, #1017, .F. ) ;
#903 = VECTOR ( 'NONE', #331, 1000.000000000000000 ) ;
#904 = EDGE_CURVE ( 'NONE', #345, #1121, #850, .T. ) ;
#905 = DIRECTION ( 'NONE',  ( -1.000000000000000000, 0.0000000000000000000, 3.872150616019660600E-015 ) ) ;
#906 = AXIS2_PLACEMENT_3D ( 'NONE', #913, #23, #313 ) ;
#907 = ADVANCED_FACE ( 'NONE', ( #297 ), #113, .T. ) ;
#908 = DIRECTION ( 'NONE',  ( 0.0000000000000000000, -1.000000000000000000, -0.0000000000000000000 ) ) ;
#909 = FACE_OUTER_BOUND ( 'NONE', #1352, .T. ) ;
#910 = CARTESIAN_POINT ( 'NONE',  ( -0.2650000000000002900, 0.0000000000000000000, -0.09999999999999907600 ) ) ;
#911 = SHAPE_DEFINITION_REPRESENTATION ( #742, #630 ) ;
#912 = FACE_OUTER_BOUND ( 'NONE', #1574, .T. ) ;
#913 = CARTESIAN_POINT ( 'NONE',  ( -0.2650000000000004600, 0.0000000000000000000, -0.1349999999999990900 ) ) ;
#914 = CARTESIAN_POINT ( 'NONE',  ( -0.2650000000000008500, 0.1000000000000000100, -0.2499999999999990300 ) ) ;
#915 = FACE_OUTER_BOUND ( 'NONE', #1609, .T. ) ;
#916 = EDGE_CURVE ( 'NONE', #856, #188, #1364, .T. ) ;
#917 = DIRECTION ( 'NONE',  ( 3.491481338843133400E-015, 0.0000000000000000000, 1.000000000000000000 ) ) ;
#918 = CARTESIAN_POINT ( 'NONE',  ( 0.1499999999999992500, 0.1000000000000000100, -0.2150000000000006600 ) ) ;
#919 = CARTESIAN_POINT ( 'NONE',  ( -0.08500000000000035300, 0.0000000000000000000, -0.09999999999999970000 ) ) ;
#920 = VERTEX_POINT ( 'NONE', #566 ) ;
#921 = ORIENTED_EDGE ( 'NONE', *, *, #249, .F. ) ;
#922 = MECHANICAL_DESIGN_GEOMETRIC_PRESENTATION_REPRESENTATION (  '', ( #360 ), #149 ) ;
#923 = DIRECTION ( 'NONE',  ( 0.0000000000000000000, 1.000000000000000000, 0.0000000000000000000 ) ) ;
#924 = EDGE_LOOP ( 'NONE', ( #901, #1449, #256, #1805 ) ) ;
#925 = PLANE ( 'NONE',  #361 ) ;
#926 = EDGE_LOOP ( 'NONE', ( #1261, #1578, #387, #781 ) ) ;
#927 = DIRECTION ( 'NONE',  ( 0.0000000000000000000, -1.000000000000000000, 0.0000000000000000000 ) ) ;
#928 = VECTOR ( 'NONE', #900, 1000.000000000000000 ) ;
#929 = ADVANCED_FACE ( 'NONE', ( #449 ), #790, .T. ) ;
#930 = DIRECTION ( 'NONE',  ( 0.0000000000000000000, -1.000000000000000000, -0.0000000000000000000 ) ) ;
#931 = EDGE_CURVE ( 'NONE', #1881, #1555, #1815, .T. ) ;
#932 = DIRECTION ( 'NONE',  ( 0.0000000000000000000, -1.000000000000000000, -0.0000000000000000000 ) ) ;
#933 = EDGE_CURVE ( 'NONE', #1238, #1928, #1870, .T. ) ;
#934 = CARTESIAN_POINT ( 'NONE',  ( -0.04999999999999955200, 0.0000000000000000000, 0.1350000000000001800 ) ) ;
#935 = UNCERTAINTY_MEASURE_WITH_UNIT (LENGTH_MEASURE( 1.000000000000000100E-005 ), #200, 'distance_accuracy_value', 'NONE');
#936 = LINE ( 'NONE', #26, #381 ) ;
#937 = FACE_OUTER_BOUND ( 'NONE', #627, .T. ) ;
#938 = DIRECTION ( 'NONE',  ( 0.0000000000000000000, -1.000000000000000000, 0.0000000000000000000 ) ) ;
#939 = CARTESIAN_POINT ( 'NONE',  ( -0.3000000000000004900, 0.0000000000000000000, -0.1349999999999989500 ) ) ;
#940 = DIRECTION ( 'NONE',  ( -1.000000000000000000, 0.0000000000000000000, 3.872150616019657500E-015 ) ) ;
#941 = ADVANCED_FACE ( 'NONE', ( #1251 ), #744, .F. ) ;
#942 = LINE ( 'NONE', #1385, #233 ) ;
#943 =( NAMED_UNIT ( * ) SI_UNIT ( $, .STERADIAN. ) SOLID_ANGLE_UNIT ( ) );
#944 = CIRCLE ( 'NONE', #864, 0.03499999999999992700 ) ;
#945 = ORIENTED_EDGE ( 'NONE', *, *, #904, .F. ) ;
#946 = EDGE_CURVE ( 'NONE', #460, #1304, #1456, .T. ) ;
#947 = DIRECTION ( 'NONE',  ( -1.000000000000000000, 0.0000000000000000000, 3.872150616019662200E-015 ) ) ;
#948 = DIRECTION ( 'NONE',  ( 0.0000000000000000000, 1.000000000000000000, 0.0000000000000000000 ) ) ;
#949 = CARTESIAN_POINT ( 'NONE',  ( -0.08499999999999965900, 0.1000000000000000100, 0.1000000000000003000 ) ) ;
#950 = ORIENTED_EDGE ( 'NONE', *, *, #1054, .T. ) ;
#951 = AXIS2_PLACEMENT_3D ( 'NONE', #1674, #908, #316 ) ;
#952 = DIRECTION ( 'NONE',  ( -1.000000000000000000, 0.0000000000000000000, 3.491481338843133400E-015 ) ) ;
#953 = ORIENTED_EDGE ( 'NONE', *, *, #122, .F. ) ;
#954 = ORIENTED_EDGE ( 'NONE', *, *, #1779, .T. ) ;
#955 = VERTEX_POINT ( 'NONE', #1328 ) ;
#956 =( NAMED_UNIT ( * ) PLANE_ANGLE_UNIT ( ) SI_UNIT ( $, .RADIAN. ) );
#957 = ORIENTED_EDGE ( 'NONE', *, *, #285, .F. ) ;
#958 = CYLINDRICAL_SURFACE ( 'NONE', #378, 0.03499999999999998300 ) ;
#959 = CARTESIAN_POINT ( 'NONE',  ( 0.2650000000000009000, 0.0000000000000000000, 0.2499999999999989200 ) ) ;
#960 = EDGE_CURVE ( 'NONE', #1467, #1924, #1276, .T. ) ;
#961 = APPLICATION_PROTOCOL_DEFINITION ( 'draft international standard', 'automotive_design', 1998, #56 ) ;
#962 = CARTESIAN_POINT ( 'NONE',  ( -0.04999999999999930900, 0.0000000000000000000, 0.2150000000000001600 ) ) ;
#963 = ADVANCED_FACE ( 'NONE', ( #740 ), #1961, .F. ) ;
#964 = EDGE_CURVE ( 'NONE', #1498, #1773, #870, .T. ) ;
#965 = PRESENTATION_STYLE_ASSIGNMENT (( #398 ) ) ;
#966 = FACE_OUTER_BOUND ( 'NONE', #1143, .T. ) ;
#967 = CARTESIAN_POINT ( 'NONE',  ( -0.2650000000000004600, 0.1000000000000000100, -0.1349999999999990900 ) ) ;
#968 = DIRECTION ( 'NONE',  ( 1.000000000000000000, 0.0000000000000000000, -3.872150616019654300E-015 ) ) ;
#969 = VECTOR ( 'NONE', #1198, 1000.000000000000000 ) ;
#970 = DIRECTION ( 'NONE',  ( 0.0000000000000000000, -1.000000000000000000, 0.0000000000000000000 ) ) ;
#971 = ADVANCED_FACE ( 'NONE', ( #22 ), #1539, .F. ) ;
#972 = ORIENTED_EDGE ( 'NONE', *, *, #1391, .F. ) ;
#973 = CLOSED_SHELL ( 'NONE', ( #670, #1848, #1865, #1034, #1048, #452, #1651, #782, #1794, #1806 ) ) ;
#974 = EDGE_CURVE ( 'NONE', #189, #1861, #1155, .T. ) ;
#975 = EDGE_LOOP ( 'NONE', ( #753, #725, #723, #1640 ) ) ;
#976 = ORIENTED_EDGE ( 'NONE', *, *, #1495, .F. ) ;
#977 = AXIS2_PLACEMENT_3D ( 'NONE', #967, #829, #206 ) ;
#978 = PLANE ( 'NONE',  #1745 ) ;
#979 = ORIENTED_EDGE ( 'NONE', *, *, #226, .T. ) ;
#980 = VECTOR ( 'NONE', #485, 1000.000000000000000 ) ;
#981 = LINE ( 'NONE', #831, #806 ) ;
#982 = CIRCLE ( 'NONE', #552, 0.03499999999999992700 ) ;
#983 = EDGE_CURVE ( 'NONE', #1347, #1856, #382, .T. ) ;
#984 = AXIS2_PLACEMENT_3D ( 'NONE', #1469, #1624, #1336 ) ;
#985 = CARTESIAN_POINT ( 'NONE',  ( -0.05000000000000080100, 0.0000000000000000000, -0.2149999999999998300 ) ) ;
#986 = VECTOR ( 'NONE', #1521, 1000.000000000000000 ) ;
#987 = ORIENTED_EDGE ( 'NONE', *, *, #770, .T. ) ;
#988 = ORIENTED_EDGE ( 'NONE', *, *, #743, .F. ) ;
#989 = CARTESIAN_POINT ( 'NONE',  ( -0.08499999999999965900, 0.1000000000000000100, 0.1000000000000003000 ) ) ;
#990 = ORIENTED_EDGE ( 'NONE', *, *, #408, .F. ) ;
#991 = DIRECTION ( 'NONE',  ( 1.000000000000000000, 0.0000000000000000000, -3.872150616019659800E-015 ) ) ;
#992 = EDGE_LOOP ( 'NONE', ( #220, #724, #1065, #242 ) ) ;
#993 = ORIENTED_EDGE ( 'NONE', *, *, #1017, .T. ) ;
#994 = PLANE ( 'NONE',  #1719 ) ;
#995 = AXIS2_PLACEMENT_3D ( 'NONE', #1509, #1641, #1505 ) ;
#996 = EDGE_LOOP ( 'NONE', ( #1949, #819, #1018, #1761 ) ) ;
#997 = ORIENTED_EDGE ( 'NONE', *, *, #261, .T. ) ;
#998 = AXIS2_PLACEMENT_3D ( 'NONE', #1425, #1748, #1293 ) ;
#999 = DIRECTION ( 'NONE',  ( -1.000000000000000000, 0.0000000000000000000, 3.872150616019666900E-015 ) ) ;
#1000 = VECTOR ( 'NONE', #1573, 1000.000000000000000 ) ;
#1001 = DIRECTION ( 'NONE',  ( -1.000000000000000000, 0.0000000000000000000, 3.491481338843133400E-015 ) ) ;
#1002 = FACE_OUTER_BOUND ( 'NONE', #1098, .T. ) ;
#1003 = DIRECTION ( 'NONE',  ( -1.000000000000000000, 0.0000000000000000000, 3.491481338843133700E-015 ) ) ;
#1004 = EDGE_CURVE ( 'NONE', #553, #884, #1224, .T. ) ;
#1005 = CARTESIAN_POINT ( 'NONE',  ( 0.3000000000000008200, 0.1000000000000000100, 0.2149999999999987800 ) ) ;
#1006 = LINE ( 'NONE', #304, #613 ) ;
#1007 = FACE_OUTER_BOUND ( 'NONE', #1429, .T. ) ;
#1008 = CARTESIAN_POINT ( 'NONE',  ( 0.1850000000000007500, 0.1000000000000000100, 0.2149999999999991900 ) ) ;
#1009 = ORIENTED_EDGE ( 'NONE', *, *, #1316, .T. ) ;
#1010 = CARTESIAN_POINT ( 'NONE',  ( -0.2999999999999994900, 0.1000000000000000100, 0.1350000000000010600 ) ) ;
#1011 = ORIENTED_EDGE ( 'NONE', *, *, #620, .T. ) ;
#1012 = CARTESIAN_POINT ( 'NONE',  ( -0.08499999999999927100, -0.0000000000000000000, 0.2150000000000003000 ) ) ;
#1013 = VERTEX_POINT ( 'NONE', #763 ) ;
#1014 = CARTESIAN_POINT ( 'NONE',  ( -0.2649999999999992400, 0.1000000000000000100, 0.2150000000000009100 ) ) ;
#1015 = ORIENTED_EDGE ( 'NONE', *, *, #1478, .F. ) ;
#1016 = ORIENTED_EDGE ( 'NONE', *, *, #775, .T. ) ;
#1017 = EDGE_CURVE ( 'NONE', #1399, #1907, #1842, .T. ) ;
#1018 = ORIENTED_EDGE ( 'NONE', *, *, #620, .F. ) ;
#1019 = UNCERTAINTY_MEASURE_WITH_UNIT (LENGTH_MEASURE( 1.000000000000000100E-005 ), #1435, 'distance_accuracy_value', 'NONE');
#1020 = CARTESIAN_POINT ( 'NONE',  ( -0.2649999999999995100, -0.0000000000000000000, 0.1350000000000009200 ) ) ;
#1021 = ORIENTED_EDGE ( 'NONE', *, *, #1906, .T. ) ;
#1022 = CIRCLE ( 'NONE', #562, 0.03499999999999996900 ) ;
#1023 = DIRECTION ( 'NONE',  ( 0.0000000000000000000, 1.000000000000000000, 0.0000000000000000000 ) ) ;
#1024 = ADVANCED_FACE ( 'NONE', ( #1437 ), #890, .F. ) ;
#1025 = FACE_OUTER_BOUND ( 'NONE', #144, .T. ) ;
#1026 = EDGE_CURVE ( 'NONE', #138, #1712, #1751, .T. ) ;
#1027 = DIRECTION ( 'NONE',  ( 3.830294517744853500E-015, 0.0000000000000000000, 1.000000000000000000 ) ) ;
#1028 = LINE ( 'NONE', #989, #814 ) ;
#1029 = EDGE_CURVE ( 'NONE', #896, #308, #644, .T. ) ;
#1030 = COLOUR_RGB ( '',0.9686274509803921600, 0.8784313725490196000, 0.5999999999999999800 ) ;
#1031 =( GEOMETRIC_REPRESENTATION_CONTEXT ( 3 ) GLOBAL_UNCERTAINTY_ASSIGNED_CONTEXT ( ( #1327 ) ) GLOBAL_UNIT_ASSIGNED_CONTEXT ( ( #31, #1387, #943 ) ) REPRESENTATION_CONTEXT ( 'NONE', 'WORKASPACE' ) );
#1032 = DIRECTION ( 'NONE',  ( 0.0000000000000000000, 1.000000000000000000, 0.0000000000000000000 ) ) ;
#1033 = ORIENTED_EDGE ( 'NONE', *, *, #700, .T. ) ;
#1034 = ADVANCED_FACE ( 'NONE', ( #1025 ), #591, .F. ) ;
#1035 = ORIENTED_EDGE ( 'NONE', *, *, #1283, .F. ) ;
#1036 = DIRECTION ( 'NONE',  ( 1.000000000000000000, 0.0000000000000000000, -3.491481338843133400E-015 ) ) ;
#1037 = ORIENTED_EDGE ( 'NONE', *, *, #76, .T. ) ;
#1038 = ORIENTED_EDGE ( 'NONE', *, *, #199, .T. ) ;
#1039 = PLANE ( 'NONE',  #1090 ) ;
#1040 = ORIENTED_EDGE ( 'NONE', *, *, #1391, .T. ) ;
#1041 = ORIENTED_EDGE ( 'NONE', *, *, #733, .F. ) ;
#1042 = EDGE_CURVE ( 'NONE', #395, #703, #584, .T. ) ;
#1043 = EDGE_LOOP ( 'NONE', ( #340, #1471, #953, #1118 ) ) ;
#1044 = CARTESIAN_POINT ( 'NONE',  ( 0.2999999999999993800, 0.0000000000000000000, -0.2150000000000012200 ) ) ;
#1045 = CARTESIAN_POINT ( 'NONE',  ( -0.3000000000000004900, 0.0000000000000000000, -0.1349999999999989500 ) ) ;
#1046 = LINE ( 'NONE', #1193, #1506 ) ;
#1047 = AXIS2_PLACEMENT_3D ( 'NONE', #1519, #5, #469 ) ;
#1048 = ADVANCED_FACE ( 'NONE', ( #130 ), #48, .T. ) ;
#1049 = PLANE ( 'NONE',  #1076 ) ;
#1050 = CARTESIAN_POINT ( 'NONE',  ( -0.04999999999999955200, 0.0000000000000000000, 0.1350000000000001800 ) ) ;
#1051 = DIRECTION ( 'NONE',  ( 0.0000000000000000000, -1.000000000000000000, -0.0000000000000000000 ) ) ;
#1052 = CARTESIAN_POINT ( 'NONE',  ( -0.3000000000000004900, 0.1000000000000000100, -0.1349999999999989500 ) ) ;
#1053 = CARTESIAN_POINT ( 'NONE',  ( 0.1499999999999992500, 0.0000000000000000000, -0.2150000000000006600 ) ) ;
#1054 = EDGE_CURVE ( 'NONE', #11, #1907, #86, .T. ) ;
#1055 = FACE_OUTER_BOUND ( 'NONE', #1883, .T. ) ;
#1056 = DIRECTION ( 'NONE',  ( 1.000000000000000000, 0.0000000000000000000, -3.872150616019662200E-015 ) ) ;
#1057 = CARTESIAN_POINT ( 'NONE',  ( 0.2999999999999993200, 0.0000000000000000000, -0.2150000000000012200 ) ) ;
#1058 = ADVANCED_FACE ( 'NONE', ( #937 ), #1819, .F. ) ;
#1059 = FACE_OUTER_BOUND ( 'NONE', #820, .T. ) ;
#1060 = AXIS2_PLACEMENT_3D ( 'NONE', #1646, #1206, #772 ) ;
#1061 = VERTEX_POINT ( 'NONE', #153 ) ;
#1062 = ORIENTED_EDGE ( 'NONE', *, *, #160, .T. ) ;
#1063 = CARTESIAN_POINT ( 'NONE',  ( 0.1850000000000008600, 0.0000000000000000000, 0.2499999999999992000 ) ) ;
#1064 = ORIENTED_EDGE ( 'NONE', *, *, #873, .F. ) ;
#1065 = ORIENTED_EDGE ( 'NONE', *, *, #1, .F. ) ;
#1066 = VERTEX_POINT ( 'NONE', #622 ) ;
#1067 = ORIENTED_EDGE ( 'NONE', *, *, #1042, .T. ) ;
#1068 = DIRECTION ( 'NONE',  ( -1.000000000000000000, 0.0000000000000000000, 3.491481338843133400E-015 ) ) ;
#1069 = EDGE_CURVE ( 'NONE', #164, #1066, #671, .T. ) ;
#1070 = ORIENTED_EDGE ( 'NONE', *, *, #96, .F. ) ;
#1071 = PLANE ( 'NONE',  #1411 ) ;
#1072 = CARTESIAN_POINT ( 'NONE',  ( 0.1849999999999993000, 0.0000000000000000000, -0.2150000000000008000 ) ) ;
#1073 = EDGE_CURVE ( 'NONE', #1831, #1663, #271, .T. ) ;
#1074 = DIRECTION ( 'NONE',  ( 0.0000000000000000000, -1.000000000000000000, -0.0000000000000000000 ) ) ;
#1075 = DIRECTION ( 'NONE',  ( 0.0000000000000000000, -1.000000000000000000, 0.0000000000000000000 ) ) ;
#1076 = AXIS2_PLACEMENT_3D ( 'NONE', #1512, #1659, #604 ) ;
#1077 = VECTOR ( 'NONE', #1564, 1000.000000000000000 ) ;
#1078 = DIRECTION ( 'NONE',  ( 3.672181700924050500E-015, 0.0000000000000000000, 1.000000000000000000 ) ) ;
#1079 = CARTESIAN_POINT ( 'NONE',  ( -0.08500000000000088000, 0.1000000000000000100, -0.2499999999999996700 ) ) ;
#1080 = CYLINDRICAL_SURFACE ( 'NONE', #692, 0.03499999999999998900 ) ;
#1081 = VECTOR ( 'NONE', #1502, 1000.000000000000000 ) ;
#1082 = CARTESIAN_POINT ( 'NONE',  ( -0.3000000000000004900, 0.1000000000000000100, -0.1349999999999989500 ) ) ;
#1083 = CARTESIAN_POINT ( 'NONE',  ( -0.3000000000000004900, 0.0000000000000000000, -0.1349999999999989500 ) ) ;
#1084 = CYLINDRICAL_SURFACE ( 'NONE', #1060, 0.03499999999999999600 ) ;
#1085 = EDGE_CURVE ( 'NONE', #822, #1347, #1480, .T. ) ;
#1086 = DIRECTION ( 'NONE',  ( 3.830294517744853500E-015, 0.0000000000000000000, 1.000000000000000000 ) ) ;
#1087 = CARTESIAN_POINT ( 'NONE',  ( -0.2649999999999991300, 0.0000000000000000000, 0.2500000000000008900 ) ) ;
#1088 = LINE ( 'NONE', #241, #1847 ) ;
#1089 = ORIENTED_EDGE ( 'NONE', *, *, #1589, .F. ) ;
#1090 = AXIS2_PLACEMENT_3D ( 'NONE', #264, #117, #1940 ) ;
#1091 = CARTESIAN_POINT ( 'NONE',  ( 0.1500000000000007400, 0.0000000000000000000, 0.2149999999999993300 ) ) ;
#1092 = DIRECTION ( 'NONE',  ( 0.0000000000000000000, 1.000000000000000000, 0.0000000000000000000 ) ) ;
#1093 = ORIENTED_EDGE ( 'NONE', *, *, #28, .T. ) ;
#1094 = ORIENTED_EDGE ( 'NONE', *, *, #435, .T. ) ;
#1095 = ORIENTED_EDGE ( 'NONE', *, *, #1, .T. ) ;
#1096 = CARTESIAN_POINT ( 'NONE',  ( -0.04999999999999953800, -0.0000000000000000000, 0.1350000000000001800 ) ) ;
#1097 = ORIENTED_EDGE ( 'NONE', *, *, #516, .T. ) ;
#1098 = EDGE_LOOP ( 'NONE', ( #185, #921, #1616, #303 ) ) ;
#1099 = PLANE ( 'NONE',  #1556 ) ;
#1100 = EDGE_CURVE ( 'NONE', #822, #662, #422, .T. ) ;
#1101 = CARTESIAN_POINT ( 'NONE',  ( -0.08499999999999965900, 0.0000000000000000000, 0.1000000000000003100 ) ) ;
#1102 = DIRECTION ( 'NONE',  ( 0.0000000000000000000, -1.000000000000000000, 0.0000000000000000000 ) ) ;
#1103 = DIRECTION ( 'NONE',  ( 1.000000000000000000, 0.0000000000000000000, -3.792648608977996000E-015 ) ) ;
#1104 = CARTESIAN_POINT ( 'NONE',  ( -0.2649999999999991300, 0.1000000000000000100, 0.2500000000000008900 ) ) ;
#1105 = AXIS2_PLACEMENT_3D ( 'NONE', #1571, #1092, #1567 ) ;
#1106 = DIRECTION ( 'NONE',  ( 1.000000000000000000, 0.0000000000000000000, -3.491481338843133700E-015 ) ) ;
#1107 = APPLICATION_CONTEXT ( 'automotive_design' ) ;
#1108 = LINE ( 'NONE', #1052, #158 ) ;
#1109 = PRESENTATION_STYLE_ASSIGNMENT (( #278 ) ) ;
#1110 = ADVANCED_FACE ( 'NONE', ( #639 ), #641, .F. ) ;
#1111 = CARTESIAN_POINT ( 'NONE',  ( -0.04999999999999930900, 0.0000000000000000000, 0.2150000000000001600 ) ) ;
#1112 = ORIENTED_EDGE ( 'NONE', *, *, #1586, .F. ) ;
#1113 = EDGE_CURVE ( 'NONE', #118, #710, #1134, .T. ) ;
#1114 = CARTESIAN_POINT ( 'NONE',  ( 0.2649999999999993500, 0.1000000000000000100, -0.2150000000000010800 ) ) ;
#1115 = ORIENTED_EDGE ( 'NONE', *, *, #539, .F. ) ;
#1116 = PLANE ( 'NONE',  #1258 ) ;
#1117 = VERTEX_POINT ( 'NONE', #326 ) ;
#1118 = ORIENTED_EDGE ( 'NONE', *, *, #833, .T. ) ;
#1119 = CARTESIAN_POINT ( 'NONE',  ( -0.08499999999999914600, 0.1000000000000000100, 0.2500000000000002200 ) ) ;
#1120 = ORIENTED_EDGE ( 'NONE', *, *, #719, .F. ) ;
#1121 = VERTEX_POINT ( 'NONE', #50 ) ;
#1122 = CARTESIAN_POINT ( 'NONE',  ( -0.04999999999999955200, 0.1000000000000000100, 0.1350000000000001800 ) ) ;
#1123 = CARTESIAN_POINT ( 'NONE',  ( 0.3450000000000010800, 0.3499999999999999800, 0.2999999999999987100 ) ) ;
#1124 = DIRECTION ( 'NONE',  ( -3.365411318786679200E-015, 0.0000000000000000000, -1.000000000000000000 ) ) ;
#1125 = EDGE_LOOP ( 'NONE', ( #800, #727, #1780, #1499 ) ) ;
#1126 = ADVANCED_FACE ( 'NONE', ( #909 ), #1388, .T. ) ;
#1127 = VECTOR ( 'NONE', #493, 1000.000000000000000 ) ;
#1128 = LINE ( 'NONE', #1253, #1834 ) ;
#1129 = CARTESIAN_POINT ( 'NONE',  ( 0.0000000000000000000, 0.3499999999999999800, 0.0000000000000000000 ) ) ;
#1130 = EDGE_CURVE ( 'NONE', #405, #553, #1749, .T. ) ;
#1131 = LINE ( 'NONE', #1534, #1315 ) ;
#1132 = APPLICATION_PROTOCOL_DEFINITION ( 'draft international standard', 'automotive_design', 1998, #1107 ) ;
#1133 = EDGE_CURVE ( 'NONE', #1013, #286, #1249, .T. ) ;
#1134 = CIRCLE ( 'NONE', #492, 0.03500000000000001000 ) ;
#1135 =( NAMED_UNIT ( * ) PLANE_ANGLE_UNIT ( ) SI_UNIT ( $, .RADIAN. ) );
#1136 = COLOUR_RGB ( '',0.7921568627450980000, 0.8196078431372548800, 0.9333333333333333500 ) ;
#1137 = CARTESIAN_POINT ( 'NONE',  ( -0.04999999999999928800, 0.1000000000000000100, 0.2150000000000001600 ) ) ;
#1138 = LINE ( 'NONE', #569, #893 ) ;
#1139 = VECTOR ( 'NONE', #1863, 1000.000000000000000 ) ;
#1140 = VERTEX_POINT ( 'NONE', #1701 ) ;
#1141 = EDGE_CURVE ( 'NONE', #590, #721, #982, .T. ) ;
#1142 = ORIENTED_EDGE ( 'NONE', *, *, #1475, .F. ) ;
#1143 = EDGE_LOOP ( 'NONE', ( #1945, #745, #137, #1742 ) ) ;
#1144 = EDGE_CURVE ( 'NONE', #769, #461, #19, .T. ) ;
#1145 = ORIENTED_EDGE ( 'NONE', *, *, #1730, .T. ) ;
#1146 = ORIENTED_EDGE ( 'NONE', *, *, #676, .F. ) ;
#1147 = AXIS2_PLACEMENT_3D ( 'NONE', #1713, #1309, #626 ) ;
#1148 = CARTESIAN_POINT ( 'NONE',  ( 0.3449999999999989200, 0.3499999999999999800, -0.3000000000000012100 ) ) ;
#1149 = ORIENTED_EDGE ( 'NONE', *, *, #607, .T. ) ;
#1150 = EDGE_LOOP ( 'NONE', ( #33, #976, #513, #1653 ) ) ;
#1151 = FILL_AREA_STYLE_COLOUR ( '', #674 ) ;
#1152 = DIRECTION ( 'NONE',  ( -3.672181700924050500E-015, 0.0000000000000000000, -1.000000000000000000 ) ) ;
#1153 = EDGE_CURVE ( 'NONE', #1591, #536, #470, .T. ) ;
#1154 = VECTOR ( 'NONE', #938, 1000.000000000000000 ) ;
#1155 = LINE ( 'NONE', #735, #1178 ) ;
#1156 = CARTESIAN_POINT ( 'NONE',  ( 0.1849999999999991900, 0.0000000000000000000, -0.2500000000000008900 ) ) ;
#1157 = CARTESIAN_POINT ( 'NONE',  ( -0.08500000000000035300, 0.0000000000000000000, -0.09999999999999970000 ) ) ;
#1158 = LINE ( 'NONE', #162, #1514 ) ;
#1159 = ORIENTED_EDGE ( 'NONE', *, *, #1887, .T. ) ;
#1160 = VERTEX_POINT ( 'NONE', #1420 ) ;
#1161 = ORIENTED_EDGE ( 'NONE', *, *, #1267, .T. ) ;
#1162 = EDGE_CURVE ( 'NONE', #1140, #512, #105, .T. ) ;
#1163 = ORIENTED_EDGE ( 'NONE', *, *, #257, .F. ) ;
#1164 = VERTEX_POINT ( 'NONE', #1577 ) ;
#1165 = DIRECTION ( 'NONE',  ( 0.0000000000000000000, -1.000000000000000000, 0.0000000000000000000 ) ) ;
#1166 = AXIS2_PLACEMENT_3D ( 'NONE', #174, #179, #337 ) ;
#1167 = DIRECTION ( 'NONE',  ( -1.000000000000000000, 0.0000000000000000000, 3.872150616019659000E-015 ) ) ;
#1168 = ORIENTED_EDGE ( 'NONE', *, *, #1699, .T. ) ;
#1169 = CARTESIAN_POINT ( 'NONE',  ( -0.2649999999999992400, 0.1000000000000000100, 0.2150000000000009100 ) ) ;
#1170 = LINE ( 'NONE', #1373, #1244 ) ;
#1171 = DIRECTION ( 'NONE',  ( -3.491481338843133400E-015, 0.0000000000000000000, -1.000000000000000000 ) ) ;
#1172 = EDGE_CURVE ( 'NONE', #1160, #884, #1584, .T. ) ;
#1173 = CARTESIAN_POINT ( 'NONE',  ( -0.2649999999999991300, 0.1000000000000000100, 0.2500000000000009400 ) ) ;
#1174 = VECTOR ( 'NONE', #1433, 1000.000000000000000 ) ;
#1175 = EDGE_CURVE ( 'NONE', #1121, #624, #205, .T. ) ;
#1176 = PLANE ( 'NONE',  #1754 ) ;
#1177 = LINE ( 'NONE', #166, #1704 ) ;
#1178 = VECTOR ( 'NONE', #1933, 1000.000000000000000 ) ;
#1179 = MECHANICAL_DESIGN_GEOMETRIC_PRESENTATION_REPRESENTATION (  '', ( #478 ), #152 ) ;
#1180 = VECTOR ( 'NONE', #1935, 1000.000000000000000 ) ;
#1181 = DIRECTION ( 'NONE',  ( -3.365411318786679200E-015, 0.0000000000000000000, -1.000000000000000000 ) ) ;
#1182 = ORIENTED_EDGE ( 'NONE', *, *, #638, .T. ) ;
#1183 = ORIENTED_EDGE ( 'NONE', *, *, #122, .T. ) ;
#1184 = CARTESIAN_POINT ( 'NONE',  ( -0.2649999999999996800, -0.0000000000000000000, 0.1000000000000009100 ) ) ;
#1185 = ORIENTED_EDGE ( 'NONE', *, *, #861, .F. ) ;
#1186 = EDGE_CURVE ( 'NONE', #1407, #1861, #544, .T. ) ;
#1187 = CARTESIAN_POINT ( 'NONE',  ( -0.3000000000000004900, 0.1000000000000000100, -0.1349999999999989500 ) ) ;
#1188 = VECTOR ( 'NONE', #669, 1000.000000000000000 ) ;
#1189 = DIRECTION ( 'NONE',  ( 3.152668159941413200E-015, 0.0000000000000000000, 1.000000000000000000 ) ) ;
#1190 = DIRECTION ( 'NONE',  ( -0.0000000000000000000, -1.000000000000000000, 0.0000000000000000000 ) ) ;
#1191 = CIRCLE ( 'NONE', #1592, 0.03499999999999997600 ) ;
#1192 = DIRECTION ( 'NONE',  ( 0.0000000000000000000, -1.000000000000000000, -0.0000000000000000000 ) ) ;
#1193 = CARTESIAN_POINT ( 'NONE',  ( -0.08500000000000035300, 0.1000000000000000100, -0.09999999999999970000 ) ) ;
#1194 = DIRECTION ( 'NONE',  ( -3.416189521309417700E-015, 0.0000000000000000000, -1.000000000000000000 ) ) ;
#1195 = VECTOR ( 'NONE', #517, 1000.000000000000000 ) ;
#1196 = VECTOR ( 'NONE', #425, 1000.000000000000000 ) ;
#1197 = CARTESIAN_POINT ( 'NONE',  ( -0.08500000000000088000, 0.1000000000000000100, -0.2499999999999996700 ) ) ;
#1198 = DIRECTION ( 'NONE',  ( 0.0000000000000000000, -1.000000000000000000, 0.0000000000000000000 ) ) ;
#1199 = ADVANCED_FACE ( 'NONE', ( #891 ), #1800, .T. ) ;
#1200 = EDGE_CURVE ( 'NONE', #1555, #1650, #1535, .T. ) ;
#1201 = CARTESIAN_POINT ( 'NONE',  ( 0.1850000000000008600, 0.1000000000000000100, 0.2499999999999992000 ) ) ;
#1202 = CYLINDRICAL_SURFACE ( 'NONE', #1220, 0.03499999999999996900 ) ;
#1203 = CARTESIAN_POINT ( 'NONE',  ( -0.2649999999999996800, 0.1000000000000000100, 0.1000000000000009100 ) ) ;
#1204 = LINE ( 'NONE', #418, #839 ) ;
#1205 = AXIS2_PLACEMENT_3D ( 'NONE', #1582, #1947, #548 ) ;
#1206 = DIRECTION ( 'NONE',  ( 0.0000000000000000000, -1.000000000000000000, 0.0000000000000000000 ) ) ;
#1207 = ORIENTED_EDGE ( 'NONE', *, *, #67, .T. ) ;
#1208 = ORIENTED_EDGE ( 'NONE', *, *, #1004, .F. ) ;
#1209 = CARTESIAN_POINT ( 'NONE',  ( -0.2649999999999992400, 0.1000000000000000100, 0.2150000000000009100 ) ) ;
#1210 = CARTESIAN_POINT ( 'NONE',  ( 0.3449999999999989200, 0.3499999999999999800, -0.3000000000000012100 ) ) ;
#1211 = ORIENTED_EDGE ( 'NONE', *, *, #1153, .T. ) ;
#1212 = ORIENTED_EDGE ( 'NONE', *, *, #211, .F. ) ;
#1213 = VERTEX_POINT ( 'NONE', #1289 ) ;
#1214 = CARTESIAN_POINT ( 'NONE',  ( -0.3450000000000010800, 0.0000000000000000000, -0.2999999999999988200 ) ) ;
#1215 = EDGE_CURVE ( 'NONE', #1831, #827, #1813, .T. ) ;
#1216 = VERTEX_POINT ( 'NONE', #1622 ) ;
#1217 = CARTESIAN_POINT ( 'NONE',  ( -0.2999999999999991600, 0.1000000000000000100, 0.2150000000000010500 ) ) ;
#1218 = DIRECTION ( 'NONE',  ( 0.0000000000000000000, -1.000000000000000000, -0.0000000000000000000 ) ) ;
#1219 = FACE_OUTER_BOUND ( 'NONE', #570, .T. ) ;
#1220 = AXIS2_PLACEMENT_3D ( 'NONE', #17, #168, #475 ) ;
#1221 = CARTESIAN_POINT ( 'NONE',  ( -0.2649999999999996800, 0.1000000000000000100, 0.1000000000000009100 ) ) ;
#1222 =( NAMED_UNIT ( * ) PLANE_ANGLE_UNIT ( ) SI_UNIT ( $, .RADIAN. ) );
#1223 = PLANE ( 'NONE',  #187 ) ;
#1224 = LINE ( 'NONE', #585, #762 ) ;
#1225 = EDGE_CURVE ( 'NONE', #721, #434, #737, .T. ) ;
#1226 = CARTESIAN_POINT ( 'NONE',  ( -0.2649999999999996800, 0.0000000000000000000, 0.1000000000000009200 ) ) ;
#1227 = FACE_OUTER_BOUND ( 'NONE', #263, .T. ) ;
#1228 = DIRECTION ( 'NONE',  ( 0.0000000000000000000, 1.000000000000000000, 0.0000000000000000000 ) ) ;
#1229 = CARTESIAN_POINT ( 'NONE',  ( 0.2999999999999993200, 0.1000000000000000100, -0.2150000000000012200 ) ) ;
#1230 = LINE ( 'NONE', #910, #1681 ) ;
#1231 = CARTESIAN_POINT ( 'NONE',  ( 0.1499999999999992700, 0.1000000000000000100, -0.2150000000000006600 ) ) ;
#1232 = DIRECTION ( 'NONE',  ( -1.000000000000000000, 0.0000000000000000000, 3.872150616019654300E-015 ) ) ;
#1233 = VERTEX_POINT ( 'NONE', #255 ) ;
#1234 = ADVANCED_FACE ( 'NONE', ( #155 ), #1788, .F. ) ;
#1235 = ORIENTED_EDGE ( 'NONE', *, *, #1668, .F. ) ;
#1236 = DIRECTION ( 'NONE',  ( -0.0000000000000000000, -1.000000000000000000, 0.0000000000000000000 ) ) ;
#1237 = CARTESIAN_POINT ( 'NONE',  ( -0.08499999999999953400, -0.0000000000000000000, 0.1350000000000002900 ) ) ;
#1238 = VERTEX_POINT ( 'NONE', #1481 ) ;
#1239 = CARTESIAN_POINT ( 'NONE',  ( 0.2999999999999993200, 0.1000000000000000100, -0.2150000000000012200 ) ) ;
#1240 = ORIENTED_EDGE ( 'NONE', *, *, #1073, .T. ) ;
#1241 = VERTEX_POINT ( 'NONE', #1318 ) ;
#1242 = CARTESIAN_POINT ( 'NONE',  ( -0.05000000000000048200, 0.0000000000000000000, -0.1349999999999998400 ) ) ;
#1243 = DIRECTION ( 'NONE',  ( -1.000000000000000000, 0.0000000000000000000, 3.872150616019659000E-015 ) ) ;
#1244 = VECTOR ( 'NONE', #468, 1000.000000000000000 ) ;
#1245 = ADVANCED_FACE ( 'NONE', ( #1414 ), #1039, .F. ) ;
#1246 = AXIS2_PLACEMENT_3D ( 'NONE', #207, #1877, #968 ) ;
#1247 = LINE ( 'NONE', #1273, #1909 ) ;
#1248 = PLANE ( 'NONE',  #906 ) ;
#1249 = LINE ( 'NONE', #21, #1625 ) ;
#1250 = SURFACE_STYLE_FILL_AREA ( #357 ) ;
#1251 = FACE_OUTER_BOUND ( 'NONE', #1721, .T. ) ;
#1252 = ADVANCED_FACE ( 'NONE', ( #1729 ), #1673, .F. ) ;
#1253 = CARTESIAN_POINT ( 'NONE',  ( -0.2999999999999994900, 0.1000000000000000100, 0.1350000000000010600 ) ) ;
#1254 = CIRCLE ( 'NONE', #1270, 0.03499999999999998300 ) ;
#1255 = EDGE_CURVE ( 'NONE', #856, #405, #1362, .T. ) ;
#1256 = LINE ( 'NONE', #1303, #1180 ) ;
#1257 = ORIENTED_EDGE ( 'NONE', *, *, #435, .F. ) ;
#1258 = AXIS2_PLACEMENT_3D ( 'NONE', #959, #685, #952 ) ;
#1259 = CARTESIAN_POINT ( 'NONE',  ( -0.2999999999999991600, 0.0000000000000000000, 0.2150000000000010500 ) ) ;
#1260 = VERTEX_POINT ( 'NONE', #780 ) ;
#1261 = ORIENTED_EDGE ( 'NONE', *, *, #1524, .T. ) ;
#1262 = ADVANCED_FACE ( 'NONE', ( #1766, #563, #1533, #1002 ), #925, .F. ) ;
#1263 = VERTEX_POINT ( 'NONE', #618 ) ;
#1264 = DIRECTION ( 'NONE',  ( 0.0000000000000000000, -1.000000000000000000, 0.0000000000000000000 ) ) ;
#1265 = CARTESIAN_POINT ( 'NONE',  ( -0.08499999999999913200, 0.1000000000000000100, 0.2500000000000002200 ) ) ;
#1266 = ORIENTED_EDGE ( 'NONE', *, *, #946, .F. ) ;
#1267 = EDGE_CURVE ( 'NONE', #1498, #1650, #1131, .T. ) ;
#1268 = PLANE ( 'NONE',  #312 ) ;
#1269 = FACE_OUTER_BOUND ( 'NONE', #372, .T. ) ;
#1270 = AXIS2_PLACEMENT_3D ( 'NONE', #1020, #250, #269 ) ;
#1271 = CARTESIAN_POINT ( 'NONE',  ( -0.04999999999999953800, 0.1000000000000000100, 0.1350000000000001800 ) ) ;
#1272 = ADVANCED_FACE ( 'NONE', ( #501 ), #1223, .F. ) ;
#1273 = CARTESIAN_POINT ( 'NONE',  ( -0.2999999999999994900, 0.1000000000000000100, 0.1350000000000010600 ) ) ;
#1274 = DIRECTION ( 'NONE',  ( 3.660887928293993400E-015, 0.0000000000000000000, 1.000000000000000000 ) ) ;
#1275 = LINE ( 'NONE', #380, #424 ) ;
#1276 = LINE ( 'NONE', #1772, #1196 ) ;
#1277 = DIRECTION ( 'NONE',  ( -1.000000000000000000, 0.0000000000000000000, 3.872150616019654300E-015 ) ) ;
#1278 = PLANE ( 'NONE',  #1635 ) ;
#1279 = LINE ( 'NONE', #1221, #677 ) ;
#1280 = LINE ( 'NONE', #1057, #385 ) ;
#1281 = CARTESIAN_POINT ( 'NONE',  ( 0.1850000000000008600, 0.1000000000000000100, 0.2499999999999992000 ) ) ;
#1282 = ORIENTED_EDGE ( 'NONE', *, *, #328, .F. ) ;
#1283 = EDGE_CURVE ( 'NONE', #1164, #118, #248, .T. ) ;
#1284 = ADVANCED_FACE ( 'NONE', ( #444 ), #1049, .F. ) ;
#1285 = ORIENTED_EDGE ( 'NONE', *, *, #1162, .T. ) ;
#1286 = VERTEX_POINT ( 'NONE', #456 ) ;
#1287 = CARTESIAN_POINT ( 'NONE',  ( -0.08500000000000047800, 0.0000000000000000000, -0.1349999999999997000 ) ) ;
#1288 = VERTEX_POINT ( 'NONE', #1242 ) ;
#1289 = CARTESIAN_POINT ( 'NONE',  ( -0.2999999999999991600, 0.0000000000000000000, 0.2150000000000010500 ) ) ;
#1290 = LINE ( 'NONE', #1698, #1127 ) ;
#1291 = CARTESIAN_POINT ( 'NONE',  ( -0.08499999999999953400, 0.0000000000000000000, 0.1350000000000002900 ) ) ;
#1292 = LINE ( 'NONE', #89, #419 ) ;
#1293 = DIRECTION ( 'NONE',  ( 1.000000000000000000, 0.0000000000000000000, -3.872150616019661400E-015 ) ) ;
#1294 = EDGE_CURVE ( 'NONE', #955, #686, #1296, .T. ) ;
#1295 = UNCERTAINTY_MEASURE_WITH_UNIT (LENGTH_MEASURE( 1.000000000000000100E-005 ), #170, 'distance_accuracy_value', 'NONE');
#1296 = LINE ( 'NONE', #768, #1667 ) ;
#1297 = PRESENTATION_LAYER_ASSIGNMENT (  '', '', ( #1319 ) ) ;
#1298 = DIRECTION ( 'NONE',  ( 0.0000000000000000000, -1.000000000000000000, -0.0000000000000000000 ) ) ;
#1299 = CIRCLE ( 'NONE', #238, 0.03499999999999998300 ) ;
#1300 = CIRCLE ( 'NONE', #1365, 0.03500000000000001000 ) ;
#1301 = CIRCLE ( 'NONE', #1442, 0.03499999999999998300 ) ;
#1302 = CARTESIAN_POINT ( 'NONE',  ( -0.2999999999999991600, 0.1000000000000000100, 0.2150000000000010500 ) ) ;
#1303 = CARTESIAN_POINT ( 'NONE',  ( 0.2650000000000009000, 0.0000000000000000000, 0.2499999999999989200 ) ) ;
#1304 = VERTEX_POINT ( 'NONE', #1694 ) ;
#1305 = ORIENTED_EDGE ( 'NONE', *, *, #1914, .T. ) ;
#1306 = AXIS2_PLACEMENT_3D ( 'NONE', #1169, #1322, #736 ) ;
#1307 = VERTEX_POINT ( 'NONE', #354 ) ;
#1308 = VERTEX_POINT ( 'NONE', #665 ) ;
#1309 = DIRECTION ( 'NONE',  ( -0.0000000000000000000, -1.000000000000000000, 0.0000000000000000000 ) ) ;
#1310 = ORIENTED_EDGE ( 'NONE', *, *, #1475, .T. ) ;
#1311 = ORIENTED_EDGE ( 'NONE', *, *, #789, .T. ) ;
#1312 = LINE ( 'NONE', #914, #928 ) ;
#1313 = DIRECTION ( 'NONE',  ( 3.830294517744853500E-015, 0.0000000000000000000, 1.000000000000000000 ) ) ;
#1314 = FACE_OUTER_BOUND ( 'NONE', #1523, .T. ) ;
#1315 = VECTOR ( 'NONE', #1348, 1000.000000000000000 ) ;
#1316 = EDGE_CURVE ( 'NONE', #662, #1856, #522, .T. ) ;
#1317 = VECTOR ( 'NONE', #948, 1000.000000000000000 ) ;
#1318 = CARTESIAN_POINT ( 'NONE',  ( 0.1500000000000007400, 0.1000000000000000100, 0.2149999999999993300 ) ) ;
#1319 = STYLED_ITEM ( 'NONE', ( #965 ), #809 ) ;
#1320 = CYLINDRICAL_SURFACE ( 'NONE', #1342, 0.03499999999999998300 ) ;
#1321 = VECTOR ( 'NONE', #853, 1000.000000000000000 ) ;
#1322 = DIRECTION ( 'NONE',  ( 0.0000000000000000000, -1.000000000000000000, -0.0000000000000000000 ) ) ;
#1323 = VECTOR ( 'NONE', #1525, 1000.000000000000000 ) ;
#1324 = DIRECTION ( 'NONE',  ( 1.000000000000000000, 0.0000000000000000000, -3.322074749392273300E-015 ) ) ;
#1325 = CIRCLE ( 'NONE', #561, 0.03499999999999998300 ) ;
#1326 = ORIENTED_EDGE ( 'NONE', *, *, #106, .F. ) ;
#1327 = UNCERTAINTY_MEASURE_WITH_UNIT (LENGTH_MEASURE( 1.000000000000000100E-005 ), #31, 'distance_accuracy_value', 'NONE');
#1328 = CARTESIAN_POINT ( 'NONE',  ( -0.2650000000000002900, 0.1000000000000000100, -0.09999999999999909000 ) ) ;
#1329 = ORIENTED_EDGE ( 'NONE', *, *, #1540, .T. ) ;
#1330 = EDGE_CURVE ( 'NONE', #1928, #920, #103, .T. ) ;
#1331 = CARTESIAN_POINT ( 'NONE',  ( 0.2999999999999993800, 0.0000000000000000000, -0.2150000000000012200 ) ) ;
#1332 = ORIENTED_EDGE ( 'NONE', *, *, #795, .T. ) ;
#1333 = ORIENTED_EDGE ( 'NONE', *, *, #795, .F. ) ;
#1334 = DIRECTION ( 'NONE',  ( -1.000000000000000000, 0.0000000000000000000, 3.190314068708271100E-015 ) ) ;
#1335 = PLANE ( 'NONE',  #995 ) ;
#1336 = DIRECTION ( 'NONE',  ( -1.000000000000000000, 0.0000000000000000000, 3.491481338843133400E-015 ) ) ;
#1337 = ADVANCED_FACE ( 'NONE', ( #1314 ), #758, .T. ) ;
#1338 = VECTOR ( 'NONE', #1726, 1000.000000000000000 ) ;
#1339 = DIRECTION ( 'NONE',  ( 1.000000000000000000, 0.0000000000000000000, -3.872150616019657500E-015 ) ) ;
#1340 = DIRECTION ( 'NONE',  ( 0.0000000000000000000, 1.000000000000000000, 0.0000000000000000000 ) ) ;
#1341 = DIRECTION ( 'NONE',  ( -1.000000000000000000, 0.0000000000000000000, 3.491481338843133400E-015 ) ) ;
#1342 = AXIS2_PLACEMENT_3D ( 'NONE', #388, #375, #1869 ) ;
#1343 = SURFACE_STYLE_FILL_AREA ( #459 ) ;
#1344 = CARTESIAN_POINT ( 'NONE',  ( 0.1850000000000008600, 0.0000000000000000000, 0.2499999999999992000 ) ) ;
#1345 = FACE_OUTER_BOUND ( 'NONE', #924, .T. ) ;
#1346 = CARTESIAN_POINT ( 'NONE',  ( 0.1850000000000007500, 0.0000000000000000000, 0.2149999999999991900 ) ) ;
#1347 = VERTEX_POINT ( 'NONE', #197 ) ;
#1348 = DIRECTION ( 'NONE',  ( 0.0000000000000000000, -1.000000000000000000, 0.0000000000000000000 ) ) ;
#1349 = ORIENTED_EDGE ( 'NONE', *, *, #1752, .T. ) ;
#1350 = DIRECTION ( 'NONE',  ( -1.000000000000000000, 0.0000000000000000000, 3.872150616019662200E-015 ) ) ;
#1351 = CLOSED_SHELL ( 'NONE', ( #377, #886, #1126, #499, #486, #750, #929, #797, #1199, #1024 ) ) ;
#1352 = EDGE_LOOP ( 'NONE', ( #1879, #62, #1826, #705 ) ) ;
#1353 = EDGE_CURVE ( 'NONE', #460, #1924, #1128, .T. ) ;
#1354 = CARTESIAN_POINT ( 'NONE',  ( -0.08500000000000076900, 0.1000000000000000100, -0.2149999999999996900 ) ) ;
#1355 = ORIENTED_EDGE ( 'NONE', *, *, #1133, .T. ) ;
#1356 = AXIS2_PLACEMENT_3D ( 'NONE', #1401, #1545, #1710 ) ;
#1357 = ORIENTED_EDGE ( 'NONE', *, *, #16, .F. ) ;
#1358 = CARTESIAN_POINT ( 'NONE',  ( -0.08499999999999928400, 0.0000000000000000000, 0.2150000000000003000 ) ) ;
#1359 = CARTESIAN_POINT ( 'NONE',  ( -0.08500000000000088000, 0.0000000000000000000, -0.2499999999999996700 ) ) ;
#1360 = CIRCLE ( 'NONE', #509, 0.03499999999999998300 ) ;
#1361 = ADVANCED_FACE ( 'NONE', ( #1269 ), #1099, .F. ) ;
#1362 = CIRCLE ( 'NONE', #951, 0.03500000000000003800 ) ;
#1363 = EDGE_CURVE ( 'NONE', #1428, #1409, #1452, .T. ) ;
#1364 = LINE ( 'NONE', #1461, #1486 ) ;
#1365 = AXIS2_PLACEMENT_3D ( 'NONE', #1346, #1797, #1339 ) ;
#1366 = DIRECTION ( 'NONE',  ( -1.000000000000000000, 0.0000000000000000000, 3.872150616019659000E-015 ) ) ;
#1367 = FACE_OUTER_BOUND ( 'NONE', #172, .T. ) ;
#1368 = DIRECTION ( 'NONE',  ( 1.000000000000000000, 0.0000000000000000000, -3.491481338843133400E-015 ) ) ;
#1369 = CIRCLE ( 'NONE', #625, 0.03500000000000003800 ) ;
#1370 = CARTESIAN_POINT ( 'NONE',  ( 0.1850000000000007500, 0.0000000000000000000, 0.2149999999999991900 ) ) ;
#1371 = ORIENTED_EDGE ( 'NONE', *, *, #420, .F. ) ;
#1372 = ORIENTED_EDGE ( 'NONE', *, *, #1054, .F. ) ;
#1373 = CARTESIAN_POINT ( 'NONE',  ( -0.2650000000000008500, 0.1000000000000000100, -0.2499999999999990800 ) ) ;
#1374 = EDGE_LOOP ( 'NONE', ( #1762, #307, #1266, #840 ) ) ;
#1375 = DIRECTION ( 'NONE',  ( -1.000000000000000000, 0.0000000000000000000, 3.416189521309417700E-015 ) ) ;
#1376 = ORIENTED_EDGE ( 'NONE', *, *, #1887, .F. ) ;
#1377 = EDGE_LOOP ( 'NONE', ( #1207, #508, #120, #654 ) ) ;
#1378 = PLANE ( 'NONE',  #333 ) ;
#1379 = ORIENTED_EDGE ( 'NONE', *, *, #672, .T. ) ;
#1380 = EDGE_CURVE ( 'NONE', #221, #1407, #540, .T. ) ;
#1381 = ORIENTED_EDGE ( 'NONE', *, *, #775, .F. ) ;
#1382 = DIRECTION ( 'NONE',  ( 3.365411318786679200E-015, 0.0000000000000000000, 1.000000000000000000 ) ) ;
#1383 = CARTESIAN_POINT ( 'NONE',  ( -0.08500000000000035300, 0.0000000000000000000, -0.09999999999999970000 ) ) ;
#1384 = CARTESIAN_POINT ( 'NONE',  ( -0.2650000000000007300, 0.0000000000000000000, -0.2149999999999990800 ) ) ;
#1385 = CARTESIAN_POINT ( 'NONE',  ( 0.1849999999999991900, 0.1000000000000000100, -0.2500000000000008900 ) ) ;
#1386 = CARTESIAN_POINT ( 'NONE',  ( -0.2650000000000008500, 0.0000000000000000000, -0.2499999999999990300 ) ) ;
#1387 =( NAMED_UNIT ( * ) PLANE_ANGLE_UNIT ( ) SI_UNIT ( $, .RADIAN. ) );
#1388 = CYLINDRICAL_SURFACE ( 'NONE', #521, 0.03500000000000003800 ) ;
#1389 = VECTOR ( 'NONE', #534, 1000.000000000000000 ) ;
#1390 = VECTOR ( 'NONE', #146, 1000.000000000000000 ) ;
#1391 = EDGE_CURVE ( 'NONE', #394, #512, #847, .T. ) ;
#1392 = DIRECTION ( 'NONE',  ( -1.000000000000000000, 0.0000000000000000000, 3.491481338843133400E-015 ) ) ;
#1393 = LINE ( 'NONE', #1271, #715 ) ;
#1394 = CARTESIAN_POINT ( 'NONE',  ( -0.3000000000000007100, 0.0000000000000000000, -0.2149999999999989400 ) ) ;
#1395 = VECTOR ( 'NONE', #599, 1000.000000000000000 ) ;
#1396 = AXIS2_PLACEMENT_3D ( 'NONE', #1012, #1500, #1491 ) ;
#1397 = SURFACE_STYLE_USAGE ( .BOTH. , #1857 ) ;
#1398 = VERTEX_POINT ( 'NONE', #1281 ) ;
#1399 = VERTEX_POINT ( 'NONE', #699 ) ;
#1400 = CARTESIAN_POINT ( 'NONE',  ( 0.1499999999999992500, 0.1000000000000000100, -0.2150000000000006600 ) ) ;
#1401 = CARTESIAN_POINT ( 'NONE',  ( 0.3449999999999989200, 0.3499999999999999800, -0.3000000000000012100 ) ) ;
#1402 = DIRECTION ( 'NONE',  ( -1.000000000000000000, 0.0000000000000000000, 3.365411318786679200E-015 ) ) ;
#1403 = ORIENTED_EDGE ( 'NONE', *, *, #261, .F. ) ;
#1404 = PLANE ( 'NONE',  #1705 ) ;
#1405 = ORIENTED_EDGE ( 'NONE', *, *, #568, .T. ) ;
#1406 = ORIENTED_EDGE ( 'NONE', *, *, #474, .T. ) ;
#1407 = VERTEX_POINT ( 'NONE', #41 ) ;
#1408 = DIRECTION ( 'NONE',  ( 1.000000000000000000, 0.0000000000000000000, -3.872150616019659800E-015 ) ) ;
#1409 = VERTEX_POINT ( 'NONE', #828 ) ;
#1410 = VECTOR ( 'NONE', #210, 1000.000000000000000 ) ;
#1411 = AXIS2_PLACEMENT_3D ( 'NONE', #1686, #1851, #489 ) ;
#1412 = PRODUCT_CONTEXT ( 'NONE', #56, 'mechanical' ) ;
#1413 = DIRECTION ( 'NONE',  ( 3.365411318786679200E-015, 0.0000000000000000000, 1.000000000000000000 ) ) ;
#1414 = FACE_OUTER_BOUND ( 'NONE', #996, .T. ) ;
#1415 = CARTESIAN_POINT ( 'NONE',  ( -0.2650000000000004600, 0.1000000000000000100, -0.1349999999999990900 ) ) ;
#1416 = VECTOR ( 'NONE', #546, 1000.000000000000000 ) ;
#1417 = DIRECTION ( 'NONE',  ( 3.660887928293993400E-015, 0.0000000000000000000, 1.000000000000000000 ) ) ;
#1418 = FACE_OUTER_BOUND ( 'NONE', #1759, .T. ) ;
#1419 = EDGE_CURVE ( 'NONE', #1492, #286, #981, .T. ) ;
#1420 = CARTESIAN_POINT ( 'NONE',  ( 0.3000000000000007700, 0.0000000000000000000, 0.2149999999999987800 ) ) ;
#1421 = CARTESIAN_POINT ( 'NONE',  ( 0.1850000000000007500, 0.1000000000000000100, 0.2149999999999991900 ) ) ;
#1422 = AXIS2_PLACEMENT_3D ( 'NONE', #1618, #1484, #1334 ) ;
#1423 = CARTESIAN_POINT ( 'NONE',  ( 0.3000000000000008200, 0.1000000000000000100, 0.2149999999999987800 ) ) ;
#1424 = ORIENTED_EDGE ( 'NONE', *, *, #1462, .T. ) ;
#1425 = CARTESIAN_POINT ( 'NONE',  ( -0.08500000000000076900, 0.0000000000000000000, -0.2149999999999996900 ) ) ;
#1426 = ORIENTED_EDGE ( 'NONE', *, *, #759, .T. ) ;
#1427 = EDGE_LOOP ( 'NONE', ( #1406, #1853, #1112, #365 ) ) ;
#1428 = VERTEX_POINT ( 'NONE', #364 ) ;
#1429 = EDGE_LOOP ( 'NONE', ( #284, #1185, #754, #945, #483, #1235, #1381, #98 ) ) ;
#1430 = VERTEX_POINT ( 'NONE', #523 ) ;
#1431 = EDGE_CURVE ( 'NONE', #1907, #1798, #666, .T. ) ;
#1432 = LINE ( 'NONE', #1265, #785 ) ;
#1433 = DIRECTION ( 'NONE',  ( 0.0000000000000000000, 1.000000000000000000, 0.0000000000000000000 ) ) ;
#1434 = AXIS2_PLACEMENT_3D ( 'NONE', #1421, #376, #940 ) ;
#1435 =( LENGTH_UNIT ( ) NAMED_UNIT ( * ) SI_UNIT ( .MILLI., .METRE. ) );
#1436 = DIRECTION ( 'NONE',  ( -1.000000000000000000, 0.0000000000000000000, 3.872150616019659000E-015 ) ) ;
#1437 = FACE_OUTER_BOUND ( 'NONE', #821, .T. ) ;
#1438 = DIRECTION ( 'NONE',  ( 0.0000000000000000000, -1.000000000000000000, 0.0000000000000000000 ) ) ;
#1439 = VECTOR ( 'NONE', #1605, 1000.000000000000000 ) ;
#1440 = CARTESIAN_POINT ( 'NONE',  ( -0.2649999999999995100, 0.1000000000000000100, 0.1350000000000009200 ) ) ;
#1441 = ORIENTED_EDGE ( 'NONE', *, *, #1540, .F. ) ;
#1442 = AXIS2_PLACEMENT_3D ( 'NONE', #1963, #1507, #119 ) ;
#1443 = ORIENTED_EDGE ( 'NONE', *, *, #1453, .T. ) ;
#1444 = AXIS2_PLACEMENT_3D ( 'NONE', #1226, #917, #190 ) ;
#1445 = CARTESIAN_POINT ( 'NONE',  ( 0.1499999999999992700, 0.0000000000000000000, -0.2150000000000006600 ) ) ;
#1446 = DIRECTION ( 'NONE',  ( 0.0000000000000000000, -1.000000000000000000, 0.0000000000000000000 ) ) ;
#1447 = EDGE_LOOP ( 'NONE', ( #35, #142, #1549, #91 ) ) ;
#1448 = ORIENTED_EDGE ( 'NONE', *, *, #145, .T. ) ;
#1449 = ORIENTED_EDGE ( 'NONE', *, *, #199, .F. ) ;
#1450 = ORIENTED_EDGE ( 'NONE', *, *, #1668, .T. ) ;
#1451 = ORIENTED_EDGE ( 'NONE', *, *, #1562, .F. ) ;
#1452 = LINE ( 'NONE', #379, #1477 ) ;
#1453 = EDGE_CURVE ( 'NONE', #1741, #1555, #15, .T. ) ;
#1454 = AXIS2_PLACEMENT_3D ( 'NONE', #484, #1547, #793 ) ;
#1455 = CARTESIAN_POINT ( 'NONE',  ( 0.1850000000000007500, 0.1000000000000000100, 0.2149999999999991900 ) ) ;
#1456 = CIRCLE ( 'NONE', #1838, 0.03499999999999998300 ) ;
#1457 = PRODUCT_DEFINITION_FORMATION_WITH_SPECIFIED_SOURCE ( 'ANY', '', #194, .NOT_KNOWN. ) ;
#1458 = DIRECTION ( 'NONE',  ( 0.0000000000000000000, -1.000000000000000000, 0.0000000000000000000 ) ) ;
#1459 = LINE ( 'NONE', #500, #1323 ) ;
#1460 = CYLINDRICAL_SURFACE ( 'NONE', #836, 0.03499999999999998300 ) ;
#1461 = CARTESIAN_POINT ( 'NONE',  ( 0.2649999999999992400, 0.0000000000000000000, -0.2500000000000011700 ) ) ;
#1462 = EDGE_CURVE ( 'NONE', #1468, #1739, #1934, .T. ) ;
#1463 = EDGE_LOOP ( 'NONE', ( #979, #1371, #1120, #778 ) ) ;
#1464 = ORIENTED_EDGE ( 'NONE', *, *, #67, .F. ) ;
#1465 = PRESENTATION_LAYER_ASSIGNMENT (  '', '', ( #360 ) ) ;
#1466 = CARTESIAN_POINT ( 'NONE',  ( -0.2650000000000008500, 0.0000000000000000000, -0.2499999999999990300 ) ) ;
#1467 = VERTEX_POINT ( 'NONE', #1736 ) ;
#1468 = VERTEX_POINT ( 'NONE', #66 ) ;
#1469 = CARTESIAN_POINT ( 'NONE',  ( -0.2649999999999995100, 0.1000000000000000100, 0.1350000000000009200 ) ) ;
#1470 = ORIENTED_EDGE ( 'NONE', *, *, #1141, .F. ) ;
#1471 = ORIENTED_EDGE ( 'NONE', *, *, #1892, .F. ) ;
#1472 = CARTESIAN_POINT ( 'NONE',  ( -0.2999999999999994900, 0.1000000000000000100, 0.1350000000000010600 ) ) ;
#1473 = ORIENTED_EDGE ( 'NONE', *, *, #1868, .T. ) ;
#1474 = CARTESIAN_POINT ( 'NONE',  ( 0.1849999999999993000, 0.0000000000000000000, -0.2150000000000008000 ) ) ;
#1475 = EDGE_CURVE ( 'NONE', #703, #394, #579, .T. ) ;
#1476 = DIRECTION ( 'NONE',  ( 0.0000000000000000000, -1.000000000000000000, 0.0000000000000000000 ) ) ;
#1477 = VECTOR ( 'NONE', #1417, 1000.000000000000000 ) ;
#1478 = EDGE_CURVE ( 'NONE', #1238, #1712, #635, .T. ) ;
#1479 = DIRECTION ( 'NONE',  ( -4.169107696646573600E-015, 0.0000000000000000000, -1.000000000000000000 ) ) ;
#1480 = CIRCLE ( 'NONE', #1529, 0.03500000000000003800 ) ;
#1481 = CARTESIAN_POINT ( 'NONE',  ( 0.1850000000000008600, 0.1000000000000000100, 0.2499999999999992000 ) ) ;
#1482 = AXIS2_PLACEMENT_3D ( 'NONE', #1860, #930, #53 ) ;
#1483 = LINE ( 'NONE', #1876, #1195 ) ;
#1484 = DIRECTION ( 'NONE',  ( -3.190314068708271100E-015, 0.0000000000000000000, -1.000000000000000000 ) ) ;
#1485 = CARTESIAN_POINT ( 'NONE',  ( -0.2649999999999992400, 0.0000000000000000000, 0.2150000000000009100 ) ) ;
#1486 = VECTOR ( 'NONE', #731, 1000.000000000000000 ) ;
#1487 = CARTESIAN_POINT ( 'NONE',  ( 0.2999999999999993800, 0.1000000000000000100, -0.2150000000000012200 ) ) ;
#1488 = CARTESIAN_POINT ( 'NONE',  ( -0.08500000000000047800, 0.0000000000000000000, -0.1349999999999997000 ) ) ;
#1489 = LINE ( 'NONE', #472, #986 ) ;
#1490 = ADVANCED_FACE ( 'NONE', ( #711 ), #393, .T. ) ;
#1491 = DIRECTION ( 'NONE',  ( -1.000000000000000000, 0.0000000000000000000, 3.872150616019660600E-015 ) ) ;
#1492 = VERTEX_POINT ( 'NONE', #1903 ) ;
#1493 = CARTESIAN_POINT ( 'NONE',  ( 0.2650000000000009000, 0.0000000000000000000, 0.2499999999999989700 ) ) ;
#1494 = VERTEX_POINT ( 'NONE', #1111 ) ;
#1495 = EDGE_CURVE ( 'NONE', #1739, #624, #292, .T. ) ;
#1496 = ORIENTED_EDGE ( 'NONE', *, *, #1782, .F. ) ;
#1497 = AXIS2_PLACEMENT_3D ( 'NONE', #690, #675, #1277 ) ;
#1498 = VERTEX_POINT ( 'NONE', #1119 ) ;
#1499 = ORIENTED_EDGE ( 'NONE', *, *, #824, .T. ) ;
#1500 = DIRECTION ( 'NONE',  ( 0.0000000000000000000, -1.000000000000000000, -0.0000000000000000000 ) ) ;
#1501 = ORIENTED_EDGE ( 'NONE', *, *, #1882, .F. ) ;
#1502 = DIRECTION ( 'NONE',  ( -1.000000000000000000, 0.0000000000000000000, 2.813854981039693500E-015 ) ) ;
#1503 = DIRECTION ( 'NONE',  ( -3.365411318786679200E-015, 0.0000000000000000000, -1.000000000000000000 ) ) ;
#1504 = ORIENTED_EDGE ( 'NONE', *, *, #689, .T. ) ;
#1505 = DIRECTION ( 'NONE',  ( 1.000000000000000000, 0.0000000000000000000, -3.491481338843133400E-015 ) ) ;
#1506 = VECTOR ( 'NONE', #895, 1000.000000000000000 ) ;
#1507 = DIRECTION ( 'NONE',  ( 0.0000000000000000000, -1.000000000000000000, -0.0000000000000000000 ) ) ;
#1508 = AXIS2_PLACEMENT_3D ( 'NONE', #1010, #428, #107 ) ;
#1509 = CARTESIAN_POINT ( 'NONE',  ( -0.08500000000000047800, 0.1000000000000000100, -0.1349999999999997000 ) ) ;
#1510 = CARTESIAN_POINT ( 'NONE',  ( -0.2649999999999996800, 0.0000000000000000000, 0.1000000000000009100 ) ) ;
#1511 = VECTOR ( 'NONE', #1583, 1000.000000000000000 ) ;
#1512 = CARTESIAN_POINT ( 'NONE',  ( -0.05000000000000048200, 0.1000000000000000100, -0.1349999999999998400 ) ) ;
#1513 = CIRCLE ( 'NONE', #1939, 0.03499999999999992700 ) ;
#1514 = VECTOR ( 'NONE', #776, 1000.000000000000000 ) ;
#1515 = LINE ( 'NONE', #1552, #73 ) ;
#1516 = PLANE ( 'NONE',  #812 ) ;
#1517 = DIRECTION ( 'NONE',  ( 0.0000000000000000000, -1.000000000000000000, 0.0000000000000000000 ) ) ;
#1518 = ORIENTED_EDGE ( 'NONE', *, *, #833, .F. ) ;
#1519 = CARTESIAN_POINT ( 'NONE',  ( -0.08499999999999953400, 0.1000000000000000100, 0.1350000000000002900 ) ) ;
#1520 = VERTEX_POINT ( 'NONE', #204 ) ;
#1521 = DIRECTION ( 'NONE',  ( 0.0000000000000000000, -1.000000000000000000, 0.0000000000000000000 ) ) ;
#1522 = ADVANCED_FACE ( 'NONE', ( #786 ), #526, .T. ) ;
#1523 = EDGE_LOOP ( 'NONE', ( #1016, #1636, #1470, #1379 ) ) ;
#1524 = EDGE_CURVE ( 'NONE', #234, #686, #317, .T. ) ;
#1525 = DIRECTION ( 'NONE',  ( 3.672181700924050500E-015, 0.0000000000000000000, 1.000000000000000000 ) ) ;
#1526 = CARTESIAN_POINT ( 'NONE',  ( -0.2650000000000004600, 0.1000000000000000100, -0.1349999999999990900 ) ) ;
#1527 = ORIENTED_EDGE ( 'NONE', *, *, #887, .F. ) ;
#1528 = ORIENTED_EDGE ( 'NONE', *, *, #1524, .F. ) ;
#1529 = AXIS2_PLACEMENT_3D ( 'NONE', #344, #1551, #481 ) ;
#1530 = EDGE_LOOP ( 'NONE', ( #1941, #773, #1496, #681 ) ) ;
#1531 = CARTESIAN_POINT ( 'NONE',  ( -0.3449999999999989200, 0.3499999999999999800, 0.3000000000000011000 ) ) ;
#1532 = DIRECTION ( 'NONE',  ( 0.0000000000000000000, 1.000000000000000000, 0.0000000000000000000 ) ) ;
#1533 = FACE_BOUND ( 'NONE', #556, .T. ) ;
#1534 = CARTESIAN_POINT ( 'NONE',  ( -0.08499999999999914600, 0.1000000000000000100, 0.2500000000000002200 ) ) ;
#1535 = CIRCLE ( 'NONE', #1396, 0.03499999999999998300 ) ;
#1536 = EDGE_CURVE ( 'NONE', #1741, #1498, #1809, .T. ) ;
#1537 = DIRECTION ( 'NONE',  ( -1.000000000000000000, 0.0000000000000000000, 3.872150616019660600E-015 ) ) ;
#1538 = CYLINDRICAL_SURFACE ( 'NONE', #977, 0.03499999999999998300 ) ;
#1539 = CYLINDRICAL_SURFACE ( 'NONE', #761, 0.03499999999999998300 ) ;
#1540 = EDGE_CURVE ( 'NONE', #1233, #460, #1247, .T. ) ;
#1541 = DIRECTION ( 'NONE',  ( 0.0000000000000000000, -1.000000000000000000, -0.0000000000000000000 ) ) ;
#1542 = DIRECTION ( 'NONE',  ( 1.000000000000000000, 0.0000000000000000000, -3.872150616019661400E-015 ) ) ;
#1543 = VECTOR ( 'NONE', #8, 1000.000000000000000 ) ;
#1544 = VECTOR ( 'NONE', #659, 1000.000000000000000 ) ;
#1545 = DIRECTION ( 'NONE',  ( 3.491481338843133400E-015, 0.0000000000000000000, 1.000000000000000000 ) ) ;
#1546 = ORIENTED_EDGE ( 'NONE', *, *, #759, .F. ) ;
#1547 = DIRECTION ( 'NONE',  ( 0.0000000000000000000, 1.000000000000000000, 0.0000000000000000000 ) ) ;
#1548 = ORIENTED_EDGE ( 'NONE', *, *, #1929, .F. ) ;
#1549 = ORIENTED_EDGE ( 'NONE', *, *, #1144, .F. ) ;
#1550 = CARTESIAN_POINT ( 'NONE',  ( -0.2650000000000002900, 0.1000000000000000100, -0.09999999999999907600 ) ) ;
#1551 = DIRECTION ( 'NONE',  ( 0.0000000000000000000, -1.000000000000000000, -0.0000000000000000000 ) ) ;
#1552 = CARTESIAN_POINT ( 'NONE',  ( 0.2649999999999992400, 0.1000000000000000100, -0.2500000000000011700 ) ) ;
#1553 = AXIS2_PLACEMENT_3D ( 'NONE', #1209, #1632, #293 ) ;
#1554 = PLANE ( 'NONE',  #1147 ) ;
#1555 = VERTEX_POINT ( 'NONE', #1633 ) ;
#1556 = AXIS2_PLACEMENT_3D ( 'NONE', #1083, #348, #1561 ) ;
#1557 = ADVANCED_FACE ( 'NONE', ( #495 ), #603, .T. ) ;
#1558 = CARTESIAN_POINT ( 'NONE',  ( -0.2649999999999995100, 0.1000000000000000100, 0.1350000000000009200 ) ) ;
#1559 = CARTESIAN_POINT ( 'NONE',  ( -0.2649999999999996800, 0.1000000000000000100, 0.1000000000000009100 ) ) ;
#1560 = CARTESIAN_POINT ( 'NONE',  ( -0.04999999999999928800, 0.1000000000000000100, 0.2150000000000001600 ) ) ;
#1561 = DIRECTION ( 'NONE',  ( -2.813854981039693100E-015, 0.0000000000000000000, -1.000000000000000000 ) ) ;
#1562 = EDGE_CURVE ( 'NONE', #1520, #234, #1046, .T. ) ;
#1563 = SURFACE_STYLE_USAGE ( .BOTH. , #511 ) ;
#1564 = DIRECTION ( 'NONE',  ( 0.0000000000000000000, -1.000000000000000000, 0.0000000000000000000 ) ) ;
#1565 = LINE ( 'NONE', #1239, #741 ) ;
#1566 = AXIS2_PLACEMENT_3D ( 'NONE', #125, #1023, #578 ) ;
#1567 = DIRECTION ( 'NONE',  ( 1.000000000000000000, 0.0000000000000000000, -3.872150616019660600E-015 ) ) ;
#1568 = ORIENTED_EDGE ( 'NONE', *, *, #964, .T. ) ;
#1569 = CARTESIAN_POINT ( 'NONE',  ( -0.2999999999999994900, -0.0000000000000000000, 0.1350000000000010600 ) ) ;
#1570 = VERTEX_POINT ( 'NONE', #708 ) ;
#1571 = CARTESIAN_POINT ( 'NONE',  ( -0.2650000000000004600, 0.0000000000000000000, -0.1349999999999990900 ) ) ;
#1572 = ORIENTED_EDGE ( 'NONE', *, *, #657, .T. ) ;
#1573 = DIRECTION ( 'NONE',  ( 0.0000000000000000000, -1.000000000000000000, 0.0000000000000000000 ) ) ;
#1574 = EDGE_LOOP ( 'NONE', ( #1597, #576, #464, #1305 ) ) ;
#1575 = EDGE_CURVE ( 'NONE', #1658, #11, #42, .T. ) ;
#1576 =( NAMED_UNIT ( * ) PLANE_ANGLE_UNIT ( ) SI_UNIT ( $, .RADIAN. ) );
#1577 = CARTESIAN_POINT ( 'NONE',  ( 0.2650000000000009000, 0.0000000000000000000, 0.2499999999999989200 ) ) ;
#1578 = ORIENTED_EDGE ( 'NONE', *, *, #1294, .F. ) ;
#1579 = AXIS2_PLACEMENT_3D ( 'NONE', #623, #167, #319 ) ;
#1580 = CIRCLE ( 'NONE', #597, 0.03499999999999999600 ) ;
#1581 = CARTESIAN_POINT ( 'NONE',  ( -0.2650000000000002900, 0.0000000000000000000, -0.09999999999999907600 ) ) ;
#1582 = CARTESIAN_POINT ( 'NONE',  ( 0.2649999999999993500, 0.1000000000000000100, -0.2150000000000010800 ) ) ;
#1583 = DIRECTION ( 'NONE',  ( 3.152668159941413200E-015, 0.0000000000000000000, 1.000000000000000000 ) ) ;
#1584 = LINE ( 'NONE', #1894, #1174 ) ;
#1585 = CARTESIAN_POINT ( 'NONE',  ( -0.08500000000000035300, 0.1000000000000000100, -0.09999999999999970000 ) ) ;
#1586 = EDGE_CURVE ( 'NONE', #827, #1950, #175, .T. ) ;
#1587 = DIRECTION ( 'NONE',  ( -1.000000000000000000, 0.0000000000000000000, 3.872150616019660600E-015 ) ) ;
#1588 = LINE ( 'NONE', #934, #1543 ) ;
#1589 = EDGE_CURVE ( 'NONE', #1399, #1428, #1191, .T. ) ;
#1590 = LINE ( 'NONE', #962, #1544 ) ;
#1591 = VERTEX_POINT ( 'NONE', #1045 ) ;
#1592 = AXIS2_PLACEMENT_3D ( 'NONE', #1354, #1672, #1542 ) ;
#1593 = DIRECTION ( 'NONE',  ( 0.0000000000000000000, -1.000000000000000000, -0.0000000000000000000 ) ) ;
#1594 = ORIENTED_EDGE ( 'NONE', *, *, #1113, .F. ) ;
#1595 = ORIENTED_EDGE ( 'NONE', *, *, #458, .F. ) ;
#1596 = ORIENTED_EDGE ( 'NONE', *, *, #1630, .T. ) ;
#1597 = ORIENTED_EDGE ( 'NONE', *, *, #848, .T. ) ;
#1598 = CARTESIAN_POINT ( 'NONE',  ( 0.1500000000000007400, 0.0000000000000000000, 0.2149999999999993300 ) ) ;
#1599 = DIRECTION ( 'NONE',  ( 0.0000000000000000000, -1.000000000000000000, -0.0000000000000000000 ) ) ;
#1600 = EDGE_CURVE ( 'NONE', #710, #822, #1292, .T. ) ;
#1601 = VECTOR ( 'NONE', #1446, 1000.000000000000000 ) ;
#1602 = AXIS2_PLACEMENT_3D ( 'NONE', #1358, #1814, #1056 ) ;
#1603 = DIRECTION ( 'NONE',  ( 0.0000000000000000000, 1.000000000000000000, 0.0000000000000000000 ) ) ;
#1604 = FACE_OUTER_BOUND ( 'NONE', #881, .T. ) ;
#1605 = DIRECTION ( 'NONE',  ( -1.000000000000000000, -0.0000000000000000000, 3.792648608977996000E-015 ) ) ;
#1606 = ORIENTED_EDGE ( 'NONE', *, *, #1316, .F. ) ;
#1607 = AXIS2_PLACEMENT_3D ( 'NONE', #140, #1192, #1810 ) ;
#1608 = CARTESIAN_POINT ( 'NONE',  ( -0.08500000000000047800, 0.1000000000000000100, -0.1349999999999997000 ) ) ;
#1609 = EDGE_LOOP ( 'NONE', ( #729, #1905, #1823, #987 ) ) ;
#1610 = AXIS2_PLACEMENT_3D ( 'NONE', #1129, #704, #1753 ) ;
#1611 = DIRECTION ( 'NONE',  ( 0.0000000000000000000, -1.000000000000000000, -0.0000000000000000000 ) ) ;
#1612 = ORIENTED_EDGE ( 'NONE', *, *, #1133, .F. ) ;
#1613 = VERTEX_POINT ( 'NONE', #1510 ) ;
#1614 = CARTESIAN_POINT ( 'NONE',  ( -0.2650000000000008500, 0.1000000000000000100, -0.2499999999999990300 ) ) ;
#1615 = ORIENTED_EDGE ( 'NONE', *, *, #845, .F. ) ;
#1616 = ORIENTED_EDGE ( 'NONE', *, *, #1763, .F. ) ;
#1617 = MANIFOLD_SOLID_BREP ( 'Body-Move/Copy1[4]', #515 ) ;
#1618 = CARTESIAN_POINT ( 'NONE',  ( -0.2650000000000008500, 0.1000000000000000100, -0.2499999999999990800 ) ) ;
#1619 = FACE_OUTER_BOUND ( 'NONE', #774, .T. ) ;
#1620 = EDGE_CURVE ( 'NONE', #1407, #896, #83, .T. ) ;
#1621 = DIRECTION ( 'NONE',  ( 0.0000000000000000000, 1.000000000000000000, 0.0000000000000000000 ) ) ;
#1622 = CARTESIAN_POINT ( 'NONE',  ( -0.2650000000000002900, 0.1000000000000000100, -0.09999999999999907600 ) ) ;
#1623 = AXIS2_PLACEMENT_3D ( 'NONE', #1808, #131, #771 ) ;
#1624 = DIRECTION ( 'NONE',  ( -0.0000000000000000000, -1.000000000000000000, 0.0000000000000000000 ) ) ;
#1625 = VECTOR ( 'NONE', #490, 1000.000000000000000 ) ;
#1626 = DIRECTION ( 'NONE',  ( -3.322074749392273300E-015, 0.0000000000000000000, -1.000000000000000000 ) ) ;
#1627 = LINE ( 'NONE', #1122, #1511 ) ;
#1628 = VECTOR ( 'NONE', #431, 1000.000000000000000 ) ;
#1629 = CIRCLE ( 'NONE', #1656, 0.03499999999999999600 ) ;
#1630 = EDGE_CURVE ( 'NONE', #955, #1570, #1360, .T. ) ;
#1631 = VECTOR ( 'NONE', #1503, 1000.000000000000000 ) ;
#1632 = DIRECTION ( 'NONE',  ( 0.0000000000000000000, -1.000000000000000000, -0.0000000000000000000 ) ) ;
#1633 = CARTESIAN_POINT ( 'NONE',  ( -0.04999999999999928800, 0.0000000000000000000, 0.2150000000000001600 ) ) ;
#1634 = ORIENTED_EDGE ( 'NONE', *, *, #1914, .F. ) ;
#1635 = AXIS2_PLACEMENT_3D ( 'NONE', #524, #1402, #1413 ) ;
#1636 = ORIENTED_EDGE ( 'NONE', *, *, #1225, .F. ) ;
#1637 = DIRECTION ( 'NONE',  ( -1.000000000000000000, 0.0000000000000000000, 3.872150616019660600E-015 ) ) ;
#1638 =( LENGTH_UNIT ( ) NAMED_UNIT ( * ) SI_UNIT ( .MILLI., .METRE. ) );
#1639 = ORIENTED_EDGE ( 'NONE', *, *, #1029, .F. ) ;
#1640 = ORIENTED_EDGE ( 'NONE', *, *, #1294, .T. ) ;
#1641 = DIRECTION ( 'NONE',  ( 0.0000000000000000000, 1.000000000000000000, 0.0000000000000000000 ) ) ;
#1642 = EDGE_CURVE ( 'NONE', #1288, #234, #440, .T. ) ;
#1643 = ADVANCED_FACE ( 'NONE', ( #865 ), #315, .F. ) ;
#1644 = DIRECTION ( 'NONE',  ( 0.0000000000000000000, -1.000000000000000000, -0.0000000000000000000 ) ) ;
#1645 = STYLED_ITEM ( 'NONE', ( #321 ), #630 ) ;
#1646 = CARTESIAN_POINT ( 'NONE',  ( -0.08500000000000047800, 0.1000000000000000100, -0.1349999999999997000 ) ) ;
#1647 = VECTOR ( 'NONE', #1921, 1000.000000000000000 ) ;
#1648 = FACE_OUTER_BOUND ( 'NONE', #593, .T. ) ;
#1649 = DIRECTION ( 'NONE',  ( 0.0000000000000000000, -1.000000000000000000, 0.0000000000000000000 ) ) ;
#1650 = VERTEX_POINT ( 'NONE', #609 ) ;
#1651 = ADVANCED_FACE ( 'NONE', ( #416 ), #123, .T. ) ;
#1652 = EDGE_CURVE ( 'NONE', #370, #1778, #1580, .T. ) ;
#1653 = ORIENTED_EDGE ( 'NONE', *, *, #1892, .T. ) ;
#1654 = CARTESIAN_POINT ( 'NONE',  ( 0.1849999999999991900, 0.0000000000000000000, -0.2500000000000008900 ) ) ;
#1655 = SURFACE_SIDE_STYLE ('',( #84 ) ) ;
#1656 = AXIS2_PLACEMENT_3D ( 'NONE', #30, #1074, #339 ) ;
#1657 = ORIENTED_EDGE ( 'NONE', *, *, #446, .T. ) ;
#1658 = VERTEX_POINT ( 'NONE', #305 ) ;
#1659 = DIRECTION ( 'NONE',  ( 1.000000000000000000, 0.0000000000000000000, -3.660887928293993400E-015 ) ) ;
#1660 = EDGE_LOOP ( 'NONE', ( #1009, #1775, #214, #453 ) ) ;
#1661 = DIRECTION ( 'NONE',  ( -1.000000000000000000, 0.0000000000000000000, 3.491481338843133400E-015 ) ) ;
#1662 = CARTESIAN_POINT ( 'NONE',  ( -0.2649999999999991300, 0.0000000000000000000, 0.2500000000000008900 ) ) ;
#1663 = VERTEX_POINT ( 'NONE', #1053 ) ;
#1664 = CARTESIAN_POINT ( 'NONE',  ( -0.2649999999999995100, 0.0000000000000000000, 0.1350000000000009200 ) ) ;
#1665 = DIRECTION ( 'NONE',  ( -1.000000000000000000, 0.0000000000000000000, 3.872150616019654300E-015 ) ) ;
#1666 = LINE ( 'NONE', #813, #1188 ) ;
#1667 = VECTOR ( 'NONE', #1811, 1000.000000000000000 ) ;
#1668 = EDGE_CURVE ( 'NONE', #434, #237, #1312, .T. ) ;
#1669 = DIRECTION ( 'NONE',  ( 0.0000000000000000000, -1.000000000000000000, 0.0000000000000000000 ) ) ;
#1670 = DIRECTION ( 'NONE',  ( 0.0000000000000000000, 1.000000000000000000, 0.0000000000000000000 ) ) ;
#1671 = AXIS2_PLACEMENT_3D ( 'NONE', #1718, #201, #358 ) ;
#1672 = DIRECTION ( 'NONE',  ( 0.0000000000000000000, -1.000000000000000000, -0.0000000000000000000 ) ) ;
#1673 = CYLINDRICAL_SURFACE ( 'NONE', #1047, 0.03499999999999999600 ) ;
#1674 = CARTESIAN_POINT ( 'NONE',  ( 0.2649999999999993500, 0.0000000000000000000, -0.2150000000000010800 ) ) ;
#1675 = FACE_OUTER_BOUND ( 'NONE', #1374, .T. ) ;
#1676 = VECTOR ( 'NONE', #1603, 1000.000000000000000 ) ;
#1677 = DIRECTION ( 'NONE',  ( 0.0000000000000000000, -1.000000000000000000, -0.0000000000000000000 ) ) ;
#1678 = VECTOR ( 'NONE', #180, 1000.000000000000000 ) ;
#1679 = DIRECTION ( 'NONE',  ( 0.0000000000000000000, -1.000000000000000000, -0.0000000000000000000 ) ) ;
#1680 = CARTESIAN_POINT ( 'NONE',  ( 0.2650000000000009000, 0.1000000000000000100, 0.2499999999999989700 ) ) ;
#1681 = VECTOR ( 'NONE', #1670, 1000.000000000000000 ) ;
#1682 = CARTESIAN_POINT ( 'NONE',  ( -0.08500000000000035300, 0.1000000000000000100, -0.09999999999999970000 ) ) ;
#1683 = SURFACE_STYLE_USAGE ( .BOTH. , #1655 ) ;
#1684 = EDGE_LOOP ( 'NONE', ( #55, #1501, #616, #707 ) ) ;
#1685 = ORIENTED_EDGE ( 'NONE', *, *, #743, .T. ) ;
#1686 = CARTESIAN_POINT ( 'NONE',  ( 0.1849999999999991900, 0.1000000000000000100, -0.2500000000000008900 ) ) ;
#1687 = CARTESIAN_POINT ( 'NONE',  ( 0.2649999999999992400, 0.1000000000000000100, -0.2500000000000011700 ) ) ;
#1688 = ORIENTED_EDGE ( 'NONE', *, *, #983, .T. ) ;
#1689 = EDGE_CURVE ( 'NONE', #1739, #794, #1696, .T. ) ;
#1690 = ORIENTED_EDGE ( 'NONE', *, *, #1267, .F. ) ;
#1691 = DIRECTION ( 'NONE',  ( 0.0000000000000000000, -1.000000000000000000, -0.0000000000000000000 ) ) ;
#1692 = EDGE_LOOP ( 'NONE', ( #1888, #1690, #656, #1443 ) ) ;
#1693 = AXIS2_PLACEMENT_3D ( 'NONE', #1824, #1691, #298 ) ;
#1694 = CARTESIAN_POINT ( 'NONE',  ( -0.2649999999999996800, 0.1000000000000000100, 0.1000000000000009100 ) ) ;
#1695 = CARTESIAN_POINT ( 'NONE',  ( -0.05000000000000080100, 0.0000000000000000000, -0.2149999999999998300 ) ) ;
#1696 = LINE ( 'NONE', #1383, #980 ) ;
#1697 = CIRCLE ( 'NONE', #815, 0.03499999999999996900 ) ;
#1698 = CARTESIAN_POINT ( 'NONE',  ( -0.08500000000000088000, 0.0000000000000000000, -0.2499999999999996700 ) ) ;
#1699 = EDGE_CURVE ( 'NONE', #1658, #1399, #1170, .T. ) ;
#1700 = CARTESIAN_POINT ( 'NONE',  ( 0.2999999999999993200, 0.1000000000000000100, -0.2150000000000012200 ) ) ;
#1701 = CARTESIAN_POINT ( 'NONE',  ( -0.08499999999999965900, 0.0000000000000000000, 0.1000000000000003100 ) ) ;
#1702 = DIRECTION ( 'NONE',  ( 0.0000000000000000000, 1.000000000000000000, 0.0000000000000000000 ) ) ;
#1703 = ADVANCED_FACE ( 'NONE', ( #1619 ), #958, .F. ) ;
#1704 = VECTOR ( 'NONE', #496, 1000.000000000000000 ) ;
#1705 = AXIS2_PLACEMENT_3D ( 'NONE', #371, #1706, #1103 ) ;
#1706 = DIRECTION ( 'NONE',  ( 3.792648608977996000E-015, 0.0000000000000000000, 1.000000000000000000 ) ) ;
#1707 = LINE ( 'NONE', #1302, #1321 ) ;
#1708 = DIRECTION ( 'NONE',  ( 0.0000000000000000000, -1.000000000000000000, 0.0000000000000000000 ) ) ;
#1709 = VECTOR ( 'NONE', #760, 1000.000000000000000 ) ;
#1710 = DIRECTION ( 'NONE',  ( 1.000000000000000000, 0.0000000000000000000, -3.491481338843133400E-015 ) ) ;
#1711 = CIRCLE ( 'NONE', #1306, 0.03499999999999998300 ) ;
#1712 = VERTEX_POINT ( 'NONE', #294 ) ;
#1713 = CARTESIAN_POINT ( 'NONE',  ( -0.2649999999999995100, 0.0000000000000000000, 0.1350000000000009200 ) ) ;
#1714 = ORIENTED_EDGE ( 'NONE', *, *, #54, .T. ) ;
#1715 = EDGE_LOOP ( 'NONE', ( #880, #1803, #1546, #1182 ) ) ;
#1716 = EDGE_LOOP ( 'NONE', ( #36, #1612, #551, #1349 ) ) ;
#1717 = DIRECTION ( 'NONE',  ( 0.0000000000000000000, 0.0000000000000000000, 1.000000000000000000 ) ) ;
#1718 = CARTESIAN_POINT ( 'NONE',  ( 0.2649999999999993500, 0.1000000000000000100, -0.2150000000000010800 ) ) ;
#1719 = AXIS2_PLACEMENT_3D ( 'NONE', #421, #1171, #102 ) ;
#1720 = ORIENTED_EDGE ( 'NONE', *, *, #1069, .F. ) ;
#1721 = EDGE_LOOP ( 'NONE', ( #950, #902, #99, #1758 ) ) ;
#1722 = DIRECTION ( 'NONE',  ( -1.000000000000000000, 0.0000000000000000000, 3.872150616019662200E-015 ) ) ;
#1723 = ORIENTED_EDGE ( 'NONE', *, *, #1113, .T. ) ;
#1724 = DIRECTION ( 'NONE',  ( 1.000000000000000000, 0.0000000000000000000, -3.872150616019666900E-015 ) ) ;
#1725 = CARTESIAN_POINT ( 'NONE',  ( -0.2649999999999996800, 0.0000000000000000000, 0.1000000000000009200 ) ) ;
#1726 = DIRECTION ( 'NONE',  ( 0.0000000000000000000, 1.000000000000000000, 0.0000000000000000000 ) ) ;
#1727 = ADVANCED_FACE ( 'NONE', ( #373 ), #65, .F. ) ;
#1728 = VECTOR ( 'NONE', #1068, 1000.000000000000000 ) ;
#1729 = FACE_OUTER_BOUND ( 'NONE', #854, .T. ) ;
#1730 = EDGE_CURVE ( 'NONE', #1216, #536, #151, .T. ) ;
#1731 = LINE ( 'NONE', #1598, #1416 ) ;
#1732 = LINE ( 'NONE', #582, #1709 ) ;
#1733 = AXIS2_PLACEMENT_3D ( 'NONE', #1608, #714, #1167 ) ;
#1734 = VECTOR ( 'NONE', #1027, 1000.000000000000000 ) ;
#1735 = ADVANCED_FACE ( 'NONE', ( #1219 ), #577, .T. ) ;
#1736 = CARTESIAN_POINT ( 'NONE',  ( -0.2999999999999991600, -0.0000000000000000000, 0.2150000000000010500 ) ) ;
#1737 = ORIENTED_EDGE ( 'NONE', *, *, #964, .F. ) ;
#1738 = CARTESIAN_POINT ( 'NONE',  ( 0.1500000000000007400, 0.1000000000000000100, 0.2149999999999993300 ) ) ;
#1739 = VERTEX_POINT ( 'NONE', #61 ) ;
#1740 = DIRECTION ( 'NONE',  ( -1.000000000000000000, 0.0000000000000000000, 3.566773156376849000E-015 ) ) ;
#1741 = VERTEX_POINT ( 'NONE', #1560 ) ;
#1742 = ORIENTED_EDGE ( 'NONE', *, *, #342, .T. ) ;
#1743 = ORIENTED_EDGE ( 'NONE', *, *, #54, .F. ) ;
#1744 = EDGE_CURVE ( 'NONE', #95, #237, #1290, .T. ) ;
#1745 = AXIS2_PLACEMENT_3D ( 'NONE', #841, #1897, #846 ) ;
#1746 = DIRECTION ( 'NONE',  ( -1.000000000000000000, 0.0000000000000000000, 3.872150616019660600E-015 ) ) ;
#1747 = COLOUR_RGB ( '',0.7921568627450980000, 0.8196078431372548800, 0.9333333333333333500 ) ;
#1748 = DIRECTION ( 'NONE',  ( 0.0000000000000000000, -1.000000000000000000, -0.0000000000000000000 ) ) ;
#1749 = LINE ( 'NONE', #497, #832 ) ;
#1750 = DIRECTION ( 'NONE',  ( 1.000000000000000000, 0.0000000000000000000, -4.169107696646573600E-015 ) ) ;
#1751 = LINE ( 'NONE', #1063, #1081 ) ;
#1752 = EDGE_CURVE ( 'NONE', #1570, #1492, #634, .T. ) ;
#1753 = DIRECTION ( 'NONE',  ( 1.000000000000000000, 0.0000000000000000000, -3.491481338843133400E-015 ) ) ;
#1754 = AXIS2_PLACEMENT_3D ( 'NONE', #1915, #1324, #1626 ) ;
#1755 = LINE ( 'NONE', #1787, #1631 ) ;
#1756 = PRESENTATION_LAYER_ASSIGNMENT (  '', '', ( #478 ) ) ;
#1757 = DIRECTION ( 'NONE',  ( -3.365411318786679200E-015, 0.0000000000000000000, -1.000000000000000000 ) ) ;
#1758 = ORIENTED_EDGE ( 'NONE', *, *, #1575, .T. ) ;
#1759 = EDGE_LOOP ( 'NONE', ( #749, #116, #1441, #1473 ) ) ;
#1760 = VERTEX_POINT ( 'NONE', #507 ) ;
#1761 = ORIENTED_EDGE ( 'NONE', *, *, #285, .T. ) ;
#1762 = ORIENTED_EDGE ( 'NONE', *, *, #488, .T. ) ;
#1763 = EDGE_CURVE ( 'NONE', #1760, #1260, #1666, .T. ) ;
#1764 = EDGE_LOOP ( 'NONE', ( #93, #1451, #988, #1902 ) ) ;
#1765 = PLANE ( 'NONE',  #85 ) ;
#1766 = FACE_BOUND ( 'NONE', #798, .T. ) ;
#1767 = SURFACE_STYLE_FILL_AREA ( #240 ) ;
#1768 = EDGE_CURVE ( 'NONE', #1773, #518, #520, .T. ) ;
#1769 = CYLINDRICAL_SURFACE ( 'NONE', #1954, 0.03499999999999998300 ) ;
#1770 = FACE_OUTER_BOUND ( 'NONE', #1377, .T. ) ;
#1771 = EDGE_CURVE ( 'NONE', #1066, #287, #1432, .T. ) ;
#1772 = CARTESIAN_POINT ( 'NONE',  ( -0.2999999999999994900, -0.0000000000000000000, 0.1350000000000010600 ) ) ;
#1773 = VERTEX_POINT ( 'NONE', #1104 ) ;
#1774 = ORIENTED_EDGE ( 'NONE', *, *, #1029, .T. ) ;
#1775 = ORIENTED_EDGE ( 'NONE', *, *, #983, .F. ) ;
#1776 = ORIENTED_EDGE ( 'NONE', *, *, #1744, .T. ) ;
#1777 = CARTESIAN_POINT ( 'NONE',  ( 0.1849999999999993000, 0.1000000000000000100, -0.2150000000000008000 ) ) ;
#1778 = VERTEX_POINT ( 'NONE', #653 ) ;
#1779 = EDGE_CURVE ( 'NONE', #1213, #395, #805, .T. ) ;
#1780 = ORIENTED_EDGE ( 'NONE', *, *, #1600, .F. ) ;
#1781 = CARTESIAN_POINT ( 'NONE',  ( 0.1849999999999991900, 0.0000000000000000000, -0.2500000000000008900 ) ) ;
#1782 = EDGE_CURVE ( 'NONE', #1494, #1430, #1022, .T. ) ;
#1783 = DIRECTION ( 'NONE',  ( -1.000000000000000000, 0.0000000000000000000, 3.872150616019660600E-015 ) ) ;
#1784 = VECTOR ( 'NONE', #1106, 1000.000000000000000 ) ;
#1786 = MANIFOLD_SOLID_BREP ( 'Body-Move/Copy1[3]', #600 ) ;
#1785 = AXIS2_PLACEMENT_3D ( 'NONE', #150, #1517, #1665 ) ;
#1787 = CARTESIAN_POINT ( 'NONE',  ( 0.1499999999999992700, 0.0000000000000000000, -0.2150000000000006600 ) ) ;
#1788 = CYLINDRICAL_SURFACE ( 'NONE', #47, 0.03500000000000003800 ) ;
#1789 = CARTESIAN_POINT ( 'NONE',  ( -0.3000000000000006600, 0.1000000000000000100, -0.2149999999999989400 ) ) ;
#1790 = FACE_OUTER_BOUND ( 'NONE', #926, .T. ) ;
#1791 = LINE ( 'NONE', #37, #275 ) ;
#1792 = DIRECTION ( 'NONE',  ( 3.239341298730225500E-015, 0.0000000000000000000, 1.000000000000000000 ) ) ;
#1793 = CARTESIAN_POINT ( 'NONE',  ( -0.05000000000000077300, 0.1000000000000000100, -0.2149999999999998300 ) ) ;
#1794 = ADVANCED_FACE ( 'NONE', ( #268 ), #1554, .T. ) ;
#1795 = EDGE_CURVE ( 'NONE', #1856, #188, #52, .T. ) ;
#1796 = FACE_OUTER_BOUND ( 'NONE', #1692, .T. ) ;
#1797 = DIRECTION ( 'NONE',  ( 0.0000000000000000000, -1.000000000000000000, -0.0000000000000000000 ) ) ;
#1798 = VERTEX_POINT ( 'NONE', #389 ) ;
#1799 = AXIS2_PLACEMENT_3D ( 'NONE', #1855, #1750, #384 ) ;
#1800 = PLANE ( 'NONE',  #611 ) ;
#1801 = ORIENTED_EDGE ( 'NONE', *, *, #960, .F. ) ;
#1802 = ORIENTED_EDGE ( 'NONE', *, *, #1130, .T. ) ;
#1803 = ORIENTED_EDGE ( 'NONE', *, *, #789, .F. ) ;
#1804 = ORIENTED_EDGE ( 'NONE', *, *, #488, .F. ) ;
#1805 = ORIENTED_EDGE ( 'NONE', *, *, #1495, .T. ) ;
#1806 = ADVANCED_FACE ( 'NONE', ( #1367 ), #640, .F. ) ;
#1807 = EDGE_LOOP ( 'NONE', ( #752, #779, #757, #1332, #411, #1097, #557, #306 ) ) ;
#1808 = CARTESIAN_POINT ( 'NONE',  ( 0.1849999999999993000, 0.1000000000000000100, -0.2150000000000008000 ) ) ;
#1809 = CIRCLE ( 'NONE', #439, 0.03499999999999998300 ) ;
#1810 = DIRECTION ( 'NONE',  ( -1.000000000000000000, 0.0000000000000000000, 3.872150616019654300E-015 ) ) ;
#1811 = DIRECTION ( 'NONE',  ( 0.0000000000000000000, -1.000000000000000000, 0.0000000000000000000 ) ) ;
#1812 = AXIS2_PLACEMENT_3D ( 'NONE', #1287, #218, #1436 ) ;
#1813 = CIRCLE ( 'NONE', #722, 0.03500000000000003800 ) ;
#1814 = DIRECTION ( 'NONE',  ( 0.0000000000000000000, 1.000000000000000000, 0.0000000000000000000 ) ) ;
#1815 = LINE ( 'NONE', #1927, #1843 ) ;
#1816 = CARTESIAN_POINT ( 'NONE',  ( 0.2649999999999993500, 0.1000000000000000100, -0.2150000000000010800 ) ) ;
#1817 = FACE_OUTER_BOUND ( 'NONE', #245, .T. ) ;
#1818 = LINE ( 'NONE', #1214, #479 ) ;
#1819 = PLANE ( 'NONE',  #1356 ) ;
#1820 = DIRECTION ( 'NONE',  ( 3.365411318786679200E-015, 0.0000000000000000000, 1.000000000000000000 ) ) ;
#1821 = EDGE_LOOP ( 'NONE', ( #1310, #433, #1850, #1067 ) ) ;
#1822 = EDGE_CURVE ( 'NONE', #95, #1308, #1697, .T. ) ;
#1823 = ORIENTED_EDGE ( 'NONE', *, *, #643, .F. ) ;
#1824 = CARTESIAN_POINT ( 'NONE',  ( -0.08500000000000047800, 0.0000000000000000000, -0.1349999999999997000 ) ) ;
#1825 = AXIS2_PLACEMENT_3D ( 'NONE', #652, #506, #807 ) ;
#1826 = ORIENTED_EDGE ( 'NONE', *, *, #1255, .F. ) ;
#1827 = DIRECTION ( 'NONE',  ( 0.0000000000000000000, 1.000000000000000000, 0.0000000000000000000 ) ) ;
#1828 = ORIENTED_EDGE ( 'NONE', *, *, #215, .T. ) ;
#1829 = DIRECTION ( 'NONE',  ( -1.000000000000000000, 0.0000000000000000000, 3.872150616019657500E-015 ) ) ;
#1830 = DIRECTION ( 'NONE',  ( -1.000000000000000000, 0.0000000000000000000, 3.872150616019654300E-015 ) ) ;
#1831 = VERTEX_POINT ( 'NONE', #1400 ) ;
#1832 = DIRECTION ( 'NONE',  ( -3.672181700924050500E-015, 0.0000000000000000000, -1.000000000000000000 ) ) ;
#1833 = FACE_OUTER_BOUND ( 'NONE', #573, .T. ) ;
#1834 = VECTOR ( 'NONE', #1841, 1000.000000000000000 ) ;
#1835 = EDGE_CURVE ( 'NONE', #118, #1398, #1791, .T. ) ;
#1836 = DIRECTION ( 'NONE',  ( 1.000000000000000000, 0.0000000000000000000, -3.566773156376849000E-015 ) ) ;
#1837 = ADVANCED_FACE ( 'NONE', ( #494 ), #335, .F. ) ;
#1838 = AXIS2_PLACEMENT_3D ( 'NONE', #1942, #1611, #867 ) ;
#1839 = DIRECTION ( 'NONE',  ( 3.322074749392273300E-015, 0.0000000000000000000, 1.000000000000000000 ) ) ;
#1840 = CARTESIAN_POINT ( 'NONE',  ( -0.08500000000000076900, 0.1000000000000000100, -0.2149999999999996900 ) ) ;
#1841 = DIRECTION ( 'NONE',  ( 0.0000000000000000000, -1.000000000000000000, 0.0000000000000000000 ) ) ;
#1842 = LINE ( 'NONE', #1197, #447 ) ;
#1843 = VECTOR ( 'NONE', #558, 1000.000000000000000 ) ;
#1844 = CARTESIAN_POINT ( 'NONE',  ( -0.04999999999999930900, 0.1000000000000000100, 0.2150000000000001600 ) ) ;
#1845 = VECTOR ( 'NONE', #1124, 1000.000000000000000 ) ;
#1846 = DIRECTION ( 'NONE',  ( 2.813854981039693100E-015, 0.0000000000000000000, 1.000000000000000000 ) ) ;
#1847 = VECTOR ( 'NONE', #1032, 1000.000000000000000 ) ;
#1848 = ADVANCED_FACE ( 'NONE', ( #868 ), #49, .F. ) ;
#1849 = EDGE_CURVE ( 'NONE', #884, #1286, #223, .T. ) ;
#1850 = ORIENTED_EDGE ( 'NONE', *, *, #689, .F. ) ;
#1851 = DIRECTION ( 'NONE',  ( -3.491481338843133400E-015, 0.0000000000000000000, -1.000000000000000000 ) ) ;
#1852 = CARTESIAN_POINT ( 'NONE',  ( 0.1500000000000007400, 0.1000000000000000100, 0.2149999999999993300 ) ) ;
#1853 = ORIENTED_EDGE ( 'NONE', *, *, #272, .F. ) ;
#1854 = AXIS2_PLACEMENT_3D ( 'NONE', #115, #97, #849 ) ;
#1855 = CARTESIAN_POINT ( 'NONE',  ( -0.2999999999999991600, 0.0000000000000000000, 0.2150000000000010500 ) ) ;
#1856 = VERTEX_POINT ( 'NONE', #20 ) ;
#1857 = SURFACE_SIDE_STYLE ('',( #1891 ) ) ;
#1858 = ORIENTED_EDGE ( 'NONE', *, *, #145, .F. ) ;
#1859 = STYLED_ITEM ( 'NONE', ( #101 ), #1786 ) ;
#1860 = CARTESIAN_POINT ( 'NONE',  ( 0.1849999999999993000, 0.1000000000000000100, -0.2150000000000008000 ) ) ;
#1861 = VERTEX_POINT ( 'NONE', #803 ) ;
#1862 = ORIENTED_EDGE ( 'NONE', *, *, #1172, .T. ) ;
#1863 = DIRECTION ( 'NONE',  ( 0.0000000000000000000, -1.000000000000000000, 0.0000000000000000000 ) ) ;
#1864 = ORIENTED_EDGE ( 'NONE', *, *, #538, .T. ) ;
#1865 = ADVANCED_FACE ( 'NONE', ( #1833 ), #1080, .T. ) ;
#1866 = CARTESIAN_POINT ( 'NONE',  ( -0.2649999999999991300, 0.1000000000000000100, 0.2500000000000008900 ) ) ;
#1867 = CARTESIAN_POINT ( 'NONE',  ( 0.1500000000000007400, 0.1000000000000000100, 0.2149999999999993300 ) ) ;
#1868 = EDGE_CURVE ( 'NONE', #1233, #1467, #1177, .T. ) ;
#1869 = DIRECTION ( 'NONE',  ( -1.000000000000000000, 0.0000000000000000000, 3.872150616019660600E-015 ) ) ;
#1870 = CIRCLE ( 'NONE', #1871, 0.03500000000000001000 ) ;
#1871 = AXIS2_PLACEMENT_3D ( 'NONE', #1455, #270, #716 ) ;
#1872 = DIRECTION ( 'NONE',  ( 1.000000000000000000, 0.0000000000000000000, -3.416189521309418100E-015 ) ) ;
#1873 = VECTOR ( 'NONE', #1872, 1000.000000000000000 ) ;
#1874 = ADVANCED_FACE ( 'NONE', ( #1790 ), #1378, .F. ) ;
#1875 = LINE ( 'NONE', #855, #1895 ) ;
#1876 = CARTESIAN_POINT ( 'NONE',  ( -0.2999999999999991600, 0.0000000000000000000, 0.2150000000000010500 ) ) ;
#1877 = DIRECTION ( 'NONE',  ( 0.0000000000000000000, 1.000000000000000000, 0.0000000000000000000 ) ) ;
#1878 = CIRCLE ( 'NONE', #1579, 0.03499999999999998300 ) ;
#1879 = ORIENTED_EDGE ( 'NONE', *, *, #355, .T. ) ;
#1880 = FILL_AREA_STYLE_COLOUR ( '', #198 ) ;
#1881 = VERTEX_POINT ( 'NONE', #1096 ) ;
#1882 = EDGE_CURVE ( 'NONE', #239, #341, #108, .T. ) ;
#1883 = EDGE_LOOP ( 'NONE', ( #1685, #1021, #1596, #1864, #310, #1168, #6, #844 ) ) ;
#1884 = FILL_AREA_STYLE_COLOUR ( '', #1136 ) ;
#1885 = DIRECTION ( 'NONE',  ( -1.000000000000000000, 0.0000000000000000000, 3.872150616019654300E-015 ) ) ;
#1886 = ADVANCED_FACE ( 'NONE', ( #351 ), #1071, .F. ) ;
#1887 = EDGE_CURVE ( 'NONE', #535, #164, #1627, .T. ) ;
#1888 = ORIENTED_EDGE ( 'NONE', *, *, #1200, .T. ) ;
#1889 = ORIENTED_EDGE ( 'NONE', *, *, #1431, .F. ) ;
#1890 = ORIENTED_EDGE ( 'NONE', *, *, #355, .F. ) ;
#1891 = SURFACE_STYLE_FILL_AREA ( #801 ) ;
#1892 = EDGE_CURVE ( 'NONE', #1468, #1121, #835, .T. ) ;
#1893 = VECTOR ( 'NONE', #878, 1000.000000000000000 ) ;
#1894 = CARTESIAN_POINT ( 'NONE',  ( 0.3000000000000007700, 0.0000000000000000000, 0.2149999999999987800 ) ) ;
#1895 = VECTOR ( 'NONE', #726, 1000.000000000000000 ) ;
#1896 = AXIS2_PLACEMENT_3D ( 'NONE', #1558, #1236, #1392 ) ;
#1897 = DIRECTION ( 'NONE',  ( 3.491481338843133400E-015, 0.0000000000000000000, 1.000000000000000000 ) ) ;
#1898 = FACE_OUTER_BOUND ( 'NONE', #1660, .T. ) ;
#1899 = CARTESIAN_POINT ( 'NONE',  ( 0.1850000000000008600, 0.1000000000000000100, 0.2499999999999992000 ) ) ;
#1900 = ORIENTED_EDGE ( 'NONE', *, *, #1929, .T. ) ;
#1901 = ORIENTED_EDGE ( 'NONE', *, *, #1141, .T. ) ;
#1902 = ORIENTED_EDGE ( 'NONE', *, *, #747, .T. ) ;
#1903 = CARTESIAN_POINT ( 'NONE',  ( -0.3000000000000004900, 0.0000000000000000000, -0.1349999999999989500 ) ) ;
#1904 = ORIENTED_EDGE ( 'NONE', *, *, #1936, .F. ) ;
#1905 = ORIENTED_EDGE ( 'NONE', *, *, #1453, .F. ) ;
#1906 = EDGE_CURVE ( 'NONE', #1520, #955, #1275, .T. ) ;
#1907 = VERTEX_POINT ( 'NONE', #44 ) ;
#1908 = PLANE ( 'NONE',  #109 ) ;
#1909 = VECTOR ( 'NONE', #1479, 1000.000000000000000 ) ;
#1910 = DIRECTION ( 'NONE',  ( 1.000000000000000000, 0.0000000000000000000, -3.491481338843133400E-015 ) ) ;
#1911 = CARTESIAN_POINT ( 'NONE',  ( 0.2650000000000007900, 0.0000000000000000000, 0.2149999999999989100 ) ) ;
#1912 = CARTESIAN_POINT ( 'NONE',  ( 0.1849999999999991900, 0.1000000000000000100, -0.2500000000000008900 ) ) ;
#1913 = CARTESIAN_POINT ( 'NONE',  ( -0.2650000000000008500, 0.0000000000000000000, -0.2499999999999990800 ) ) ;
#1914 = EDGE_CURVE ( 'NONE', #1213, #691, #1483, .T. ) ;
#1915 = CARTESIAN_POINT ( 'NONE',  ( -0.04999999999999953800, 0.1000000000000000100, 0.1350000000000001800 ) ) ;
#1916 = VECTOR ( 'NONE', #1313, 1000.000000000000000 ) ;
#1917 = AXIS2_PLACEMENT_3D ( 'NONE', #879, #1190, #283 ) ;
#1918 = FACE_OUTER_BOUND ( 'NONE', #363, .T. ) ;
#1919 = VECTOR ( 'NONE', #1702, 1000.000000000000000 ) ;
#1920 = PRESENTATION_LAYER_ASSIGNMENT (  '', '', ( #1859 ) ) ;
#1921 = DIRECTION ( 'NONE',  ( 1.000000000000000000, 0.0000000000000000000, -3.416189521309418100E-015 ) ) ;
#1922 = ORIENTED_EDGE ( 'NONE', *, *, #1835, .T. ) ;
#1923 = DIRECTION ( 'NONE',  ( 3.239341298730225500E-015, 0.0000000000000000000, 1.000000000000000000 ) ) ;
#1924 = VERTEX_POINT ( 'NONE', #1569 ) ;
#1925 = ORIENTED_EDGE ( 'NONE', *, *, #1620, .F. ) ;
#1926 = EDGE_LOOP ( 'NONE', ( #267, #1931, #1594, #1922 ) ) ;
#1927 = CARTESIAN_POINT ( 'NONE',  ( -0.04999999999999953800, -0.0000000000000000000, 0.1350000000000001800 ) ) ;
#1928 = VERTEX_POINT ( 'NONE', #1738 ) ;
#1929 = EDGE_CURVE ( 'NONE', #1798, #1288, #936, .T. ) ;
#1930 = CARTESIAN_POINT ( 'NONE',  ( -0.2649999999999991300, -0.0000000000000000000, 0.2500000000000008900 ) ) ;
#1931 = ORIENTED_EDGE ( 'NONE', *, *, #824, .F. ) ;
#1932 = AXIS2_PLACEMENT_3D ( 'NONE', #402, #693, #1757 ) ;
#1933 = DIRECTION ( 'NONE',  ( 1.000000000000000000, 0.0000000000000000000, -3.491481338843133400E-015 ) ) ;
#1934 = CIRCLE ( 'NONE', #1812, 0.03499999999999999600 ) ;
#1935 = DIRECTION ( 'NONE',  ( 0.0000000000000000000, 1.000000000000000000, 0.0000000000000000000 ) ) ;
#1936 = EDGE_CURVE ( 'NONE', #1117, #1140, #698, .T. ) ;
#1937 = CIRCLE ( 'NONE', #347, 0.03499999999999998300 ) ;
#1938 = LINE ( 'NONE', #1852, #1845 ) ;
#1939 = AXIS2_PLACEMENT_3D ( 'NONE', #713, #1298, #999 ) ;
#1940 = DIRECTION ( 'NONE',  ( -3.672181700924050500E-015, 0.0000000000000000000, -1.000000000000000000 ) ) ;
#1941 = ORIENTED_EDGE ( 'NONE', *, *, #1069, .T. ) ;
#1942 = CARTESIAN_POINT ( 'NONE',  ( -0.2649999999999995100, 0.1000000000000000100, 0.1350000000000009200 ) ) ;
#1943 = FILL_AREA_STYLE_COLOUR ( '', #1030 ) ;
#1944 = ORIENTED_EDGE ( 'NONE', *, *, #1380, .T. ) ;
#1945 = ORIENTED_EDGE ( 'NONE', *, *, #974, .T. ) ;
#1946 = CARTESIAN_POINT ( 'NONE',  ( 0.2999999999999993200, 0.1000000000000000100, -0.2150000000000012200 ) ) ;
#1947 = DIRECTION ( 'NONE',  ( -0.0000000000000000000, -1.000000000000000000, 0.0000000000000000000 ) ) ;
#1948 = ADVANCED_FACE ( 'NONE', ( #1675 ), #1320, .F. ) ;
#1949 = ORIENTED_EDGE ( 'NONE', *, *, #249, .T. ) ;
#1950 = VERTEX_POINT ( 'NONE', #72 ) ;
#1951 = DIRECTION ( 'NONE',  ( 0.0000000000000000000, 1.000000000000000000, 0.0000000000000000000 ) ) ;
#1952 =( NAMED_UNIT ( * ) SI_UNIT ( $, .STERADIAN. ) SOLID_ANGLE_UNIT ( ) );
#1953 = ORIENTED_EDGE ( 'NONE', *, *, #386, .F. ) ;
#1954 = AXIS2_PLACEMENT_3D ( 'NONE', #1911, #1621, #244 ) ;
#1955 =( GEOMETRIC_REPRESENTATION_CONTEXT ( 3 ) GLOBAL_UNCERTAINTY_ASSIGNED_CONTEXT ( ( #935 ) ) GLOBAL_UNIT_ASSIGNED_CONTEXT ( ( #200, #956, #667 ) ) REPRESENTATION_CONTEXT ( 'NONE', 'WORKASPACE' ) );
#1956 = CARTESIAN_POINT ( 'NONE',  ( -0.2999999999999994900, 0.0000000000000000000, 0.1350000000000010600 ) ) ;
#1957 = CARTESIAN_POINT ( 'NONE',  ( -0.08500000000000078300, 0.1000000000000000100, -0.2149999999999996900 ) ) ;
#1958 = ADVANCED_FACE ( 'NONE', ( #69 ), #1538, .F. ) ;
#1959 = DIRECTION ( 'NONE',  ( 1.000000000000000000, 0.0000000000000000000, -2.813854981039693500E-015 ) ) ;
#1960 = VECTOR ( 'NONE', #682, 1000.000000000000000 ) ;
#1961 = CYLINDRICAL_SURFACE ( 'NONE', #79, 0.03500000000000001000 ) ;
#1962 = CIRCLE ( 'NONE', #1825, 0.03499999999999999600 ) ;
#1963 = CARTESIAN_POINT ( 'NONE',  ( -0.2650000000000004600, 0.0000000000000000000, -0.1349999999999990900 ) ) ;
ENDSEC;
END-ISO-10303-21;
